Plant Name,Operator Name,Plant State,"Reported
Fuel Type Code",Quantity,Netgen
Barry,Alabama Power Co,AL,NG,"41,646","397,842"
Barry,Alabama Power Co,AL,NG,"7,803,343","791,439"
Barry,Alabama Power Co,AL,BIT,"44,058","74,700"
Barry,Alabama Power Co,AL,NG,"679,765","59,224"
Barry,Alabama Power Co,AL,SUB,0,0
Greene County,Alabama Power Co,AL,DFO,"3,574","1,247"
Greene County,Alabama Power Co,AL,NG,"20,157","1,252"
Greene County,Alabama Power Co,AL,NG,"583,895","55,508"
E C Gaston,Alabama Power Co,AL,DFO,156,35
E C Gaston,Alabama Power Co,AL,BIT,"80,186","148,090"
E C Gaston,Alabama Power Co,AL,NG,"260,557","22,176"
Browns Ferry,Tennessee Valley Authority,AL,NUC,0,"729,985"
Browns Ferry,Tennessee Valley Authority,AL,NUC,0,"946,042"
Browns Ferry,Tennessee Valley Authority,AL,NUC,0,"899,362"
J K Smith,"East Kentucky Power Coop, Inc",KY,DFO,3,1
J K Smith,"East Kentucky Power Coop, Inc",KY,NG,"1,482,880","125,533"
Lowman Energy Center,PowerSouth Energy Cooperative,AL,NG,0,"112,098"
Lowman Energy Center,PowerSouth Energy Cooperative,AL,NG,"2,061,569","221,726"
Whelan Energy Center,City of Hastings - (NE),NE,DFO,482,262
Whelan Energy Center,City of Hastings - (NE),NE,RC,0,0
Whelan Energy Center,City of Hastings - (NE),NE,SUB,"111,074","171,614"
Beluga,Chugach Electric Assn Inc,AK,NG,"84,673","4,559"
J S Eastwood,Southern California Edison Co,CA,WAT,0,0
Holcomb,Sunflower Electric Power Corp,KS,NG,"5,980",591
Holcomb,Sunflower Electric Power Corp,KS,SUB,"104,306","164,189"
Cholla,Arizona Public Service Co,AZ,BIT,0,0
Cholla,Arizona Public Service Co,AZ,DFO,4,2
Cholla,Arizona Public Service Co,AZ,NG,145,12
Cholla,Arizona Public Service Co,AZ,SUB,"135,583","236,495"
Ocotillo,Arizona Public Service Co,AZ,NG,"593,116","62,436"
West Phoenix,Arizona Public Service Co,AZ,NG,0,"4,553"
West Phoenix,Arizona Public Service Co,AZ,NG,"1,068,484","110,279"
West Phoenix,Arizona Public Service Co,AZ,DFO,0,0
West Phoenix,Arizona Public Service Co,AZ,NG,"581,976","65,693"
West Phoenix,Arizona Public Service Co,AZ,DFO,.,.
West Phoenix,Arizona Public Service Co,AZ,NG,0,0
Yucca,Arizona Public Service Co,AZ,DFO,207,82
Yucca,Arizona Public Service Co,AZ,NG,"252,251","17,809"
Yucca,Arizona Public Service Co,AZ,NG,0,0
Yucca,Arizona Public Service Co,AZ,RFO,0,0
H Wilson Sundt Generating Station,Tucson Electric Power Co,AZ,DFO,0,0
H Wilson Sundt Generating Station,Tucson Electric Power Co,AZ,NG,0,0
H Wilson Sundt Generating Station,Tucson Electric Power Co,AZ,NG,"473,891","55,060"
H Wilson Sundt Generating Station,Tucson Electric Power Co,AZ,NG,0,0
H Wilson Sundt Generating Station,Tucson Electric Power Co,AZ,RFO,0,0
Cross,South Carolina Public Service Authority,SC,BIT,"329,294","748,572"
Cross,South Carolina Public Service Authority,SC,DFO,"7,308","3,959"
Cross,South Carolina Public Service Authority,SC,PC,0,0
Seminole (FL),Seminole Electric Cooperative Inc,FL,NG,0,"249,872"
Seminole (FL),Seminole Electric Cooperative Inc,FL,NG,"4,687,324","512,728"
Seminole (FL),Seminole Electric Cooperative Inc,FL,BIT,"118,738","268,783"
Seminole (FL),Seminole Electric Cooperative Inc,FL,DFO,"1,521",809
Agua Fria,Salt River Project,AZ,MWH,"2,409",-419
Agua Fria,Salt River Project,AZ,DFO,0,0
Agua Fria,Salt River Project,AZ,NG,"3,657",374
Agua Fria,Salt River Project,AZ,SUN,0,0
Agua Fria,Salt River Project,AZ,DFO,0,0
Agua Fria,Salt River Project,AZ,NG,0,0
Horse Mesa,Salt River Project,AZ,WAT,0,380
Horse Mesa,Salt River Project,AZ,WAT,112,-89
Kyrene,Salt River Project,AZ,NG,0,"23,760"
Kyrene,Salt River Project,AZ,NG,"506,943","47,520"
Kyrene,Salt River Project,AZ,DFO,61,20
Kyrene,Salt River Project,AZ,NG,"3,208",184
Mormon Flat,Salt River Project,AZ,WAT,0,192
Mormon Flat,Salt River Project,AZ,WAT,43,-43
Glen Canyon Dam,U S Bureau of Reclamation,AZ,WAT,0,"293,322"
Hoover Dam (NV),U S Bureau of Reclamation,NV,WAT,0,"50,660"
Apache Station,Arizona Electric Pwr Coop Inc,AZ,DFO,0,0
Apache Station,Arizona Electric Pwr Coop Inc,AZ,NG,"103,488","10,260"
Apache Station,Arizona Electric Pwr Coop Inc,AZ,BIT,0,0
Apache Station,Arizona Electric Pwr Coop Inc,AZ,NG,"1,354,561","128,156"
Apache Station,Arizona Electric Pwr Coop Inc,AZ,SUB,"24,810","40,684"
GREC,Grand River Dam Authority,OK,NG,0,"64,271"
GREC,Grand River Dam Authority,OK,NG,"1,326,962","139,551"
GREC,Grand River Dam Authority,OK,NG,"59,955","4,697"
GREC,Grand River Dam Authority,OK,SUB,"96,232","123,010"
Degray,USCE -Vickburg District,AR,WAT,0,"19,115"
Degray,USCE -Vickburg District,AR,WAT,0,"19,115"
Clinton Power Station,Constellation Nuclear,IL,NUC,0,"815,580"
Wolf Creek Generating Station,Wolf Creek Nuclear Optg Corp,KS,NUC,0,"912,547"
Belden,Pacific Gas & Electric Co.,CA,WAT,0,0
Caribou 2,Pacific Gas & Electric Co.,CA,WAT,0,"37,810"
Electra,Pacific Gas & Electric Co.,CA,WAT,0,"30,221"
Haas,Pacific Gas & Electric Co.,CA,WAT,0,"40,907"
Humboldt Bay,Pacific Gas & Electric Co.,CA,DFO,140,90
Humboldt Bay,Pacific Gas & Electric Co.,CA,NG,"232,610","27,914"
Humboldt Bay,Pacific Gas & Electric Co.,CA,OBG,0,0
James B Black,Pacific Gas & Electric Co.,CA,WAT,0,"53,166"
Dynegy Moss Landing Power Plant Hybrid,Dynegy -Moss Landing LLC,CA,MWH,"43,138","-7,578"
Dynegy Moss Landing Power Plant Hybrid,Dynegy -Moss Landing LLC,CA,NG,0,"187,417"
Dynegy Moss Landing Power Plant Hybrid,Dynegy -Moss Landing LLC,CA,NG,"3,732,733","363,680"
Pit 4,Pacific Gas & Electric Co.,CA,WAT,0,"6,250"
Pit 5,Pacific Gas & Electric Co.,CA,WAT,0,"54,383"
Pit 7,Pacific Gas & Electric Co.,CA,WAT,0,"42,540"
Poe,Pacific Gas & Electric Co.,CA,WAT,0,"62,413"
Rock Creek,Pacific Gas & Electric Co.,CA,WAT,0,"48,655"
Geysers Unit 5-20,Geysers Power Co LLC,CA,GEO,0,"367,416"
Limestone,NRG Texas Power LLC,TX,LIG,0,0
Limestone,NRG Texas Power LLC,TX,NG,"61,903","5,180"
Limestone,NRG Texas Power LLC,TX,PC,0,0
Limestone,NRG Texas Power LLC,TX,SUB,"460,944","637,232"
AES Alamitos LLC,AES Alamitos LLC,CA,NG,"2,240",105
Big Creek 3,Southern California Edison Co,CA,WAT,0,"52,637"
Big Creek 4,Southern California Edison Co,CA,WAT,0,"26,617"
Big Creek 2A,Southern California Edison Co,CA,WAT,0,"38,007"
AES Huntington Beach LLC,AES Huntington Beach LLC,CA,NG,0,0
Mammoth Pool,Southern California Edison Co,CA,WAT,0,"37,568"
Ormond Beach,"Ormond Beach Power, LLC",CA,NG,"8,041",96
AES Redondo Beach LLC,AES Redondo Beach LLC,CA,NG,0,0
Mountainview Generating Station,Southern California Edison Co,CA,NG,"109,741","147,924"
Mountainview Generating Station,Southern California Edison Co,CA,NG,"2,749,013","232,982"
Columbia Generating Station,Energy Northwest,WA,NUC,0,"858,425"
Grayson,City of Glendale - (CA),CA,NG,"6,502",667
Dion R Holm,City & County of San Francisco,CA,WAT,0,"38,283"
Moccasin,City & County of San Francisco,CA,WAT,0,"1,750"
R C Kirkwood,City & County of San Francisco,CA,WAT,0,"1,819"
El Centro Hybrid,Imperial Irrigation District,CA,MWH,504,-237
El Centro Hybrid,Imperial Irrigation District,CA,DFO,0,0
El Centro Hybrid,Imperial Irrigation District,CA,NG,0,"21,990"
El Centro Hybrid,Imperial Irrigation District,CA,DFO,0,0
El Centro Hybrid,Imperial Irrigation District,CA,NG,"504,686","44,501"
El Centro Hybrid,Imperial Irrigation District,CA,NG,0,-62
El Centro Hybrid,Imperial Irrigation District,CA,RFO,0,0
Castaic,Los Angeles Department of Water & Power,CA,WAT,0,0
Castaic,Los Angeles Department of Water & Power,CA,WAT,"46,424","-6,069"
Harbor,Los Angeles Department of Water & Power,CA,DFO,0,0
Harbor,Los Angeles Department of Water & Power,CA,NG,0,0
Harbor,Los Angeles Department of Water & Power,CA,OBG,0,0
Harbor,Los Angeles Department of Water & Power,CA,DFO,0,0
Harbor,Los Angeles Department of Water & Power,CA,NG,0,-56
Harbor,Los Angeles Department of Water & Power,CA,OBG,0,0
Harbor,Los Angeles Department of Water & Power,CA,DFO,0,0
Harbor,Los Angeles Department of Water & Power,CA,NG,"47,030","4,614"
Harbor,Los Angeles Department of Water & Power,CA,OBG,0,0
Haynes,Los Angeles Department of Water & Power,CA,DFO,0,0
Haynes,Los Angeles Department of Water & Power,CA,NG,0,"93,086"
Haynes,Los Angeles Department of Water & Power,CA,OBG,0,0
Haynes,Los Angeles Department of Water & Power,CA,DFO,0,0
Haynes,Los Angeles Department of Water & Power,CA,NG,"1,772,497","163,822"
Haynes,Los Angeles Department of Water & Power,CA,OBG,0,0
Haynes,Los Angeles Department of Water & Power,CA,NG,"277,887","29,895"
Haynes,Los Angeles Department of Water & Power,CA,OBG,0,0
Haynes,Los Angeles Department of Water & Power,CA,NG,"199,494","16,963"
Haynes,Los Angeles Department of Water & Power,CA,OBG,0,0
Haynes,Los Angeles Department of Water & Power,CA,RFO,0,0
Scattergood,Los Angeles Department of Water & Power,CA,NG,0,-176
Scattergood,Los Angeles Department of Water & Power,CA,OG,0,0
Scattergood,Los Angeles Department of Water & Power,CA,NG,0,-96
Scattergood,Los Angeles Department of Water & Power,CA,OG,0,0
Scattergood,Los Angeles Department of Water & Power,CA,NG,"344,471","38,507"
Scattergood,Los Angeles Department of Water & Power,CA,OBG,0,0
Scattergood,Los Angeles Department of Water & Power,CA,NG,0,0
Scattergood,Los Angeles Department of Water & Power,CA,OBG,0,0
Valley (CA),Los Angeles Department of Water & Power,CA,DFO,0,0
Valley (CA),Los Angeles Department of Water & Power,CA,NG,0,"11,145"
Valley (CA),Los Angeles Department of Water & Power,CA,OBG,0,0
Valley (CA),Los Angeles Department of Water & Power,CA,DFO,0,0
Valley (CA),Los Angeles Department of Water & Power,CA,NG,"213,362","19,277"
Valley (CA),Los Angeles Department of Water & Power,CA,OBG,0,0
Valley (CA),Los Angeles Department of Water & Power,CA,DFO,0,0
Valley (CA),Los Angeles Department of Water & Power,CA,NG,"20,961","1,995"
Valley (CA),Los Angeles Department of Water & Power,CA,OBG,0,0
Middle Fork,Placer County Water Agency,CA,WAT,0,"33,328"
Camino,Sacramento Municipal Util Dist,CA,WAT,0,"6,971"
Jaybird,Sacramento Municipal Util Dist,CA,WAT,0,"10,291"
White Rock/Slab Creek,Sacramento Municipal Util Dist,CA,WAT,0,"21,763"
Devil Canyon,California Dept. of Water Resources,CA,WAT,0,"32,664"
Edward C Hyatt,California Dept. of Water Resources,CA,WAT,0,"76,835"
Edward C Hyatt,California Dept. of Water Resources,CA,WAT,0,0
Thermalito,California Dept. of Water Resources,CA,WAT,0,"4,074"
Thermalito,California Dept. of Water Resources,CA,WAT,0,"5,922"
Don Pedro,Turlock Irrigation District,CA,WAT,0,"13,568"
Folsom,U S Bureau of Reclamation,CA,WAT,0,"26,982"
Judge F Carr,U S Bureau of Reclamation,CA,WAT,0,-8
Keswick,U S Bureau of Reclamation,CA,WAT,0,"22,274"
Shasta,U S Bureau of Reclamation,CA,WAT,0,"98,077"
ONeill,U S Bureau of Reclamation,CA,WAT,"11,300","-11,300"
Parker Dam,U S Bureau of Reclamation,CA,WAT,0,"12,132"
W R Gianelli,California Dept. of Water Resources,CA,WAT,"29,030","-28,810"
Spring Creek,U S Bureau of Reclamation,CA,WAT,0,"35,586"
Trinity,U S Bureau of Reclamation,CA,WAT,0,"5,191"
Colgate,Yuba County Water Agency,CA,WAT,0,"33,877"
Cabin Creek,Public Service Co of Colorado,CO,WAT,350,"10,594"
Cherokee,Public Service Co of Colorado,CO,NG,0,"109,431"
Cherokee,Public Service Co of Colorado,CO,NG,"2,031,550","193,610"
Cherokee,Public Service Co of Colorado,CO,BIT,0,0
Cherokee,Public Service Co of Colorado,CO,NG,"142,909","10,764"
Comanche (CO),Public Service Co of Colorado,CO,NG,"82,831","8,207"
Comanche (CO),Public Service Co of Colorado,CO,SUB,"284,085","503,198"
Valmont,Public Service Co of Colorado,CO,NG,"17,008","1,369"
South Plant,City of Colorado Springs - (CO),CO,ANT,.,.
South Plant,City of Colorado Springs - (CO),CO,BIT,.,.
South Plant,City of Colorado Springs - (CO),CO,DFO,"1,154",625
South Plant,City of Colorado Springs - (CO),CO,NG,"38,497","3,802"
South Plant,City of Colorado Springs - (CO),CO,SUB,.,.
South Plant,City of Colorado Springs - (CO),CO,BIT,0,0
South Plant,City of Colorado Springs - (CO),CO,NG,0,0
South Plant,City of Colorado Springs - (CO),CO,SUB,0,0
George Birdsall,City of Colorado Springs - (CO),CO,DFO,0,0
George Birdsall,City of Colorado Springs - (CO),CO,NG,2,0
Flatiron,U S Bureau of Reclamation,CO,WAT,0,0
Flatiron,U S Bureau of Reclamation,CO,WAT,0,234
Hayden,Public Service Co of Colorado,CO,BIT,"121,824","253,609"
Hayden,Public Service Co of Colorado,CO,DFO,72,41
Hayden,Public Service Co of Colorado,CO,NG,"1,704",175
McWilliams,PowerSouth Energy Cooperative,AL,DFO,0,0
McWilliams,PowerSouth Energy Cooperative,AL,NG,0,"72,837"
McWilliams,PowerSouth Energy Cooperative,AL,DFO,0,0
McWilliams,PowerSouth Energy Cooperative,AL,NG,"1,823,259","161,628"
Rocky River (CT),FirstLight Power Resources Services LLC,CT,WAT,176,"3,172"
Northfield Mountain,"FirstLight Power Resources, Inc. - MA",MA,WAT,"70,584","-16,074"
Rainbow (CT),Farmington River Power Company,CT,WAT,0,"2,756"
Stanton Energy Center,Orlando Utilities Comm,FL,DFO,0,0
Stanton Energy Center,Orlando Utilities Comm,FL,NG,"50,243","62,983"
Stanton Energy Center,Orlando Utilities Comm,FL,DFO,0,0
Stanton Energy Center,Orlando Utilities Comm,FL,NG,"1,191,444","108,928"
Stanton Energy Center,Orlando Utilities Comm,FL,BIT,"99,581","197,708"
Stanton Energy Center,Orlando Utilities Comm,FL,LFG,"22,931","1,047"
Stanton Energy Center,Orlando Utilities Comm,FL,NG,"376,297","32,646"
Millstone,Dominion Energy Nuclear Conn Inc,CT,NUC,0,"643,918"
Millstone,Dominion Energy Nuclear Conn Inc,CT,NUC,0,"619,863"
Bridgeport Station,"Generation Bridge II Connecticut, LLC",CT,NG,0,0
Bridgeport Station,"Generation Bridge II Connecticut, LLC",CT,DFO,0,0
Bridgeport Station,"Generation Bridge II Connecticut, LLC",CT,NG,"1,725,247","270,773"
Bridgeport Station,"Generation Bridge II Connecticut, LLC",CT,KER,0,0
J C McNeil,City of Burlington Electric - (VT),VT,DFO,0,0
J C McNeil,City of Burlington Electric - (VT),VT,NG,"1,161",83
J C McNeil,City of Burlington Electric - (VT),VT,WDS,"45,625","29,765"
Indian River Generating Station,Indian River Operations Inc,DE,DFO,26,-19
Indian River Generating Station,Indian River Operations Inc,DE,RFO,.,.
Indian River Generating Station,Indian River Operations Inc,DE,SUB,.,.
Indian River Generating Station,Indian River Operations Inc,DE,BIT,"13,008","17,949"
Indian River Generating Station,Indian River Operations Inc,DE,DFO,"1,609",549
Brandon Shores,Brandon Shores LLC,MD,BIT,"96,800","218,581"
Brandon Shores,Brandon Shores LLC,MD,DFO,"5,635","2,824"
Brandon Shores,Brandon Shores LLC,MD,RC,0,0
Fredonia,Puget Sound Energy Inc,WA,DFO,"8,597","4,411"
Fredonia,Puget Sound Energy Inc,WA,NG,"1,229,762","120,833"
Cape Canaveral,Florida Power & Light Co,FL,DFO,0,332
Cape Canaveral,Florida Power & Light Co,FL,NG,0,"207,469"
Cape Canaveral,Florida Power & Light Co,FL,DFO,"1,059",609
Cape Canaveral,Florida Power & Light Co,FL,NG,"3,803,051","380,969"
Fort Myers,Florida Power & Light Co,FL,DFO,0,0
Fort Myers,Florida Power & Light Co,FL,NG,0,"289,438"
Fort Myers,Florida Power & Light Co,FL,DFO,0,0
Fort Myers,Florida Power & Light Co,FL,NG,"5,802,884","522,604"
Fort Myers,Florida Power & Light Co,FL,DFO,0,0
Fort Myers,Florida Power & Light Co,FL,NG,"53,524","5,084"
Lauderdale,Florida Power & Light Co,FL,DFO,571,277
Lauderdale,Florida Power & Light Co,FL,NG,"54,534","4,599"
Port Everglades,Florida Power & Light Co,FL,DFO,0,0
Port Everglades,Florida Power & Light Co,FL,NG,0,"38,511"
Port Everglades,Florida Power & Light Co,FL,DFO,0,0
Port Everglades,Florida Power & Light Co,FL,NG,"923,193","91,734"
Port Everglades,Florida Power & Light Co,FL,DFO,0,0
Port Everglades,Florida Power & Light Co,FL,NG,0,0
Riviera,Florida Power & Light Co,FL,DFO,0,324
Riviera,Florida Power & Light Co,FL,NG,0,"169,445"
Riviera,Florida Power & Light Co,FL,DFO,"1,139",679
Riviera,Florida Power & Light Co,FL,NG,"3,425,284","355,538"
Sanford,Florida Power & Light Co,FL,DFO,0,0
Sanford,Florida Power & Light Co,FL,NG,0,"83,855"
Sanford,Florida Power & Light Co,FL,DFO,0,0
Sanford,Florida Power & Light Co,FL,NG,"1,788,293","160,598"
Turkey Point,Florida Power & Light Co,FL,DFO,0,15
Turkey Point,Florida Power & Light Co,FL,NG,0,"204,042"
Turkey Point,Florida Power & Light Co,FL,DFO,49,25
Turkey Point,Florida Power & Light Co,FL,NG,"3,736,519","339,751"
Turkey Point,Florida Power & Light Co,FL,NG,0,0
Turkey Point,Florida Power & Light Co,FL,NUC,0,"652,867"
Turkey Point,Florida Power & Light Co,FL,NUC,0,"654,315"
Turkey Point,Florida Power & Light Co,FL,RFO,0,0
Crystal River,"Duke Energy Florida, LLC",FL,NG,"300,857","439,361"
Crystal River,"Duke Energy Florida, LLC",FL,NG,"7,503,818","748,672"
Crystal River,"Duke Energy Florida, LLC",FL,BIT,"148,920","323,311"
Crystal River,"Duke Energy Florida, LLC",FL,DFO,"4,937","2,727"
P L Bartow,"Duke Energy Florida, LLC",FL,DFO,0,0
P L Bartow,"Duke Energy Florida, LLC",FL,NG,"68,090","161,963"
P L Bartow,"Duke Energy Florida, LLC",FL,DFO,0,0
P L Bartow,"Duke Energy Florida, LLC",FL,NG,"3,595,550","311,871"
P L Bartow,"Duke Energy Florida, LLC",FL,RFO,0,0
P L Bartow,"Duke Energy Florida, LLC",FL,DFO,843,308
P L Bartow,"Duke Energy Florida, LLC",FL,NG,"19,330","1,270"
Gulf Clean Energy Center,Florida Power & Light Co,FL,DFO,.,.
Gulf Clean Energy Center,Florida Power & Light Co,FL,DFO,0,0
Gulf Clean Energy Center,Florida Power & Light Co,FL,NG,.,.
Gulf Clean Energy Center,Florida Power & Light Co,FL,NG,"422,862","43,340"
Gulf Clean Energy Center,Florida Power & Light Co,FL,BIT,.,.
Gulf Clean Energy Center,Florida Power & Light Co,FL,BIT,0,0
Gulf Clean Energy Center,Florida Power & Light Co,FL,DFO,.,.
Gulf Clean Energy Center,Florida Power & Light Co,FL,DFO,0,0
Gulf Clean Energy Center,Florida Power & Light Co,FL,NG,.,.
Gulf Clean Energy Center,Florida Power & Light Co,FL,NG,"2,222,585","177,042"
Lansing Smith,Florida Power & Light Co,FL,NG,.,.
Lansing Smith,Florida Power & Light Co,FL,NG,0,"139,588"
Lansing Smith,Florida Power & Light Co,FL,NG,.,.
Lansing Smith,Florida Power & Light Co,FL,NG,"2,732,051","265,943"
Lansing Smith,Florida Power & Light Co,FL,DFO,.,.
Lansing Smith,Florida Power & Light Co,FL,DFO,0,0
Big Bend,Tampa Electric Co,FL,MWH,0,0
Big Bend,Tampa Electric Co,FL,NG,0,"217,236"
Big Bend,Tampa Electric Co,FL,NG,"4,199,972","460,364"
Big Bend,Tampa Electric Co,FL,DFO,0,0
Big Bend,Tampa Electric Co,FL,NG,"5,093",352
Big Bend,Tampa Electric Co,FL,SUN,0,896
Big Bend,Tampa Electric Co,FL,BIT,"15,647","32,875"
Big Bend,Tampa Electric Co,FL,DFO,0,0
Big Bend,Tampa Electric Co,FL,NG,"677,585","65,127"
Big Bend,Tampa Electric Co,FL,PC,0,0
Vogtle,Georgia Power Co,GA,NUC,0,"882,667"
Vogtle,Georgia Power Co,GA,NUC,0,"847,925"
Vogtle,Georgia Power Co,GA,NUC,0,"710,150"
Vogtle,Georgia Power Co,GA,NUC,.,.
Deerhaven Generating Station,Gainesville Regional Utilities,FL,DFO,2,-16
Deerhaven Generating Station,Gainesville Regional Utilities,FL,NG,40,-56
Deerhaven Generating Station,Gainesville Regional Utilities,FL,BIT,238,509
Deerhaven Generating Station,Gainesville Regional Utilities,FL,NG,"957,802","83,686"
Deerhaven Generating Station,Gainesville Regional Utilities,FL,RFO,0,0
Northside Generating Station,JEA,FL,DFO,114,26
Northside Generating Station,JEA,FL,BIT,"2,133","4,054"
Northside Generating Station,JEA,FL,LFG,0,0
Northside Generating Station,JEA,FL,NG,"2,023,419","183,958"
Northside Generating Station,JEA,FL,PC,"16,426","41,488"
Northside Generating Station,JEA,FL,RFO,"1,920","1,045"
Northside Generating Station,JEA,FL,WDS,111,108
C D McIntosh Jr,City of Lakeland - (FL),FL,NG,0,"69,074"
C D McIntosh Jr,City of Lakeland - (FL),FL,NG,"1,461,477","132,825"
C D McIntosh Jr,City of Lakeland - (FL),FL,DFO,0,0
C D McIntosh Jr,City of Lakeland - (FL),FL,NG,396,0
C D McIntosh Jr,City of Lakeland - (FL),FL,DFO,0,0
Kerckhoff 2,Pacific Gas & Electric Co.,CA,WAT,0,0
Arvah B Hopkins,City of Tallahassee - (FL),FL,DFO,0,0
Arvah B Hopkins,City of Tallahassee - (FL),FL,NG,0,"43,257"
Arvah B Hopkins,City of Tallahassee - (FL),FL,DFO,0,0
Arvah B Hopkins,City of Tallahassee - (FL),FL,NG,"988,336","88,332"
Arvah B Hopkins,City of Tallahassee - (FL),FL,DFO,83,39
Arvah B Hopkins,City of Tallahassee - (FL),FL,NG,"7,523",618
Arvah B Hopkins,City of Tallahassee - (FL),FL,NG,"90,413","10,674"
Bowen,Georgia Power Co,GA,BIT,"495,861","1,179,255"
Bowen,Georgia Power Co,GA,DFO,"3,057","1,791"
Bowen,Georgia Power Co,GA,SUB,.,.
Jack McDonough,Georgia Power Co,GA,DFO,0,568
Jack McDonough,Georgia Power Co,GA,NG,"383,016","606,867"
Jack McDonough,Georgia Power Co,GA,DFO,"1,939","1,110"
Jack McDonough,Georgia Power Co,GA,NG,"11,287,351","1,147,054"
Jack McDonough,Georgia Power Co,GA,DFO,214,38
Jack McDonough,Georgia Power Co,GA,NG,0,0
Kahe,Hawaiian Electric Co Inc,HI,DFO,0,0
Kahe,Hawaiian Electric Co Inc,HI,PG,0,0
Kahe,Hawaiian Electric Co Inc,HI,RFO,"368,025","214,857"
Waiau,Hawaiian Electric Co Inc,HI,DFO,"50,561","20,087"
Waiau,Hawaiian Electric Co Inc,HI,DFO,0,0
Waiau,Hawaiian Electric Co Inc,HI,PG,0,0
Waiau,Hawaiian Electric Co Inc,HI,RFO,"204,736","110,944"
Puueo,Hawaii Electric Light Co Inc,HI,WAT,0,0
Waiau Hydro,Hawaii Electric Light Co Inc,HI,WAT,0,0
Salmon Diesel,Idaho Power Co,ID,DFO,0,0
Dresden Generating Station,Constellation Nuclear,IL,NUC,0,"696,034"
Dresden Generating Station,Constellation Nuclear,IL,NUC,0,"688,655"
Kincaid Generation LLC,Dynegy Kincaid Generation,IL,NG,"13,162","1,145"
Kincaid Generation LLC,Dynegy Kincaid Generation,IL,RC,0,0
Kincaid Generation LLC,Dynegy Kincaid Generation,IL,SUB,"171,109","253,379"
Powerton,Midwest Generations EME LLC,IL,BIT,0,0
Powerton,Midwest Generations EME LLC,IL,NG,"12,752","1,125"
Powerton,Midwest Generations EME LLC,IL,SUB,"238,472","347,136"
Quad Cities Generating Station,Constellation Nuclear,IL,NUC,0,"702,585"
Quad Cities Generating Station,Constellation Nuclear,IL,NUC,0,"688,002"
Waukegan,Midwest Generations EME LLC,IL,DFO,225,-207
Waukegan,Midwest Generations EME LLC,IL,NG,0,0
Waukegan,Midwest Generations EME LLC,IL,SUB,0,0
Baldwin Energy Complex,Dynegy Midwest Generation Inc,IL,DFO,925,505
Baldwin Energy Complex,Dynegy Midwest Generation Inc,IL,OTH,0,0
Baldwin Energy Complex,Dynegy Midwest Generation Inc,IL,RC,0,0
Baldwin Energy Complex,Dynegy Midwest Generation Inc,IL,SUB,"428,090","709,211"
Geneseo,City of Geneseo - (IL),IL,DFO,10,-30
Geneseo,City of Geneseo - (IL),IL,NG,1,-1
Geneseo,City of Geneseo - (IL),IL,SUN,0,25
Geneseo,City of Geneseo - (IL),IL,WND,0,315
Peru (IL),City of Peru - (IL),IL,JF,0,0
Peru (IL),City of Peru - (IL),IL,WAT,0,907
Peru (IL),City of Peru - (IL),IL,DFO,14,9
Rantoul,Village of Rantoul - (IL),IL,DFO,18,8
Rantoul,Village of Rantoul - (IL),IL,NG,0,0
North Ninth Street,Rochelle Municipal Utilities,IL,DFO,0,0
North Ninth Street,Rochelle Municipal Utilities,IL,NG,0,0
North Ninth Street,Rochelle Municipal Utilities,IL,SUN,0,6
Dallman,City of Springfield - (IL),IL,BIT,"49,458","91,976"
Dallman,City of Springfield - (IL),IL,NG,"4,636",404
Sullivan (IL),City of Sullivan - (IL),IL,DFO,9,5
Sullivan (IL),City of Sullivan - (IL),IL,NG,0,0
Marion,Southern Illinois Power Coop,IL,DFO,0,0
Marion,Southern Illinois Power Coop,IL,NG,"52,042","4,033"
Marion,Southern Illinois Power Coop,IL,BIT,"43,494","70,333"
Marion,Southern Illinois Power Coop,IL,DFO,11,4
Marion,Southern Illinois Power Coop,IL,PC,0,0
Clifty Creek,Indiana-Kentucky Electric Corp,IN,BIT,"258,535","544,826"
Clifty Creek,Indiana-Kentucky Electric Corp,IN,DFO,783,417
Clifty Creek,Indiana-Kentucky Electric Corp,IN,SUB,"4,568","9,600"
Harding Street,AES Indiana,IN,MWH,0,0
Harding Street,AES Indiana,IN,DFO,"2,646","1,149"
Harding Street,AES Indiana,IN,NG,"842,683","66,884"
Harding Street,AES Indiana,IN,DFO,18,10
Harding Street,AES Indiana,IN,BIT,0,0
Harding Street,AES Indiana,IN,DFO,0,0
Harding Street,AES Indiana,IN,NG,"3,077,364","277,419"
Eagle Valley (IN),AES Indiana,IN,NG,0,"178,857"
Eagle Valley (IN),AES Indiana,IN,NG,"3,272,207","333,273"
CC Perry K,Citizens Thermal Energy,IN,BIT,.,.
CC Perry K,Citizens Thermal Energy,IN,BIT,0,0
CC Perry K,Citizens Thermal Energy,IN,DFO,.,.
CC Perry K,Citizens Thermal Energy,IN,DFO,0,0
CC Perry K,Citizens Thermal Energy,IN,NG,.,.
CC Perry K,Citizens Thermal Energy,IN,NG,"405,361","1,131"
AES Petersburg,AES Indiana,IN,DFO,7,4
AES Petersburg,AES Indiana,IN,BIT,"210,757","421,460"
AES Petersburg,AES Indiana,IN,DFO,"1,354",714
Michigan City,Northern Indiana Pub Serv Co,IN,BIT,"16,140","38,764"
Michigan City,Northern Indiana Pub Serv Co,IN,NG,"7,447",723
Michigan City,Northern Indiana Pub Serv Co,IN,SUB,"91,460","151,017"
Cayuga,"Duke Energy Indiana, LLC",IN,DFO,95,46
Cayuga,"Duke Energy Indiana, LLC",IN,NG,"43,727","3,820"
Cayuga,"Duke Energy Indiana, LLC",IN,DFO,100,66
Cayuga,"Duke Energy Indiana, LLC",IN,BIT,"221,441","476,880"
Cayuga,"Duke Energy Indiana, LLC",IN,DFO,448,252
Edwardsport,"Duke Energy Indiana, LLC",IN,BIT,"32,812","28,576"
Edwardsport,"Duke Energy Indiana, LLC",IN,NG,0,"13,997"
Edwardsport,"Duke Energy Indiana, LLC",IN,SGC,0,"79,173"
Edwardsport,"Duke Energy Indiana, LLC",IN,BIT,0,0
Edwardsport,"Duke Energy Indiana, LLC",IN,NG,"317,281","18,252"
Edwardsport,"Duke Energy Indiana, LLC",IN,SGC,"8,199,744","103,243"
F B Culley,Southern Indiana Gas & Elec Co,IN,BIT,"101,469","210,455"
F B Culley,Southern Indiana Gas & Elec Co,IN,NG,"34,904","3,321"
Butler-Warner Generation Plant,Fayetteville Public Works Commission,NC,MWH,65,-15
Butler-Warner Generation Plant,Fayetteville Public Works Commission,NC,DFO,0,-120
Butler-Warner Generation Plant,Fayetteville Public Works Commission,NC,NG,0,-130
Butler-Warner Generation Plant,Fayetteville Public Works Commission,NC,DFO,"4,868","1,844"
Butler-Warner Generation Plant,Fayetteville Public Works Commission,NC,NG,"29,726","1,995"
Butler-Warner Generation Plant,Fayetteville Public Works Commission,NC,DFO,"1,119",414
Butler-Warner Generation Plant,Fayetteville Public Works Commission,NC,NG,"4,153",273
Butler-Warner Generation Plant,Fayetteville Public Works Commission,NC,SUN,0,105
Crawfordsville Power Plant,Crawfordsville Energy LLC,IN,DFO,0,0
Crawfordsville Power Plant,Crawfordsville Energy LLC,IN,BIT,0,0
Crawfordsville Power Plant,Crawfordsville Energy LLC,IN,KER,0,0
Crawfordsville Power Plant,Crawfordsville Energy LLC,IN,NG,0,0
Crawfordsville Power Plant,Crawfordsville Energy LLC,IN,WDS,0,0
Iowa Hydro LLC,Renewable World Energies LLC,IA,WAT,0,159
Prairie Creek,Interstate Power and Light Co,IA,NG,0,0
Prairie Creek,Interstate Power and Light Co,IA,SUB,"6,247","4,611"
Walter Scott Jr Energy Center,MidAmerican Energy Co,IA,DFO,"10,411","5,511"
Walter Scott Jr Energy Center,MidAmerican Energy Co,IA,NG,"11,540","1,092"
Walter Scott Jr Energy Center,MidAmerican Energy Co,IA,RC,0,0
Walter Scott Jr Energy Center,MidAmerican Energy Co,IA,SUB,"371,923","612,588"
George Neal North,MidAmerican Energy Co,IA,NG,"15,035","1,301"
George Neal North,MidAmerican Energy Co,IA,RC,0,0
George Neal North,MidAmerican Energy Co,IA,SUB,"59,583","86,267"
Burlington (IA),Interstate Power and Light Co,IA,NG,628,30
Burlington (IA),Interstate Power and Light Co,IA,NG,0,"-1,233"
Burlington (IA),Interstate Power and Light Co,IA,SUB,0,0
Muscatine Plant #1,Board of Water Electric & Communications,IA,DFO,.,.
Muscatine Plant #1,Board of Water Electric & Communications,IA,DFO,8,4
Muscatine Plant #1,Board of Water Electric & Communications,IA,NG,.,.
Muscatine Plant #1,Board of Water Electric & Communications,IA,NG,"2,122",189
Muscatine Plant #1,Board of Water Electric & Communications,IA,RC,.,.
Muscatine Plant #1,Board of Water Electric & Communications,IA,RC,0,0
Muscatine Plant #1,Board of Water Electric & Communications,IA,SUB,.,.
Muscatine Plant #1,Board of Water Electric & Communications,IA,SUB,"43,190","57,484"
Fort Dodge,Sunflower Electric Power Corp,KS,NG,"73,086","5,504"
Fort Dodge,Sunflower Electric Power Corp,KS,RFO,0,0
Riverton,Empire District Electric Co,KS,NG,0,"54,070"
Riverton,Empire District Electric Co,KS,NG,"1,091,774","101,688"
Riverton,Empire District Electric Co,KS,DFO,17,5
Riverton,Empire District Electric Co,KS,NG,"3,213",177
Gordon Evans Energy Center,"Evergy Kansas South, Inc",KS,DFO,"16,396","8,101"
Gordon Evans Energy Center,"Evergy Kansas South, Inc",KS,NG,"137,065","11,629"
Gordon Evans Energy Center,"Evergy Kansas South, Inc",KS,DFO,3,2
La Cygne,Evergy Metro,KS,BIT,0,0
La Cygne,Evergy Metro,KS,DFO,"6,865","3,497"
La Cygne,Evergy Metro,KS,SUB,"464,936","734,654"
Lawrence Energy Center,"Evergy Kansas Central, Inc",KS,NG,"40,694","3,491"
Lawrence Energy Center,"Evergy Kansas Central, Inc",KS,SUB,"135,698","204,913"
E W Brown,Kentucky Utilities Co,KY,DFO,0,0
E W Brown,Kentucky Utilities Co,KY,NG,"415,687","34,156"
E W Brown,Kentucky Utilities Co,KY,SUN,0,347
E W Brown,Kentucky Utilities Co,KY,BIT,"67,171","126,357"
E W Brown,Kentucky Utilities Co,KY,DFO,0,0
Ghent,Kentucky Utilities Co,KY,BIT,"455,013","1,000,536"
Ghent,Kentucky Utilities Co,KY,DFO,"1,418",762
Ghent,Kentucky Utilities Co,KY,RC,0,0
Ghent,Kentucky Utilities Co,KY,SUB,0,0
Cane Run,Louisville Gas & Electric Co,KY,NG,0,"127,847"
Cane Run,Louisville Gas & Electric Co,KY,NG,"2,359,808","233,275"
Cane Run,Louisville Gas & Electric Co,KY,DFO,0,0
Cane Run,Louisville Gas & Electric Co,KY,NG,0,0
Mill Creek (KY),Louisville Gas & Electric Co,KY,BIT,"352,231","781,321"
Mill Creek (KY),Louisville Gas & Electric Co,KY,NG,"31,802","3,275"
Mill Creek (KY),Louisville Gas & Electric Co,KY,RC,0,0
Paddys Run,Louisville Gas & Electric Co,KY,NG,"112,880","9,465"
Kentucky Dam,Tennessee Valley Authority,KY,WAT,0,"104,594"
Paradise,Tennessee Valley Authority,KY,NG,"1,690,102","248,961"
Paradise,Tennessee Valley Authority,KY,BIT,0,0
Paradise,Tennessee Valley Authority,KY,NG,"3,073,177","452,695"
Paradise,Tennessee Valley Authority,KY,NG,0,0
Shawnee,Tennessee Valley Authority,KY,BIT,0,0
Shawnee,Tennessee Valley Authority,KY,DFO,"2,169","1,105"
Shawnee,Tennessee Valley Authority,KY,SUB,"359,193","568,314"
Cooper,"East Kentucky Power Coop, Inc",KY,BIT,"55,715","115,314"
Cooper,"East Kentucky Power Coop, Inc",KY,DFO,438,236
Louisiana 1,Entergy Louisiana LLC,LA,NG,"2,201,542","194,613"
Louisiana 1,Entergy Louisiana LLC,LA,OG,"74,526","6,089"
Louisiana 1,Entergy Louisiana LLC,LA,DFO,0,0
Louisiana 1,Entergy Louisiana LLC,LA,NG,"74,526","4,973"
Louisiana 1,Entergy Louisiana LLC,LA,OG,"1,333,267","82,225"
R S Nelson,Entergy Louisiana LLC,LA,DFO,393,216
R S Nelson,Entergy Louisiana LLC,LA,NG,0,0
R S Nelson,Entergy Louisiana LLC,LA,PC,0,0
R S Nelson,Entergy Louisiana LLC,LA,SUB,"195,182","318,307"
Coughlin Power Station,Cleco Power LLC,LA,NG,"960,063","129,524"
Coughlin Power Station,Cleco Power LLC,LA,NG,"1,947,518","262,725"
Little Gypsy,Entergy Louisiana LLC,LA,DFO,0,0
Little Gypsy,Entergy Louisiana LLC,LA,NG,"348,492","31,145"
Nine Mile Point,Entergy Louisiana LLC,LA,DFO,0,0
Nine Mile Point,Entergy Louisiana LLC,LA,NG,"23,286","135,510"
Nine Mile Point,Entergy Louisiana LLC,LA,DFO,0,0
Nine Mile Point,Entergy Louisiana LLC,LA,NG,"2,641,234","258,732"
Nine Mile Point,Entergy Louisiana LLC,LA,DFO,0,0
Nine Mile Point,Entergy Louisiana LLC,LA,NG,"3,112,980","300,235"
William F Wyman Hybrid,FPL Energy Wyman LLC,ME,MWH,336,-74
William F Wyman Hybrid,FPL Energy Wyman LLC,ME,DFO,181,102
William F Wyman Hybrid,FPL Energy Wyman LLC,ME,RFO,"13,646","8,452"
Herbert A Wagner,H.A. Wagner LLC,MD,DFO,0,0
Herbert A Wagner,H.A. Wagner LLC,MD,RFO,.,.
Herbert A Wagner,H.A. Wagner LLC,MD,BIT,0,0
Herbert A Wagner,H.A. Wagner LLC,MD,DFO,"36,145","14,254"
Herbert A Wagner,H.A. Wagner LLC,MD,NG,"39,458","2,848"
Herbert A Wagner,H.A. Wagner LLC,MD,RC,0,0
Herbert A Wagner,H.A. Wagner LLC,MD,RFO,0,0
Perryman,"Constellation Power Source Generation, LLC",MD,DFO,"3,267","1,295"
Perryman,"Constellation Power Source Generation, LLC",MD,NG,"30,972","2,172"
Chalk Point Power,"Lanyard Power Holdings, LLC",MD,BIT,.,.
Chalk Point Power,"Lanyard Power Holdings, LLC",MD,DFO,"2,640","1,214"
Chalk Point Power,,MD,DFO,.,.
Chalk Point Power,"Lanyard Power Holdings, LLC",MD,NG,"78,910","6,627"
Chalk Point Power,,MD,NG,.,.
Chalk Point Power,"Lanyard Power Holdings, LLC",MD,DFO,0,0
Chalk Point Power,,MD,DFO,.,.
Chalk Point Power,"Lanyard Power Holdings, LLC",MD,NG,"300,597","23,081"
Chalk Point Power,,MD,NG,.,.
Chalk Point Power,"Lanyard Power Holdings, LLC",MD,RFO,0,0
Chalk Point Power,,MD,RFO,.,.
Dickerson Power,"Lanyard Power Holdings, LLC",MD,DFO,"1,791",735
Dickerson Power,,MD,DFO,.,.
Dickerson Power,"Lanyard Power Holdings, LLC",MD,NG,"80,541","6,000"
Dickerson Power,,MD,NG,.,.
Morgantown Generating Plant,"Lanyard Power Holdings, LLC",MD,BIT,0,0
Morgantown Generating Plant,"Lanyard Power Holdings, LLC",MD,DFO,0,-144
Conowingo,"Constellation Power, Inc",MD,WAT,0,"283,844"
Easton,Easton Utilities Comm,MD,DFO,191,-69
Easton,Easton Utilities Comm,MD,NG,0,0
Mystic Generating Station,Constellation Mystic Power LLC,MA,NG,"9,859","129,238"
Mystic Generating Station,Constellation Mystic Power LLC,MA,NG,"2,850,954","256,552"
Mystic Generating Station,Constellation Mystic Power LLC,MA,DFO,0,0
Kendall Square Station,"Kendall Green Energy, LLC",MA,DFO,0,0
Kendall Square Station,"Kendall Green Energy, LLC",MA,NG,"20,469","15,223"
Kendall Square Station,"Kendall Green Energy, LLC",MA,DFO,0,0
Kendall Square Station,"Kendall Green Energy, LLC",MA,NG,"1,347,013","133,522"
Kendall Square Station,"Kendall Green Energy, LLC",MA,RFO,0,0
Kendall Square Station,"Kendall Green Energy, LLC",MA,DFO,57,21
Canal,Canal Generating LLC,MA,DFO,0,0
Canal,Canal Generating LLC,MA,NG,0,0
Canal,Canal Generating LLC,MA,DFO,114,73
Canal,Canal Generating LLC,MA,NG,"7,861",889
Canal,Canal Generating LLC,MA,RFO,"39,741","27,491"
Dan E Karn,Consumers Energy Co - (MI),MI,BIT,.,.
Dan E Karn,Consumers Energy Co - (MI),MI,DFO,0,0
Dan E Karn,Consumers Energy Co - (MI),MI,NG,"390,529","21,045"
Dan E Karn,Consumers Energy Co - (MI),MI,RFO,167,53
Dan E Karn,Consumers Energy Co - (MI),MI,SUB,0,0
J H Campbell,Consumers Energy Co - (MI),MI,BIT,0,0
J H Campbell,Consumers Energy Co - (MI),MI,DFO,"1,964","1,148"
J H Campbell,Consumers Energy Co - (MI),MI,SUB,"410,544","734,759"
Ludington,Consumers Energy Co - (MI),MI,WAT,"205,400","-49,789"
Fermi,DTE Electric Company,MI,DFO,111,-28
Fermi,DTE Electric Company,MI,NUC,0,"634,915"
Monroe (MI),DTE Electric Company,MI,DFO,10,-38
Monroe (MI),DTE Electric Company,MI,BIT,"101,413","193,892"
Monroe (MI),DTE Electric Company,MI,DFO,"9,365","5,396"
Monroe (MI),DTE Electric Company,MI,PC,"61,902","118,338"
Monroe (MI),DTE Electric Company,MI,SUB,"460,747","880,858"
River Rouge,DTE Electric Company,MI,BIT,0,0
River Rouge,DTE Electric Company,MI,DFO,0,0
River Rouge,DTE Electric Company,MI,NG,0,0
River Rouge,DTE Electric Company,MI,SUB,0,0
St Clair,DTE Electric Company,MI,DFO,0,0
St Clair,DTE Electric Company,MI,NG,0,-7
St Clair,DTE Electric Company,MI,RC,.,.
St Clair,DTE Electric Company,MI,RFO,.,.
St Clair,DTE Electric Company,MI,DFO,0,-7
St Clair,DTE Electric Company,MI,RC,0,0
St Clair,DTE Electric Company,MI,RFO,0,0
Wilmot,DTE Electric Company,MI,DFO,74,-1
Wyandotte,Wyandotte Municipal Serv Comm,MI,DFO,5,4
Wyandotte,Wyandotte Municipal Serv Comm,MI,BIT,0,0
Wyandotte,Wyandotte Municipal Serv Comm,MI,NG,0,0
Wyandotte,Wyandotte Municipal Serv Comm,MI,TDF,0,0
Clay Boswell,"ALLETE, Inc.",MN,DFO,0,0
Clay Boswell,"ALLETE, Inc.",MN,NG,"1,988",189
Clay Boswell,"ALLETE, Inc.",MN,RC,0,0
Clay Boswell,"ALLETE, Inc.",MN,SUB,"367,172","608,919"
M L Hibbard,"ALLETE, Inc.",MN,NG,"2,628",158
M L Hibbard,"ALLETE, Inc.",MN,SUB,"3,349","3,575"
M L Hibbard,"ALLETE, Inc.",MN,WDS,"23,068","11,149"
High Bridge,Northern States Power Co - Minnesota,MN,NG,"725,365","125,929"
High Bridge,Northern States Power Co - Minnesota,MN,NG,"1,211,007","205,566"
Allen S King,Northern States Power Co - Minnesota,MN,DFO,322,190
Allen S King,Northern States Power Co - Minnesota,MN,NG,"5,801",639
Allen S King,Northern States Power Co - Minnesota,MN,SUB,"173,749","304,951"
Monticello Nuclear Facility,Northern States Power Co - Minnesota,MN,NUC,0,"489,290"
Prairie Island,Northern States Power Co - Minnesota,MN,NUC,0,"-20,884"
Prairie Island,Northern States Power Co - Minnesota,MN,NUC,0,"-54,825"
Red Wing,Northern States Power Co - Minnesota,MN,MSB,"11,443","4,491"
Red Wing,Northern States Power Co - Minnesota,MN,MSN,"7,317","5,489"
Red Wing,Northern States Power Co - Minnesota,MN,NG,"2,718",144
Red Wing,Northern States Power Co - Minnesota,MN,WDS,904,481
Riverside (MN),Northern States Power Co - Minnesota,MN,DFO,0,0
Riverside (MN),Northern States Power Co - Minnesota,MN,NG,0,"86,530"
Riverside (MN),Northern States Power Co - Minnesota,MN,DFO,0,0
Riverside (MN),Northern States Power Co - Minnesota,MN,NG,"1,747,967","171,509"
Wilmarth,Northern States Power Co - Minnesota,MN,MSB,"6,517","2,594"
Wilmarth,Northern States Power Co - Minnesota,MN,MSN,"4,166","3,170"
Wilmarth,Northern States Power Co - Minnesota,MN,NG,150,8
Elk River,Great River Energy,MN,DFO,0,0
Elk River,Great River Energy,MN,NG,"8,725",793
Chevron Oil,Mississippi Power Co,MS,BIT,0,0
Chevron Oil,Mississippi Power Co,MS,DFO,0,0
Chevron Oil,Mississippi Power Co,MS,NG,"1,411,118","106,705"
Jack Watson,Mississippi Power Co,MS,NG,"4,703",353
Jack Watson,Mississippi Power Co,MS,NG,"1,415,981","134,162"
Baxter Wilson,Entergy Mississippi LLC,MS,DFO,0,0
Baxter Wilson,Entergy Mississippi LLC,MS,NG,0,0
Baxter Wilson,Entergy Mississippi LLC,MS,RFO,0,0
Moselle,Cooperative Energy,MS,NG,"95,067","68,106"
Moselle,Cooperative Energy,MS,NG,"1,364,389","116,582"
Moselle,Cooperative Energy,MS,DFO,0,0
Moselle,Cooperative Energy,MS,NG,"81,009","6,773"
Moselle,Cooperative Energy,MS,NG,"14,096","1,269"
Moselle,Cooperative Energy,MS,RFO,0,0
Hawthorn,Evergy Metro,MO,NG,0,0
Hawthorn,Evergy Metro,MO,NG,0,0
Hawthorn,Evergy Metro,MO,NG,"290,022","24,651"
Hawthorn,Evergy Metro,MO,NG,"159,543","14,980"
Hawthorn,Evergy Metro,MO,SUB,"116,163","195,426"
Lake Road (MO),Evergy Missouri West,MO,DFO,"6,812","1,765"
Lake Road (MO),Evergy Missouri West,MO,NG,"18,280",816
Lake Road (MO),Evergy Missouri West,MO,DFO,"8,838",142
Lake Road (MO),Evergy Missouri West,MO,NG,"139,645",387
Lake Road (MO),Evergy Missouri West,MO,PG,0,0
Lake Road (MO),Evergy Missouri West,MO,SUB,"9,839",485
Lake Road (MO),Evergy Missouri West,MO,TDF,0,0
Labadie,Union Electric Co - (MO),MO,DFO,"1,651",926
Labadie,Union Electric Co - (MO),MO,RC,0,0
Labadie,Union Electric Co - (MO),MO,SUB,"915,869","1,591,876"
Sioux,Union Electric Co - (MO),MO,BIT,"57,059","125,561"
Sioux,Union Electric Co - (MO),MO,DFO,"1,402",805
Sioux,Union Electric Co - (MO),MO,RC,0,0
Sioux,Union Electric Co - (MO),MO,SUB,"135,589","240,809"
Taum Sauk,Union Electric Co - (MO),MO,WAT,"20,915","-6,364"
James River Power Station,City Utilities of Springfield - (MO),MO,DFO,"17,441","7,566"
James River Power Station,City Utilities of Springfield - (MO),MO,NG,"38,928","3,005"
New Madrid,"Associated Electric Coop, Inc",MO,DFO,590,351
New Madrid,"Associated Electric Coop, Inc",MO,RC,"412,820","724,737"
New Madrid,"Associated Electric Coop, Inc",MO,SUB,0,0
Thomas Hill,"Associated Electric Coop, Inc",MO,DFO,"2,725","1,576"
Thomas Hill,"Associated Electric Coop, Inc",MO,RC,"473,583","816,655"
Thomas Hill,"Associated Electric Coop, Inc",MO,SUB,0,0
Sheldon,Nebraska Public Power District,NE,NG,"1,212",109
Sheldon,Nebraska Public Power District,NE,SUB,"68,736","102,313"
North Omaha,Omaha Public Power District,NE,NG,"44,465","3,924"
North Omaha,Omaha Public Power District,NE,SUB,"71,729","102,205"
Clark (NVE),Nevada Power Co,NV,NG,0,"12,597"
Clark (NVE),Nevada Power Co,NV,NG,"364,480","28,584"
Clark (NVE),Nevada Power Co,NV,NG,"135,050","13,019"
Reid Gardner,Nevada Power Co,NV,MWH,.,.
Fort Churchill,Sierra Pacific Power Co,NV,NG,"459,560","40,094"
Tracy,Sierra Pacific Power Co,NV,NG,"4,140","110,230"
Tracy,Sierra Pacific Power Co,NV,NG,"2,536,390","232,844"
Tracy,Sierra Pacific Power Co,NV,NG,"84,500","6,397"
Tracy,Sierra Pacific Power Co,NV,NG,0,-20
Merrimack,Granite Shore Power,NH,JF,0,0
Merrimack,Granite Shore Power,NH,RFO,.,.
Merrimack,Granite Shore Power,NH,BIT,"12,062","28,596"
Merrimack,Granite Shore Power,NH,DFO,72,38
Merrimack,Granite Shore Power,NH,RFO,.,.
Schiller,Granite Shore Power,NH,JF,0,0
Schiller,Granite Shore Power,NH,NG,0,0
Schiller,Granite Shore Power,NH,BIT,0,0
Schiller,Granite Shore Power,NH,DFO,0,0
Schiller,Granite Shore Power,NH,NG,0,0
Schiller,Granite Shore Power,NH,OBS,0,0
Schiller,Granite Shore Power,NH,RFO,0,0
Schiller,Granite Shore Power,NH,WDS,0,0
Bergen Generating Station,Bergen Generating Station,NJ,KER,0,"1,190"
Bergen Generating Station,Bergen Generating Station,NJ,NG,"1,303","49,227"
Bergen Generating Station,Bergen Generating Station,NJ,KER,"5,145","2,304"
Bergen Generating Station,Bergen Generating Station,NJ,NG,"1,161,993","95,238"
PSEG Linden Generating Station,Linden Combined Cycle,NJ,DFO,0,251
PSEG Linden Generating Station,Linden Combined Cycle,NJ,NG,"119,951","167,551"
PSEG Linden Generating Station,Linden Combined Cycle,NJ,DFO,923,466
PSEG Linden Generating Station,Linden Combined Cycle,NJ,NG,"3,302,931","299,288"
PSEG Linden Generating Station,Linden Combined Cycle,NJ,DFO,"1,070",410
PSEG Linden Generating Station,Linden Combined Cycle,NJ,NG,"12,799",881
PSEG Salem Generating Station,PSEG Nuclear LLC,NJ,DFO,0,0
PSEG Salem Generating Station,PSEG Nuclear LLC,NJ,KER,0,0
PSEG Salem Generating Station,PSEG Nuclear LLC,NJ,NUC,0,"876,027"
PSEG Salem Generating Station,PSEG Nuclear LLC,NJ,NUC,0,"863,702"
PSEG Sewaren Generating Station,Sewaren Generating Station,NJ,DFO,0,169
PSEG Sewaren Generating Station,Sewaren Generating Station,NJ,NG,"150,580","98,084"
PSEG Sewaren Generating Station,Sewaren Generating Station,NJ,DFO,590,354
PSEG Sewaren Generating Station,Sewaren Generating Station,NJ,NG,"1,754,912","189,309"
PSEG Sewaren Generating Station,Sewaren Generating Station,NJ,RFO,0,0
Howard Down,City of Vineland - (NJ),NJ,BIT,0,0
Howard Down,City of Vineland - (NJ),NJ,DFO,0,0
Howard Down,City of Vineland - (NJ),NJ,NG,"11,390","1,017"
Howard Down,City of Vineland - (NJ),NJ,RFO,0,0
Four Corners,Arizona Public Service Co,NM,BIT,"506,912","940,080"
Four Corners,Arizona Public Service Co,NM,NG,"188,779","20,035"
Four Corners,Arizona Public Service Co,NM,SUB,0,0
Rio Grande,El Paso Electric Co,NM,NG,"194,986","21,512"
Rio Grande,El Paso Electric Co,NM,NG,"430,517","40,103"
Maddox,Southwestern Public Service Co,NM,NG,278,0
Maddox,Southwestern Public Service Co,NM,NG,"445,113","43,653"
Reeves,Public Service Co of NM,NM,BIT,0,0
Reeves,Public Service Co of NM,NM,DFO,0,0
Reeves,Public Service Co of NM,NM,NG,"24,331","1,629"
Cunningham,Southwestern Public Service Co,NM,NG,"588,348","51,872"
Cunningham,Southwestern Public Service Co,NM,NG,"642,423","41,486"
Arthur Kill Generating Station,NRG Arthur Kill Operations Inc,NY,NG,"1,750",97
Arthur Kill Generating Station,NRG Arthur Kill Operations Inc,NY,NG,"703,882","65,868"
East River,Consolidated Edison Co-NY Inc,NY,DFO,0,0
East River,Consolidated Edison Co-NY Inc,NY,NG,"2,388,231","231,110"
East River,Consolidated Edison Co-NY Inc,NY,DFO,0,0
East River,Consolidated Edison Co-NY Inc,NY,NG,"577,972","47,896"
East River,Consolidated Edison Co-NY Inc,NY,RFO,0,0
Ravenswood,Ravenswood Operations LLC,NY,KER,0,0
Ravenswood,Ravenswood Operations LLC,NY,NG,0,0
Ravenswood,Ravenswood Operations LLC,NY,DFO,.,.
Ravenswood,Ravenswood Operations LLC,NY,KER,"7,785","6,077"
Ravenswood,Ravenswood Operations LLC,NY,NG,"1,228,460","172,789"
Ravenswood,Ravenswood Operations LLC,NY,KER,0,0
Ravenswood,Ravenswood Operations LLC,NY,NG,0,0
Ravenswood,Ravenswood Operations LLC,NY,DFO,0,-17
Ravenswood,Ravenswood Operations LLC,NY,KER,.,.
Ravenswood,Ravenswood Operations LLC,NY,NG,0,"-2,856"
E F Barrett,National Grid Generation LLC,NY,DFO,437,159
E F Barrett,National Grid Generation LLC,NY,NG,"85,613","5,562"
E F Barrett,National Grid Generation LLC,NY,NG,"910,831","85,672"
E F Barrett,National Grid Generation LLC,NY,RFO,0,0
Northport,National Grid Generation LLC,NY,DFO,6,-17
Northport,National Grid Generation LLC,NY,NG,"1,973,270","187,285"
Northport,National Grid Generation LLC,NY,RFO,"71,954","41,586"
Port Jefferson,National Grid Generation LLC,NY,DFO,0,0
Port Jefferson,National Grid Generation LLC,NY,KER,93,45
Port Jefferson,National Grid Generation LLC,NY,NG,"21,130","1,819"
Port Jefferson,National Grid Generation LLC,NY,NG,"174,540","13,100"
Port Jefferson,National Grid Generation LLC,NY,RFO,"16,835","7,748"
Bethlehem Energy Center,Generation Bridge II New York LLC,NY,KER,0,0
Bethlehem Energy Center,Generation Bridge II New York LLC,NY,NG,0,0
Bethlehem Energy Center,Generation Bridge II New York LLC,NY,KER,0,0
Bethlehem Energy Center,Generation Bridge II New York LLC,NY,NG,"3,740,902","361,411"
Nine Mile Point Nuclear Station,Constellation Nuclear,NY,NUC,0,"468,963"
Nine Mile Point Nuclear Station,Constellation Nuclear,NY,NUC,0,"926,558"
Oswego Harbor Power,Oswego Harbor Power,NY,DFO,0,0
Oswego Harbor Power,Oswego Harbor Power,NY,NG,0,0
Oswego Harbor Power,Oswego Harbor Power,NY,RFO,"16,074","6,707"
Bowline Point,"Bowline, LLC",NY,NG,"1,567,500","161,163"
Bowline Point,"Bowline, LLC",NY,RFO,0,0
Blenheim Gilboa,New York Power Authority,NY,WAT,"29,454","-5,668"
Lewiston Niagara,New York Power Authority,NY,WAT,"50,935","-16,970"
Robert Moses Niagara,New York Power Authority,NY,WAT,0,"1,436,356"
Robert Moses Power Dam,New York Power Authority,NY,WAT,0,"605,089"
Asheville,Duke Energy Progress - (NC),NC,DFO,0,0
Asheville,Duke Energy Progress - (NC),NC,NG,0,"120,934"
Asheville,Duke Energy Progress - (NC),NC,BIT,0,0
Asheville,Duke Energy Progress - (NC),NC,DFO,0,0
Asheville,Duke Energy Progress - (NC),NC,NG,"2,224,382","237,959"
Asheville,Duke Energy Progress - (NC),NC,DFO,"15,628","7,768"
Asheville,Duke Energy Progress - (NC),NC,NG,"240,482","21,267"
Roxboro,Duke Energy Progress - (NC),NC,BIT,"309,018","734,304"
Roxboro,Duke Energy Progress - (NC),NC,DFO,"6,401","3,470"
G G Allen,"Duke Energy Carolinas, LLC",NC,BIT,"22,969","44,307"
G G Allen,"Duke Energy Carolinas, LLC",NC,DFO,912,413
Buck,"Duke Energy Carolinas, LLC",NC,DFO,0,0
Buck,"Duke Energy Carolinas, LLC",NC,NG,"296,927","138,790"
Buck,"Duke Energy Carolinas, LLC",NC,DFO,0,0
Buck,"Duke Energy Carolinas, LLC",NC,NG,"2,169,068","220,421"
James E. Rogers Energy Complex,"Duke Energy Carolinas, LLC",NC,BIT,"180,990","448,678"
James E. Rogers Energy Complex,"Duke Energy Carolinas, LLC",NC,DFO,"2,336","1,332"
James E. Rogers Energy Complex,"Duke Energy Carolinas, LLC",NC,NG,"589,906","59,988"
Dan River,"Duke Energy Carolinas, LLC",NC,DFO,0,0
Dan River,"Duke Energy Carolinas, LLC",NC,NG,"280,677","165,231"
Dan River,"Duke Energy Carolinas, LLC",NC,DFO,0,0
Dan River,"Duke Energy Carolinas, LLC",NC,NG,"2,577,377","253,190"
Marshall (NC),"Duke Energy Carolinas, LLC",NC,BIT,"226,335","575,167"
Marshall (NC),"Duke Energy Carolinas, LLC",NC,DFO,50,29
Marshall (NC),"Duke Energy Carolinas, LLC",NC,NG,"1,476,643","153,356"
Turner Shoals,Northbrook Carolina Hydro LLC,NC,WAT,0,"1,522"
Gaston,Virginia Electric & Power Co,NC,WAT,0,"65,763"
Hiwassee Dam,Tennessee Valley Authority,NC,WAT,0,"30,685"
Hiwassee Dam,Tennessee Valley Authority,NC,WAT,"1,309",0
R M Heskett,Montana-Dakota Utilities Co,ND,NG,"66,141","5,402"
R M Heskett,Montana-Dakota Utilities Co,ND,LIG,0,0
R M Heskett,Montana-Dakota Utilities Co,ND,NG,0,0
R M Heskett,Montana-Dakota Utilities Co,ND,SUB,0,0
R M Heskett,Montana-Dakota Utilities Co,ND,TDF,0,0
Leland Olds,Basin Electric Power Coop,ND,DFO,"1,271",630
Leland Olds,Basin Electric Power Coop,ND,LIG,"280,188","317,467"
Leland Olds,Basin Electric Power Coop,ND,RC,0,0
Leland Olds,Basin Electric Power Coop,ND,SUB,0,0
Milton R Young,"Minnkota Power Coop, Inc",ND,DFO,"8,833","4,490"
Milton R Young,"Minnkota Power Coop, Inc",ND,LIG,"360,316","405,683"
Milton R Young,"Minnkota Power Coop, Inc",ND,RC,0,0
Cardinal,Cardinal Operating Company,OH,BIT,"460,362","1,171,736"
Cardinal,Cardinal Operating Company,OH,DFO,"5,098","3,006"
Walter C Beckjord,Duke Energy Ohio Inc,OH,MWH,178,-48
Walter C Beckjord,Duke Energy Ohio Inc,OH,BIT,0,0
Walter C Beckjord,Duke Energy Ohio Inc,OH,DFO,0,0
Miami Fort,Luminant Miami Fort,OH,DFO,0,0
Miami Fort,Luminant Miami Fort,OH,BIT,"289,468","651,774"
Miami Fort,Luminant Miami Fort,OH,DFO,"2,929","1,559"
Kyger Creek,Ohio Valley Electric Corp,OH,BIT,"226,950","545,285"
Kyger Creek,Ohio Valley Electric Corp,OH,DFO,"1,534",876
Kyger Creek,Ohio Valley Electric Corp,OH,SUB,"7,617","18,309"
Muskogee,Oklahoma Gas & Electric Co,OK,NG,"2,031,018","186,497"
Muskogee,Oklahoma Gas & Electric Co,OK,SUB,"71,409","112,213"
Mustang,Oklahoma Gas & Electric Co,OK,DFO,0,0
Mustang,Oklahoma Gas & Electric Co,OK,NG,"475,806","49,344"
Mustang,Oklahoma Gas & Electric Co,OK,SUN,0,229
Seminole,Oklahoma Gas & Electric Co,OK,DFO,0,0
Seminole,Oklahoma Gas & Electric Co,OK,NG,"967,253","88,545"
Seminole,Oklahoma Gas & Electric Co,OK,RFO,0,0
Northeastern,Public Service Co of Oklahoma,OK,NG,0,"84,995"
Northeastern,Public Service Co of Oklahoma,OK,NG,"2,273,339","208,657"
Northeastern,Public Service Co of Oklahoma,OK,DFO,0,0
Northeastern,Public Service Co of Oklahoma,OK,DFO,0,0
Northeastern,Public Service Co of Oklahoma,OK,NG,"1,054,115","102,226"
Northeastern,Public Service Co of Oklahoma,OK,SUB,"149,977","243,535"
Salina,Grand River Dam Authority,OK,WAT,"4,441","-4,441"
Anadarko Plant,"Western Farmers Elec Coop, Inc",OK,NG,"665,545","78,501"
Anadarko Plant,"Western Farmers Elec Coop, Inc",OK,NG,"95,902","7,010"
Anadarko Plant,"Western Farmers Elec Coop, Inc",OK,NG,0,0
Bonneville,USACE Northwestern Division,OR,WAT,0,"404,682"
John Day,USACE Northwestern Division,OR,WAT,0,"623,232"
Conemaugh,KeyCon Operating LLC,PA,DFO,0,0
Conemaugh,KeyCon Operating LLC,PA,BIT,"260,684","669,268"
Conemaugh,KeyCon Operating LLC,PA,NG,"19,506","1,989"
Conemaugh,KeyCon Operating LLC,PA,RC,0,0
Homer City Generating Station,NRG Homer City Services LLC,PA,BIT,0,-379
Homer City Generating Station,NRG Homer City Services LLC,PA,DFO,0,-3
Seward (PA),Seward Generating LLC,PA,BIT,0,0
Seward (PA),Seward Generating LLC,PA,DFO,"3,008","1,445"
Seward (PA),Seward Generating LLC,PA,WC,"195,587","213,063"
Shawville,"Shawville Power, LLC",PA,DFO,0,0
Shawville,"Shawville Power, LLC",PA,BIT,0,0
Shawville,"Shawville Power, LLC",PA,DFO,0,0
Shawville,"Shawville Power, LLC",PA,NG,"1,753,570","156,698"
Keystone,KeyCon Operating LLC,PA,DFO,0,0
Keystone,KeyCon Operating LLC,PA,BIT,"321,154","832,041"
Keystone,KeyCon Operating LLC,PA,DFO,0,0
Keystone,KeyCon Operating LLC,PA,RC,0,0
Keystone,KeyCon Operating LLC,PA,RFO,.,.
Keystone,KeyCon Operating LLC,PA,SC,.,.
Brunner Island,Brunner Island LLC,PA,DFO,0,0
Brunner Island,Brunner Island LLC,PA,BIT,"62,871","143,327"
Brunner Island,Brunner Island LLC,PA,DFO,0,0
Brunner Island,Brunner Island LLC,PA,NG,"643,829","61,336"
Brunner Island,Brunner Island LLC,PA,RC,0,0
TalenEnergy Martins Creek,TalenEnergy Martins Creek LLC,PA,NG,0,0
TalenEnergy Martins Creek,TalenEnergy Martins Creek LLC,PA,DFO,"1,835",801
TalenEnergy Martins Creek,TalenEnergy Martins Creek LLC,PA,NG,"43,667","3,454"
TalenEnergy Martins Creek,TalenEnergy Martins Creek LLC,PA,RFO,"41,288","19,369"
TalenEnergy Montour,TalenEnergy Montour LLC,PA,BIT,"112,950","279,337"
TalenEnergy Montour,TalenEnergy Montour LLC,PA,DFO,822,488
TalenEnergy Montour,TalenEnergy Montour LLC,PA,NG,"217,315","23,101"
TalenEnergy Montour,TalenEnergy Montour LLC,PA,RC,0,0
Muddy Run,"Constellation Power, Inc",PA,WAT,"199,637","-39,250"
Peach Bottom,Constellation Nuclear,PA,NUC,0,"903,695"
Peach Bottom,Constellation Nuclear,PA,NUC,0,"998,594"
Manchester Street,"Manchester Street, LLC.",RI,DFO,0,920
Manchester Street,"Manchester Street, LLC.",RI,NG,0,"2,056"
Manchester Street,"Manchester Street, LLC.",RI,DFO,"4,476","2,191"
Manchester Street,"Manchester Street, LLC.",RI,NG,"56,467","4,896"
H B Robinson,Duke Energy Progress - (NC),SC,BIT,0,0
H B Robinson,Duke Energy Progress - (NC),SC,DFO,0,0
H B Robinson,Duke Energy Progress - (NC),SC,NG,0,0
H B Robinson,Duke Energy Progress - (NC),SC,NUC,0,"580,115"
Jocassee,"Duke Energy Carolinas, LLC",SC,WAT,"84,275",-893
W S Lee,"Duke Energy Carolinas, LLC",SC,NG,"454,289","213,329"
W S Lee,"Duke Energy Carolinas, LLC",SC,NG,"3,295,353","329,613"
W S Lee,"Duke Energy Carolinas, LLC",SC,DFO,106,58
W S Lee,"Duke Energy Carolinas, LLC",SC,NG,"13,039","1,268"
W S Lee,"Duke Energy Carolinas, LLC",SC,DFO,0,0
W S Lee,"Duke Energy Carolinas, LLC",SC,NG,0,0
W S Lee,"Duke Energy Carolinas, LLC",SC,WDS,0,0
Oconee,"Duke Energy Carolinas, LLC",SC,NUC,0,"651,002"
Oconee,"Duke Energy Carolinas, LLC",SC,NUC,0,"654,356"
Oconee,"Duke Energy Carolinas, LLC",SC,NUC,0,"655,505"
McMeekin,"Dominion Energy South Carolina, Inc",SC,BIT,0,0
McMeekin,"Dominion Energy South Carolina, Inc",SC,DFO,0,0
McMeekin,"Dominion Energy South Carolina, Inc",SC,NG,"520,371","47,477"
Urquhart,"Dominion Energy South Carolina, Inc",SC,DFO,0,30
Urquhart,"Dominion Energy South Carolina, Inc",SC,NG,0,"13,785"
Urquhart,"Dominion Energy South Carolina, Inc",SC,DFO,127,55
Urquhart,"Dominion Energy South Carolina, Inc",SC,NG,"333,908","25,134"
Urquhart,"Dominion Energy South Carolina, Inc",SC,DFO,20,2
Urquhart,"Dominion Energy South Carolina, Inc",SC,NG,0,0
Urquhart,"Dominion Energy South Carolina, Inc",SC,NG,0,0
Wateree,"Dominion Energy South Carolina, Inc",SC,BIT,"82,573","193,948"
Wateree,"Dominion Energy South Carolina, Inc",SC,DFO,"5,434","3,111"
Williams,"South Carolina Genertg Co, Inc",SC,DFO,0,0
Williams,"South Carolina Genertg Co, Inc",SC,NG,0,0
Williams,"South Carolina Genertg Co, Inc",SC,ANT,0,0
Williams,"South Carolina Genertg Co, Inc",SC,BIT,"96,100","226,685"
Williams,"South Carolina Genertg Co, Inc",SC,DFO,"2,769","1,606"
Williams,"South Carolina Genertg Co, Inc",SC,NG,0,0
Williams,"South Carolina Genertg Co, Inc",SC,RC,0,0
Ben French,"Black Hills Power, Inc.",SD,DFO,0,0
Ben French,"Black Hills Power, Inc.",SD,NG,"2,939",-67
Ben French,"Black Hills Power, Inc.",SD,SUB,0,0
Ben French,"Black Hills Power, Inc.",SD,DFO,0,-52
Allen,Tennessee Valley Authority,TN,NG,"1,109,155","172,990"
Allen,Tennessee Valley Authority,TN,NG,"2,856,557","445,523"
Allen,Tennessee Valley Authority,TN,DFO,0,0
Allen,Tennessee Valley Authority,TN,NG,0,0
Cumberland (TN),Tennessee Valley Authority,TN,BIT,"528,691","1,102,032"
Cumberland (TN),Tennessee Valley Authority,TN,DFO,"9,541","5,257"
Cumberland (TN),Tennessee Valley Authority,TN,RC,0,0
Cumberland (TN),Tennessee Valley Authority,TN,SUB,.,.
Gallatin (TN),Tennessee Valley Authority,TN,DFO,56,23
Gallatin (TN),Tennessee Valley Authority,TN,NG,"382,616","27,004"
Gallatin (TN),Tennessee Valley Authority,TN,BIT,"50,529","92,877"
Gallatin (TN),Tennessee Valley Authority,TN,DFO,"1,782",944
Gallatin (TN),Tennessee Valley Authority,TN,SUB,"210,588","342,567"
John Sevier,Tennessee Valley Authority,TN,NG,"815,975","125,085"
John Sevier,Tennessee Valley Authority,TN,DFO,0,0
John Sevier,Tennessee Valley Authority,TN,NG,"1,438,763","220,555"
Johnsonville,Tennessee Valley Authority,TN,DFO,"1,069",489
Johnsonville,Tennessee Valley Authority,TN,NG,"1,049,017","83,232"
Kingston,Tennessee Valley Authority,TN,BIT,"89,406","157,091"
Kingston,Tennessee Valley Authority,TN,DFO,"3,093","1,566"
Kingston,Tennessee Valley Authority,TN,SUB,"121,454","213,401"
Eagle Pass,Maverick Cty Water Control & Improvement,TX,WAT,0,"3,987"
Nueces Bay,City of San Antonio - (TX),TX,NG,"2,888",311
Nueces Bay,City of San Antonio - (TX),TX,NG,"520,612","63,365"
Newman,El Paso Electric Co,TX,NG,0,"57,846"
Newman,El Paso Electric Co,TX,NG,"1,338,539","98,892"
Newman,El Paso Electric Co,TX,NG,"209,358","20,420"
Newman,El Paso Electric Co,TX,DFO,0,0
Newman,El Paso Electric Co,TX,NG,"93,734","7,114"
Lewis Creek,Entergy Texas Inc.,TX,NG,"2,176,956","209,985"
Sabine,Entergy Texas Inc.,TX,DFO,10,4
Sabine,Entergy Texas Inc.,TX,NG,"1,193,949","90,103"
Sabine,Entergy Texas Inc.,TX,SUB,.,.
Cedar Bayou,NRG Texas Power LLC,TX,NG,"2,209,914","205,807"
T H Wharton,NRG Texas Power LLC,TX,NG,0,"24,979"
T H Wharton,NRG Texas Power LLC,TX,NG,"964,135","74,055"
T H Wharton,NRG Texas Power LLC,TX,NG,"371,001","28,114"
W A Parish,NRG Texas Power LLC,TX,NG,"2,193",112
W A Parish,NRG Texas Power LLC,TX,NG,"704,800","63,442"
W A Parish,NRG Texas Power LLC,TX,SUB,"707,999","986,913"
Jones,Southwestern Public Service Co,TX,NG,"264,132","24,675"
Jones,Southwestern Public Service Co,TX,DFO,"4,999","2,674"
Jones,Southwestern Public Service Co,TX,NG,"1,532,920","146,873"
Handley,"Constellation Power, Inc",TX,NG,"333,033","25,304"
V H Braunig,City of San Antonio - (TX),TX,DFO,"8,154","4,786"
V H Braunig,City of San Antonio - (TX),TX,NG,"111,040","11,089"
V H Braunig,City of San Antonio - (TX),TX,DFO,0,0
V H Braunig,City of San Antonio - (TX),TX,NG,"685,986","59,095"
R W Miller,RW Miller Power LLC,TX,DFO,"17,548","7,501"
R W Miller,RW Miller Power LLC,TX,NG,"124,074","8,965"
R W Miller,RW Miller Power LLC,TX,DFO,"16,059","7,662"
R W Miller,RW Miller Power LLC,TX,NG,"113,010","8,804"
Gadsby,PacifiCorp,UT,NG,"9,565",162
Gadsby,PacifiCorp,UT,NG,"439,758","30,297"
Ascutney,Green Mountain Power Corp,VT,DFO,0,0
Rutland,Green Mountain Power Corp,VT,DFO,41,5
Rutland,Green Mountain Power Corp,VT,DFO,.,.
Berlin 5,Green Mountain Power Corp,VT,DFO,0,0
Berlin 5,Green Mountain Power Corp,VT,JF,0,0
Berlin 5,Green Mountain Power Corp,VT,KER,0,0
Essex Junction 19,Green Mountain Power Corp,VT,WAT,0,"3,957"
Essex Junction 19,Green Mountain Power Corp,VT,DFO,17,8
Clinch River,Appalachian Power Co,VA,BIT,0,0
Clinch River,Appalachian Power Co,VA,DFO,0,0
Clinch River,Appalachian Power Co,VA,NG,"243,046","18,297"
Smith Mountain,Appalachian Power Co,VA,WAT,0,"22,720"
Smith Mountain,Appalachian Power Co,VA,WAT,"28,649","-16,445"
Chesterfield,Virginia Electric & Power Co,VA,DFO,0,0
Chesterfield,Virginia Electric & Power Co,VA,NG,0,0
Chesterfield,Virginia Electric & Power Co,VA,BIT,.,.
Chesterfield,Virginia Electric & Power Co,VA,DFO,35,26
Chesterfield,Virginia Electric & Power Co,VA,NG,"1,977,535","271,886"
Chesterfield,Virginia Electric & Power Co,VA,BIT,0,0
Chesterfield,Virginia Electric & Power Co,VA,DFO,0,0
Possum Point,Virginia Electric & Power Co,VA,DFO,0,0
Possum Point,Virginia Electric & Power Co,VA,NG,0,0
Possum Point,Virginia Electric & Power Co,VA,DFO,0,0
Possum Point,Virginia Electric & Power Co,VA,NG,"1,885,108","268,418"
Possum Point,Virginia Electric & Power Co,VA,RFO,0,0
Possum Point,Virginia Electric & Power Co,VA,DFO,"1,249",307
Possum Point,Virginia Electric & Power Co,VA,RFO,.,.
Surry,Virginia Electric & Power Co,VA,NUC,0,"646,744"
Surry,Virginia Electric & Power Co,VA,NUC,0,"650,221"
Transalta Centralia Generation,TransAlta Centralia Gen LLC,WA,DFO,"1,950","1,041"
Transalta Centralia Generation,TransAlta Centralia Gen LLC,WA,RC,0,0
Transalta Centralia Generation,TransAlta Centralia Gen LLC,WA,SUB,"202,069","302,696"
Transalta Centralia Generation,TransAlta Centralia Gen LLC,WA,WC,0,0
Swift 1,PacifiCorp,WA,WAT,0,"70,288"
Crystal Mountain,Puget Sound Energy Inc,WA,DFO,220,121
Rocky Reach,PUD No 1 of Chelan County,WA,WAT,0,"374,548"
Wells,PUD No 1 of Douglas County,WA,WAT,0,"271,531"
Priest Rapids,PUD No 2 of Grant County,WA,WAT,0,"320,657"
Wanapum,PUD No 2 of Grant County,WA,WAT,0,"312,074"
The Dalles,USACE Northwestern Division,OR,WAT,0,"512,630"
Mossyrock,City of Tacoma - (WA),WA,WAT,0,"98,504"
Chief Joseph,USACE Northwestern Division,WA,WAT,0,"696,191"
Ice Harbor,USACE Northwestern Division,WA,WAT,0,"131,570"
Little Goose,USACE Northwestern Division,WA,WAT,0,"126,737"
Lower Monumental,USACE Northwestern Division,WA,WAT,0,"132,651"
John E Amos,Appalachian Power Co,WV,BIT,"416,351","1,065,100"
John E Amos,Appalachian Power Co,WV,DFO,"4,303","2,549"
FirstEnergy Fort Martin Power Station,Monongahela Power Co,WV,BIT,"260,803","662,749"
FirstEnergy Fort Martin Power Station,Monongahela Power Co,WV,DFO,762,449
FirstEnergy Fort Martin Power Station,Monongahela Power Co,WV,SUB,0,0
FirstEnergy Harrison Power Station,Monongahela Power Co,WV,BIT,0,0
FirstEnergy Harrison Power Station,Monongahela Power Co,WV,NG,"27,384","2,750"
FirstEnergy Harrison Power Station,Monongahela Power Co,WV,RC,"338,295","837,134"
Mitchell (WV),Kentucky Power Co,WV,BIT,"146,894","349,794"
Mitchell (WV),Kentucky Power Co,WV,DFO,"3,566","1,989"
Mt Storm,Virginia Electric & Power Co,WV,JF,0,0
Mt Storm,Virginia Electric & Power Co,WV,BIT,"252,935","582,600"
Mt Storm,Virginia Electric & Power Co,WV,DFO,"4,615","2,391"
Mt Storm,Virginia Electric & Power Co,WV,WO,0,0
French Island,Northern States Power Co - Minnesota,WI,DFO,878,275
French Island,Northern States Power Co - Minnesota,WI,MSB,"3,088","1,017"
French Island,Northern States Power Co - Minnesota,WI,MSN,"1,973","1,243"
French Island,Northern States Power Co - Minnesota,WI,NG,281,13
French Island,Northern States Power Co - Minnesota,WI,WDS,"5,105","3,278"
Port Washington Generating Station,Wisconsin Electric Power Co,WI,NG,"142,200","241,194"
Port Washington Generating Station,Wisconsin Electric Power Co,WI,NG,"4,717,691","475,087"
South Oak Creek,Wisconsin Electric Power Co,WI,NG,"27,387","2,682"
South Oak Creek,Wisconsin Electric Power Co,WI,SUB,"339,925","584,588"
Valley (WI),Wisconsin Electric Power Co,WI,DFO,0,0
Valley (WI),Wisconsin Electric Power Co,WI,BIT,0,0
Valley (WI),Wisconsin Electric Power Co,WI,NG,"724,827","22,747"
Point Beach Nuclear Plant,NextEra Energy Point Beach LLC,WI,DFO,0,-40
Point Beach Nuclear Plant,NextEra Energy Point Beach LLC,WI,NUC,0,"444,468"
Point Beach Nuclear Plant,NextEra Energy Point Beach LLC,WI,NUC,0,"450,501"
Edgewater,Wisconsin Power & Light Co,WI,DFO,69,37
Edgewater,Wisconsin Power & Light Co,WI,SUB,"166,203","268,278"
Pulliam,Wisconsin Public Service Corp,WI,DFO,0,0
Pulliam,Wisconsin Public Service Corp,WI,NG,"56,920","4,743"
Weston,Wisconsin Public Service Corp,WI,DFO,0,0
Weston,Wisconsin Public Service Corp,WI,NG,0,0
Weston,Wisconsin Public Service Corp,WI,DFO,0,0
Weston,Wisconsin Public Service Corp,WI,NG,"17,182","1,845"
Weston,Wisconsin Public Service Corp,WI,SUB,"261,689","477,022"
New Badger,City of Kaukauna,WI,WAT,0,"4,426"
Manitowoc,Manitowoc Public Utilities,WI,NG,0,0
Manitowoc,Manitowoc Public Utilities,WI,BIT,380,549
Manitowoc,Manitowoc Public Utilities,WI,NG,"1,600",117
Manitowoc,Manitowoc Public Utilities,WI,PC,"1,520","3,101"
Manitowoc,Manitowoc Public Utilities,WI,SUB,0,0
Manitowoc,Manitowoc Public Utilities,WI,WDS,"6,757","11,803"
Dave Johnston,PacifiCorp,WY,DFO,217,101
Dave Johnston,PacifiCorp,WY,RC,0,0
Dave Johnston,PacifiCorp,WY,SUB,"242,828","330,451"
Naughton,PacifiCorp,WY,NG,"1,381,326","132,206"
Naughton,PacifiCorp,WY,SUB,"122,776","224,993"
Easton 2,Easton Utilities Comm,MD,DFO,95,28
Easton 2,Easton Utilities Comm,MD,NG,0,0
Easton 2,Easton Utilities Comm,MD,DFO,205,-19
Easton 2,Easton Utilities Comm,MD,RFO,0,0
Waterford 3,Entergy Louisiana LLC,LA,NUC,0,0
John P Madgett,Dairyland Power Coop,WI,DFO,289,152
John P Madgett,Dairyland Power Coop,WI,SUB,"94,368","148,504"
Thomas C Ferguson,Lower Colorado River Authority,TX,NG,0,"106,040"
Thomas C Ferguson,Lower Colorado River Authority,TX,NG,"1,909,456","185,729"
Barney M Davis,City of San Antonio - (TX),TX,NG,"44,849","5,010"
Barney M Davis,City of San Antonio - (TX),TX,NG,"474,350","70,889"
Barney M Davis,City of San Antonio - (TX),TX,NG,"65,400","5,719"
Riverside (OK),Public Service Co of Oklahoma,OK,NG,"12,363","1,020"
Riverside (OK),Public Service Co of Oklahoma,OK,DFO,0,0
Riverside (OK),Public Service Co of Oklahoma,OK,DFO,0,0
Riverside (OK),Public Service Co of Oklahoma,OK,NG,"898,797","74,160"
Donald C Cook,Indiana Michigan Power Co,MI,NUC,0,"811,482"
Donald C Cook,Indiana Michigan Power Co,MI,NUC,0,"896,520"
Joseph M Farley,Alabama Power Co,AL,NUC,0,"685,617"
Joseph M Farley,Alabama Power Co,AL,NUC,0,"681,948"
James H Miller Jr,Alabama Power Co,AL,NG,"118,339","11,848"
James H Miller Jr,Alabama Power Co,AL,SUB,"899,326","1,585,139"
Pleasants Power Station,"Omnis Pleasants, LLC",WV,BIT,"110,031","235,258"
Pleasants Power Station,"Omnis Pleasants, LLC",WV,NG,"41,009","3,815"
Pleasants Power Station,"Omnis Pleasants, LLC",WV,PC,0,0
Palo Verde,Arizona Public Service Co,AZ,NUC,0,"999,749"
Palo Verde,Arizona Public Service Co,AZ,NUC,0,"998,663"
Palo Verde,Arizona Public Service Co,AZ,NUC,0,"989,360"
White Bluff,Entergy Arkansas LLC,AR,DFO,"2,095","1,161"
White Bluff,Entergy Arkansas LLC,AR,SUB,"359,087","577,320"
Calvert Cliffs Nuclear Power Plant,Constellation Nuclear,MD,NUC,0,"661,101"
Calvert Cliffs Nuclear Power Plant,Constellation Nuclear,MD,NUC,0,"664,027"
Brunswick Nuclear,Duke Energy Progress - (NC),NC,NUC,0,"715,332"
Brunswick Nuclear,Duke Energy Progress - (NC),NC,NUC,0,"706,768"
Harris,Duke Energy Progress - (NC),NC,NUC,0,"742,742"
Newton,Illinois Power Generating Co,IL,BIT,0,0
Newton,Illinois Power Generating Co,IL,DFO,141,77
Newton,Illinois Power Generating Co,IL,RC,0,0
Newton,Illinois Power Generating Co,IL,SUB,"224,870","376,928"
East Bend,Duke Energy Kentucky Inc,KY,BIT,"104,292","225,772"
East Bend,Duke Energy Kentucky Inc,KY,DFO,"5,022","2,681"
Perry,Energy Harbor Nuclear Generation LLC,OH,NUC,0,"937,405"
Craig (CO),"Tri-State G & T Assn, Inc",CO,BIT,0,0
Craig (CO),"Tri-State G & T Assn, Inc",CO,DFO,655,334
Craig (CO),"Tri-State G & T Assn, Inc",CO,NG,"7,505",721
Craig (CO),"Tri-State G & T Assn, Inc",CO,SUB,"329,177","595,832"
Braidwood Generation Station,Constellation Nuclear,IL,NUC,0,"904,221"
Braidwood Generation Station,Constellation Nuclear,IL,NUC,0,"878,039"
Byron Generating Station,Constellation Nuclear,IL,NUC,0,"895,367"
Byron Generating Station,Constellation Nuclear,IL,NUC,0,"875,393"
LaSalle Generating Station,Constellation Nuclear,IL,NUC,0,"831,653"
LaSalle Generating Station,Constellation Nuclear,IL,NUC,0,"868,998"
Coal Creek,Rainbow Energy Center,ND,DFO,0,0
Coal Creek,Rainbow Energy Center,ND,DFO,0,0
Coal Creek,Rainbow Energy Center,ND,LIG,0,0
Coal Creek,Rainbow Energy Center,ND,RC,"643,406","775,172"
Belle River,DTE Electric Company,MI,NG,"264,158","20,457"
Belle River,DTE Electric Company,MI,DFO,225,84
Belle River,DTE Electric Company,MI,DFO,791,428
Belle River,DTE Electric Company,MI,SUB,"218,146","363,043"
Greenwood (MI),DTE Electric Company,MI,NG,"136,283","12,245"
Greenwood (MI),DTE Electric Company,MI,DFO,28,16
Greenwood (MI),DTE Electric Company,MI,NG,"1,213,617","125,643"
Greenwood (MI),DTE Electric Company,MI,RFO,0,0
Greenwood (MI),DTE Electric Company,MI,WO,0,0
Catawba,"Duke Energy Carolinas, LLC",SC,NUC,0,"880,886"
Catawba,"Duke Energy Carolinas, LLC",SC,NUC,0,"872,595"
McGuire,"Duke Energy Carolinas, LLC",NC,NUC,0,"887,377"
McGuire,"Duke Energy Carolinas, LLC",NC,NUC,0,"880,815"
Beaver Valley,Energy Harbor Nuclear Generation LLC,PA,NUC,0,"699,347"
Beaver Valley,Energy Harbor Nuclear Generation LLC,PA,NUC,0,"687,549"
H L Spurlock,"East Kentucky Power Coop, Inc",KY,BIT,"391,614","845,109"
H L Spurlock,"East Kentucky Power Coop, Inc",KY,DFO,"1,431",799
H L Spurlock,"East Kentucky Power Coop, Inc",KY,TDF,"1,568","4,356"
H L Spurlock,"East Kentucky Power Coop, Inc",KY,WC,0,0
H L Spurlock,"East Kentucky Power Coop, Inc",KY,WDS,0,0
Manatee,Florida Power & Light Co,FL,DFO,0,0
Manatee,Florida Power & Light Co,FL,NG,0,"211,618"
Manatee,Florida Power & Light Co,FL,DFO,0,0
Manatee,Florida Power & Light Co,FL,NG,"3,879,389","364,756"
Manatee,Florida Power & Light Co,FL,NG,0,0
Manatee,Florida Power & Light Co,FL,RFO,0,0
Martin,Florida Power & Light Co,FL,DFO,0,0
Martin,Florida Power & Light Co,FL,NG,0,"13,879"
Martin,Florida Power & Light Co,FL,SUN,0,0
Martin,Florida Power & Light Co,FL,DFO,0,0
Martin,Florida Power & Light Co,FL,NG,"354,686","25,353"
St Lucie,Florida Power & Light Co,FL,NUC,0,"744,410"
St Lucie,Florida Power & Light Co,FL,NUC,0,"550,250"
Edwin I Hatch,Georgia Power Co,GA,NUC,0,"559,283"
Edwin I Hatch,Georgia Power Co,GA,NUC,0,"676,713"
Big Cajun 2,Louisiana Generating LLC,LA,NG,"746,146","67,808"
Big Cajun 2,Louisiana Generating LLC,LA,RC,0,0
Big Cajun 2,Louisiana Generating LLC,LA,SUB,"176,155","243,739"
R D Morrow,Cooperative Energy,MS,NG,0,"88,677"
R D Morrow,Cooperative Energy,MS,NG,"1,948,415","214,481"
Nearman Creek,City of Kansas City - (KS),KS,DFO,"6,579","2,765"
Nearman Creek,City of Kansas City - (KS),KS,NG,0,0
Nearman Creek,City of Kansas City - (KS),KS,DFO,"3,368","1,666"
Nearman Creek,City of Kansas City - (KS),KS,SUB,"37,023","55,266"
Iatan,Evergy Metro,MO,DFO,"16,127","8,862"
Iatan,Evergy Metro,MO,SUB,"317,021","509,698"
Jeffrey Energy Center,"Evergy Kansas Central, Inc",KS,DFO,"7,172","3,575"
Jeffrey Energy Center,"Evergy Kansas Central, Inc",KS,SUB,"400,196","602,949"
Trimble County,Louisville Gas & Electric Co,KY,NG,"1,133,131","104,833"
Trimble County,Louisville Gas & Electric Co,KY,BIT,"303,185","706,038"
Trimble County,Louisville Gas & Electric Co,KY,DFO,0,0
Trimble County,Louisville Gas & Electric Co,KY,NG,"7,742",840
Trimble County,Louisville Gas & Electric Co,KY,PC,0,0
Trimble County,Louisville Gas & Electric Co,KY,RC,0,0
Trimble County,Louisville Gas & Electric Co,KY,SUB,"68,410","123,538"
Trimble County,Louisville Gas & Electric Co,KY,WC,0,0
Trimble County,Louisville Gas & Electric Co,KY,WO,0,0
Grand Gulf,"System Energy Resources, Inc",MS,NUC,0,"922,542"
Victor J Daniel Jr,Mississippi Power Co,MS,NG,"56,876","266,764"
Victor J Daniel Jr,Mississippi Power Co,MS,NG,"5,544,701","498,998"
Victor J Daniel Jr,Mississippi Power Co,MS,BIT,"10,420","21,578"
Victor J Daniel Jr,Mississippi Power Co,MS,DFO,"1,117",582
Victor J Daniel Jr,Mississippi Power Co,MS,SUB,"151,189","238,858"
Greenwood (MO),Evergy Missouri West,MO,DFO,"16,408","4,830"
Greenwood (MO),Evergy Missouri West,MO,NG,"42,640","2,165"
Greenwood (MO),Evergy Missouri West,MO,SUN,0,79
Colstrip,Talen Montana LLC,MT,DFO,"1,323",715
Colstrip,Talen Montana LLC,MT,SUB,"616,803","971,113"
Colstrip,Talen Montana LLC,MT,WO,0,0
Gerald Gentleman,Nebraska Public Power District,NE,NG,"33,562","3,617"
Gerald Gentleman,Nebraska Public Power District,NE,SUB,"407,677","700,530"
Stony Brook,Massachusetts Mun Wholes Electric Co,MA,DFO,0,0
Stony Brook,Massachusetts Mun Wholes Electric Co,MA,NG,0,0
Stony Brook,Massachusetts Mun Wholes Electric Co,MA,DFO,"2,879","1,743"
Stony Brook,Massachusetts Mun Wholes Electric Co,MA,NG,0,0
Stony Brook,Massachusetts Mun Wholes Electric Co,MA,DFO,612,281
Stony Brook,Massachusetts Mun Wholes Electric Co,MA,DFO,0,0
Stony Brook,Massachusetts Mun Wholes Electric Co,MA,SUN,0,0
R M Schahfer,Northern Indiana Pub Serv Co,IN,NG,"27,418","1,509"
R M Schahfer,Northern Indiana Pub Serv Co,IN,BIT,"141,247","267,962"
R M Schahfer,Northern Indiana Pub Serv Co,IN,NG,"31,079","2,637"
R M Schahfer,Northern Indiana Pub Serv Co,IN,SUB,0,0
Wallace Dam,Georgia Power Co,GA,WAT,0,"26,376"
Wallace Dam,Georgia Power Co,GA,WAT,"4,290",-353
Lewis & Clark,Montana-Dakota Utilities Co,MT,LIG,0,0
Lewis & Clark,Montana-Dakota Utilities Co,MT,NG,"7,593",902
Lewis & Clark,Montana-Dakota Utilities Co,MT,SUB,.,.
Sherburne County,Northern States Power Co - Minnesota,MN,DFO,"1,444",965
Sherburne County,Northern States Power Co - Minnesota,MN,SUB,"406,751","817,161"
Spirit Mound,Basin Electric Power Coop,SD,DFO,701,269
Sooner,Oklahoma Gas & Electric Co,OK,DFO,"3,399","1,741"
Sooner,Oklahoma Gas & Electric Co,OK,SUB,"149,122","222,889"
Nebraska City,Omaha Public Power District,NE,DFO,"4,061","2,343"
Nebraska City,Omaha Public Power District,NE,NG,"11,703","1,218"
Nebraska City,Omaha Public Power District,NE,SUB,"315,666","545,539"
Big Stone,Otter Tail Power Co,SD,DFO,0,0
Big Stone,Otter Tail Power Co,SD,AB,0,0
Big Stone,Otter Tail Power Co,SD,DFO,"1,644",921
Big Stone,Otter Tail Power Co,SD,SUB,"137,956","209,212"
Diablo Canyon,Pacific Gas & Electric Co.,CA,NUC,0,"844,293"
Diablo Canyon,Pacific Gas & Electric Co.,CA,NUC,0,"836,445"
Helms Pumped Storage,Pacific Gas & Electric Co.,CA,WAT,0,0
Wyodak,PacifiCorp,WY,DFO,20,10
Wyodak,PacifiCorp,WY,SUB,"138,199","183,737"
TalenEnergy Susquehanna,TalenEnergy Susquehanna LLC,PA,NUC,0,"843,376"
TalenEnergy Susquehanna,TalenEnergy Susquehanna LLC,PA,NUC,0,"908,593"
Limerick,Constellation Nuclear,PA,NUC,0,"740,337"
Limerick,Constellation Nuclear,PA,NUC,0,"878,714"
James A Fitzpatrick,Constellation Nuclear,NY,NUC,0,"633,398"
Fort St Vrain,Public Service Co of Colorado,CO,NG,"193,403","170,170"
Fort St Vrain,Public Service Co of Colorado,CO,NG,"3,063,674","228,650"
Fort St Vrain,Public Service Co of Colorado,CO,NG,"205,410","18,558"
Gibson,"Duke Energy Indiana, LLC",IN,BIT,"496,175","986,520"
Gibson,"Duke Energy Indiana, LLC",IN,DFO,"8,748","4,542"
Seabrook,NextEra Energy Seabrook LLC,NH,NUC,0,"928,657"
PSEG Hope Creek Generating Station,PSEG Nuclear LLC,NJ,NUC,0,"817,057"
R E Ginna Nuclear Power Plant,Constellation Nuclear,NY,NUC,0,"431,854"
McIntosh,Georgia Power Co,GA,DFO,"8,063","3,022"
McIntosh,Georgia Power Co,GA,NG,"7,880",520
Fairfield Pumped Storage,"Dominion Energy South Carolina, Inc",SC,WAT,372,"26,813"
V C Summer,"Dominion Energy South Carolina, Inc",SC,NUC,0,"737,346"
Carters,USCE-Mobile District,GA,WAT,0,"26,349"
Carters,USCE-Mobile District,GA,WAT,"48,678","-23,263"
Richard B Russell,USCE-Savannah District,GA,WAT,0,"43,471"
Richard B Russell,USCE-Savannah District,GA,WAT,"12,563",-948
A B Brown,Southern Indiana Gas & Elec Co,IN,DFO,1,0
A B Brown,Southern Indiana Gas & Elec Co,IN,NG,"110,569","8,955"
A B Brown,Southern Indiana Gas & Elec Co,IN,BIT,0,0
A B Brown,Southern Indiana Gas & Elec Co,IN,NG,0,0
Flint Creek,Southwestern Electric Power Co,AR,DFO,"1,121",591
Flint Creek,Southwestern Electric Power Co,AR,SUB,"135,546","213,474"
Welsh,Southwestern Electric Power Co,TX,DFO,"2,407","1,230"
Welsh,Southwestern Electric Power Co,TX,SUB,"279,968","424,681"
Clarence Cannon,USCE-St Louis District,MO,WAT,0,172
Clarence Cannon,USCE-St Louis District,MO,WAT,0,172
Harry Truman,USCE-Kansas City District,MO,WAT,442,"10,639"
Comanche Peak,Luminant Generation Company LLC,TX,NUC,0,"909,912"
Comanche Peak,Luminant Generation Company LLC,TX,NUC,0,"893,271"
Martin Lake,Luminant Generation Company LLC,TX,DFO,"2,836","1,365"
Martin Lake,Luminant Generation Company LLC,TX,LIG,0,0
Martin Lake,Luminant Generation Company LLC,TX,SUB,"764,309","1,058,216"
Davis Besse,Energy Harbor Nuclear Generation LLC,OH,NUC,0,"680,082"
Raccoon Mountain,Tennessee Valley Authority,TN,WAT,"173,477","-32,153"
Sequoyah,Tennessee Valley Authority,TN,NUC,0,"865,676"
Sequoyah,Tennessee Valley Authority,TN,NUC,0,"859,012"
Callaway,Union Electric Co - (MO),MO,NUC,0,"924,535"
Rush Island,Union Electric Co - (MO),MO,DFO,"3,989","1,960"
Rush Island,Union Electric Co - (MO),MO,RC,0,0
Rush Island,Union Electric Co - (MO),MO,SUB,"142,974","216,695"
New Haven Harbor,"Generation Bridge II Connecticut, LLC",CT,KER,619,369
New Haven Harbor,"Generation Bridge II Connecticut, LLC",CT,NG,0,0
New Haven Harbor,"Generation Bridge II Connecticut, LLC",CT,PC,.,.
New Haven Harbor,"Generation Bridge II Connecticut, LLC",CT,DFO,0,0
New Haven Harbor,"Generation Bridge II Connecticut, LLC",CT,NG,0,0
New Haven Harbor,"Generation Bridge II Connecticut, LLC",CT,RFO,0,0
New Melones,U S Bureau of Reclamation,CA,WAT,0,"26,539"
Grand Coulee,U S Bureau of Reclamation,WA,WAT,0,"1,365,826"
Grand Coulee,U S Bureau of Reclamation,WA,WAT,669,"5,507"
Hunter,PacifiCorp,UT,BIT,"139,361","237,841"
Hunter,PacifiCorp,UT,DFO,"1,219",546
Hunter,PacifiCorp,UT,RC,0,0
Rockport,Indiana Michigan Power Co,IN,BIT,"37,182","55,835"
Rockport,Indiana Michigan Power Co,IN,DFO,"3,512","1,744"
Rockport,Indiana Michigan Power Co,IN,SUB,"559,416","838,136"
Bath County,Virginia Electric & Power Co,VA,WAT,"418,617","-79,812"
North Anna,Virginia Electric & Power Co,VA,WAT,0,0
North Anna,Virginia Electric & Power Co,VA,NUC,0,"727,736"
North Anna,Virginia Electric & Power Co,VA,NUC,0,"721,222"
Lower Granite,USACE Northwestern Division,WA,WAT,0,"115,773"
Coronado,Salt River Project,AZ,DFO,295,160
Coronado,Salt River Project,AZ,SUB,"157,880","270,113"
Coleto Creek,Coleto Creek Power LP,TX,DFO,"1,795",930
Coleto Creek,Coleto Creek Power LP,TX,SUB,"145,949","234,182"
Fayette Power Project,Lower Colorado River Authority,TX,DFO,"6,766","3,713"
Fayette Power Project,Lower Colorado River Authority,TX,RC,0,0
Fayette Power Project,Lower Colorado River Authority,TX,SUB,"420,694","647,378"
Oak Grove (TX),Luminant Generation Company LLC,TX,LIG,"806,078","1,018,598"
Oak Grove (TX),Luminant Generation Company LLC,TX,NG,"712,572","67,003"
San Miguel,"San Miguel Electric Coop, Inc",TX,DFO,615,309
San Miguel,"San Miguel Electric Coop, Inc",TX,LIG,"179,741","160,930"
Rocky Mountain Hydroelectric Plant,Oglethorpe Power Corporation,GA,WAT,"145,518","-36,475"
Brame Energy Center,Cleco Power LLC,LA,BIT,"6,764","12,613"
Brame Energy Center,Cleco Power LLC,LA,DFO,0,0
Brame Energy Center,Cleco Power LLC,LA,LIG,0,0
Brame Energy Center,Cleco Power LLC,LA,NG,"640,040","55,156"
Brame Energy Center,Cleco Power LLC,LA,PC,"15,273","36,671"
Brame Energy Center,Cleco Power LLC,LA,RFO,0,0
Brame Energy Center,Cleco Power LLC,LA,SUB,"85,824","126,330"
Harrington,Southwestern Public Service Co,TX,NG,"29,894","2,833"
Harrington,Southwestern Public Service Co,TX,SUB,"191,693","311,026"
Tolk,Southwestern Public Service Co,TX,NG,"27,926","2,594"
Tolk,Southwestern Public Service Co,TX,SUB,"183,193","297,277"
John Twitty Energy Center,City Utilities of Springfield - (MO),MO,DFO,0,0
John Twitty Energy Center,City Utilities of Springfield - (MO),MO,NG,"178,278","12,354"
John Twitty Energy Center,City Utilities of Springfield - (MO),MO,BIT,0,0
John Twitty Energy Center,City Utilities of Springfield - (MO),MO,DFO,0,0
John Twitty Energy Center,City Utilities of Springfield - (MO),MO,NG,"109,403","10,371"
John Twitty Energy Center,City Utilities of Springfield - (MO),MO,SUB,"61,324","99,437"
Rock Island,PUD No 1 of Chelan County,WA,WAT,0,"168,192"
Ross,City of Seattle - (WA),WA,WAT,0,"43,256"
Laramie River Station,Basin Electric Power Coop,WY,DFO,"4,251","2,268"
Laramie River Station,Basin Electric Power Coop,WY,RC,0,0
Laramie River Station,Basin Electric Power Coop,WY,SUB,"459,373","730,616"
Mount Elbert,U S Bureau of Reclamation,CO,WAT,0,0
Dynegy Oakland Power Plant,"Dynegy Oakland, LLC",CA,DFO,0,0
Dynegy Oakland Power Plant,"Dynegy Oakland, LLC",CA,JF,"5,155","1,793"
Merom,"Hallador Power Company, LLC",IN,BIT,"245,151","520,179"
Merom,"Hallador Power Company, LLC",IN,DFO,537,307
Pawnee,Public Service Co of Colorado,CO,NG,"6,773",615
Pawnee,Public Service Co of Colorado,CO,SUB,"218,545","310,864"
Winyah,South Carolina Public Service Authority,SC,BIT,"162,033","349,591"
Winyah,South Carolina Public Service Authority,SC,DFO,"1,663",881
Winyah,South Carolina Public Service Authority,SC,WO,898,454
Mayo,Duke Energy Progress - (NC),NC,BIT,"56,681","148,221"
Mayo,Duke Energy Progress - (NC),NC,DFO,"2,819","1,685"
South Texas Project,STP Nuclear Operating Co,TX,NUC,0,"659,967"
South Texas Project,STP Nuclear Operating Co,TX,NUC,0,"974,169"
Ottumwa,Interstate Power and Light Co,IA,DFO,"1,308",698
Ottumwa,Interstate Power and Light Co,IA,SUB,"210,394","328,943"
Scherer,Georgia Power Co,GA,DFO,"1,218",640
Scherer,Georgia Power Co,GA,SUB,"587,833","885,639"
Mountaineer,Appalachian Power Co,WV,BIT,"277,932","688,226"
Mountaineer,Appalachian Power Co,WV,DFO,947,548
North Pole,Golden Valley Elec Assn Inc,AK,DFO,0,2
North Pole,Golden Valley Elec Assn Inc,AK,WO,0,"6,798"
North Pole,Golden Valley Elec Assn Inc,AK,DFO,16,10
North Pole,Golden Valley Elec Assn Inc,AK,JF,0,0
North Pole,Golden Valley Elec Assn Inc,AK,WO,"63,828","30,515"
North Pole,Golden Valley Elec Assn Inc,AK,DFO,"17,834","7,150"
North Pole,Golden Valley Elec Assn Inc,AK,RFO,0,0
Healy,Golden Valley Elec Assn Inc,AK,DFO,0,0
Healy,Golden Valley Elec Assn Inc,AK,DFO,825,354
Healy,Golden Valley Elec Assn Inc,AK,LIG,"25,711","30,707"
Healy,Golden Valley Elec Assn Inc,AK,WC,"6,653","6,214"
Gorge,City of Seattle - (WA),WA,WAT,0,"65,651"
Boundary,City of Seattle - (WA),WA,WAT,0,"220,146"
Wilson Dam,Tennessee Valley Authority,AL,WAT,0,"319,902"
River Bend,Entergy Louisiana LLC,LA,NUC,0,"728,385"
Antelope Valley,Basin Electric Power Coop,ND,LIG,"470,889","550,634"
Antelope Valley,Basin Electric Power Coop,ND,NG,"28,223","2,363"
Antelope Valley,Basin Electric Power Coop,ND,RC,0,0
Port Allen (HI),Kauai Island Utility Cooperative,HI,DFO,164,50
Port Allen (HI),Kauai Island Utility Cooperative,HI,DFO,"5,590","3,318"
Port Allen (HI),Kauai Island Utility Cooperative,HI,DFO,0,0
Port Allen (HI),Kauai Island Utility Cooperative,HI,WO,0,0
Intermountain Power Project,Los Angeles Department of Water & Power,UT,BIT,"136,684","278,110"
Intermountain Power Project,Los Angeles Department of Water & Power,UT,DFO,905,494
Intermountain Power Project,Los Angeles Department of Water & Power,UT,SUB,0,0
Maalaea,Maui Electric Co Ltd,HI,DFO,0,"11,084"
Maalaea,Maui Electric Co Ltd,HI,DFO,"72,437","34,671"
Maalaea,Maui Electric Co Ltd,HI,DFO,"20,110","11,461"
Fleish,Truckee Meadows Water Authority,NV,WAT,0,"1,833"
Yards Creek Energy,Yards Creek Energy,NJ,WAT,"56,688","-15,145"
Verdi,Truckee Meadows Water Authority,NV,WAT,0,"1,432"
Block Island,Block Island Utility District,RI,DFO,0,0
Burlington (CO),"Tri-State G & T Assn, Inc",CO,DFO,"11,696","4,614"
A L Pierce,Connecticut Mun Elec Engy Coop,CT,DFO,0,0
A L Pierce,,CT,DFO,.,.
A L Pierce,Connecticut Mun Elec Engy Coop,CT,LFG,0,0
A L Pierce,,CT,LFG,.,.
A L Pierce,Connecticut Mun Elec Engy Coop,CT,NG,0,0
A L Pierce,,CT,NG,.,.
R D Green,Big Rivers Electric Corp,KY,BIT,0,0
R D Green,Big Rivers Electric Corp,KY,DFO,0,0
R D Green,Big Rivers Electric Corp,KY,NG,0,"-3,042"
R D Green,Big Rivers Electric Corp,KY,PC,0,0
Independence Steam Electric Station,Entergy Arkansas LLC,AR,DFO,"3,612","2,053"
Independence Steam Electric Station,Entergy Arkansas LLC,AR,SUB,"450,772","754,909"
Louisa,MidAmerican Energy Co,IA,DFO,0,0
Louisa,MidAmerican Energy Co,IA,NG,"43,690","4,383"
Louisa,MidAmerican Energy Co,IA,RC,0,0
Louisa,MidAmerican Energy Co,IA,SUB,"255,109","419,501"
Pebbly Beach Generating Station Hybrid,Southern California Edison Co,CA,MWH,0,0
Pebbly Beach Generating Station Hybrid,Southern California Edison Co,CA,PG,"1,022",155
Pebbly Beach Generating Station Hybrid,Southern California Edison Co,CA,DFO,"3,818","2,234"
Warrick,AGC Division of APGI Inc,IN,BIT,"184,930","351,068"
Warrick,AGC Division of APGI Inc,IN,NG,"50,954","4,413"
Rawhide,Platte River Power Authority,CO,NG,"27,272","2,100"
Rawhide,Platte River Power Authority,CO,DFO,346,197
Rawhide,Platte River Power Authority,CO,SUB,"74,863","133,072"
Sikeston Power Station,City of Sikeston - (MO),MO,DFO,0,0
Sikeston Power Station,City of Sikeston - (MO),MO,SUB,"97,696","162,004"
Hugo,"Western Farmers Elec Coop, Inc",OK,DFO,584,304
Hugo,"Western Farmers Elec Coop, Inc",OK,SUB,"105,935","160,010"
D B Wilson,Big Rivers Electric Corp,KY,BIT,"133,447","283,767"
D B Wilson,Big Rivers Electric Corp,KY,DFO,"1,425",764
D B Wilson,Big Rivers Electric Corp,KY,PC,0,0
Major Oak Power,"Major Oak Power, LLC",TX,LIG,"138,622","159,306"
Major Oak Power,"Major Oak Power, LLC",TX,NG,702,58
Major Oak Power,"Major Oak Power, LLC",TX,PC,0,0
Major Oak Power,"Major Oak Power, LLC",TX,SUB,0,0
Harry Allen,Nevada Power Co,NV,NG,0,0
Harry Allen,Nevada Power Co,NV,NG,0,-837
Harry Allen,Nevada Power Co,NV,NG,"86,440","7,568"
J K Spruce,City of San Antonio - (TX),TX,NG,"19,607","2,004"
J K Spruce,City of San Antonio - (TX),TX,SUB,"436,337","753,210"
Bad Creek,"Duke Energy Carolinas, LLC",SC,WAT,"195,340","-43,482"
William F Matson Generating Station,Allegheny Electric Coop Inc,PA,WAT,0,"10,943"
Hay Road,Calpine Mid-Atlantic Generation LLC,DE,DFO,0,"1,468"
Hay Road,Calpine Mid-Atlantic Generation LLC,DE,NG,0,"34,474"
Hay Road,Calpine Mid-Atlantic Generation LLC,DE,DFO,"6,616","3,057"
Hay Road,Calpine Mid-Atlantic Generation LLC,DE,NG,"866,478","71,814"
Woodsdale,Duke Energy Kentucky Inc,OH,DFO,"5,432",956
Woodsdale,Duke Energy Kentucky Inc,OH,NG,"199,416","6,202"
Woodsdale,Duke Energy Kentucky Inc,OH,PG,0,0
Waddell,Central Arizona Water Conservation Dist,AZ,WAT,"1,008","-1,008"
Tallassee Hydro Project,Tallassee Shoals LLC,GA,WAT,0,747
Cope,"Dominion Energy South Carolina, Inc",SC,BIT,"45,434","110,548"
Cope,"Dominion Energy South Carolina, Inc",SC,DFO,86,51
Cope,"Dominion Energy South Carolina, Inc",SC,NG,"513,453","52,737"
Cope,"Dominion Energy South Carolina, Inc",SC,RC,0,0
Clover,Virginia Electric & Power Co,VA,BIT,"107,708","247,280"
Clover,Virginia Electric & Power Co,VA,DFO,"2,236","1,172"
Cane Island,Kissimmee Utility Authority,FL,DFO,0,0
Cane Island,Kissimmee Utility Authority,FL,NG,"66,263","93,826"
Cane Island,Kissimmee Utility Authority,FL,DFO,0,0
Cane Island,Kissimmee Utility Authority,FL,NG,"1,616,033","146,898"
Cane Island,Kissimmee Utility Authority,FL,DFO,0,0
Cane Island,Kissimmee Utility Authority,FL,NG,0,0
Polk,Tampa Electric Co,FL,BIT,0,0
Polk,Tampa Electric Co,FL,DFO,0,397
Polk,Tampa Electric Co,FL,NG,"26,234","172,050"
Polk,Tampa Electric Co,FL,SGC,0,0
Polk,Tampa Electric Co,FL,BIT,0,0
Polk,Tampa Electric Co,FL,DFO,"1,296",677
Polk,Tampa Electric Co,FL,NG,"3,164,370","290,669"
Polk,Tampa Electric Co,FL,PC,0,0
Polk,Tampa Electric Co,FL,SGC,0,0
Woodland,Modesto Irrigation District,CA,NG,0,"3,744"
Woodland,Modesto Irrigation District,CA,DFO,0,0
Woodland,Modesto Irrigation District,CA,NG,"145,049","12,900"
Woodland,Modesto Irrigation District,CA,DFO,.,.
Woodland,Modesto Irrigation District,CA,NG,"44,671","4,313"
Woodland,Modesto Irrigation District,CA,NG,"41,038","4,266"
Lincoln Combustion,"Duke Energy Carolinas, LLC",NC,DFO,34,-13
Lincoln Combustion,"Duke Energy Carolinas, LLC",NC,NG,"6,372",-439
State Line Combined Cycle,Empire District Electric Co,MO,NG,0,"77,736"
State Line Combined Cycle,Empire District Electric Co,MO,NG,"1,554,444","145,617"
State Line Combined Cycle,Empire District Electric Co,MO,JF,"7,161","3,258"
State Line Combined Cycle,Empire District Electric Co,MO,NG,"10,787",906
Hines Energy Complex,"Duke Energy Florida, LLC",FL,DFO,0,0
Hines Energy Complex,"Duke Energy Florida, LLC",FL,NG,0,"236,002"
Hines Energy Complex,"Duke Energy Florida, LLC",FL,DFO,0,0
Hines Energy Complex,"Duke Energy Florida, LLC",FL,NG,"4,541,132","406,026"
Redding Power,City of Redding - (CA),CA,NG,0,"18,255"
Redding Power,City of Redding - (CA),CA,NG,"496,211","44,412"
Redding Power,City of Redding - (CA),CA,NG,"24,379","1,648"
Almond Power Plant,Turlock Irrigation District,CA,NG,"257,796","26,015"
George Neal South,MidAmerican Energy Co,IA,DFO,"4,167","2,175"
George Neal South,MidAmerican Energy Co,IA,RC,0,0
George Neal South,MidAmerican Energy Co,IA,SUB,"126,206","199,755"
Coyote Springs,Portland General Electric Co,OR,NG,0,"61,553"
Coyote Springs,Portland General Electric Co,OR,NG,"1,344,619","136,437"
Geothermal 1,Northern California Power Agny,CA,GEO,0,0
Geothermal 2,Northern California Power Agny,CA,GEO,0,"37,355"
Midulla Generating Station,Seminole Electric Cooperative Inc,FL,DFO,0,0
Midulla Generating Station,Seminole Electric Cooperative Inc,FL,NG,0,"3,878"
Midulla Generating Station,Seminole Electric Cooperative Inc,FL,DFO,0,0
Midulla Generating Station,Seminole Electric Cooperative Inc,FL,NG,"133,570","8,916"
Midulla Generating Station,Seminole Electric Cooperative Inc,FL,DFO,0,0
Midulla Generating Station,Seminole Electric Cooperative Inc,FL,NG,"9,352",700
Searsburg Wind Turbine,Green Mountain Power Corp,VT,WND,0,"1,149"
Falling Spring,Borough of Chambersburg,PA,DFO,97,34
Falling Spring,Borough of Chambersburg,PA,NG,837,53
Dutch Harbor,City of Unalaska - (AK),AK,DFO,"4,198","2,714"
Arthur Von Rosenberg,City of San Antonio - (TX),TX,NG,0,"117,214"
Arthur Von Rosenberg,City of San Antonio - (TX),TX,NG,"2,172,957","203,045"
Solano Wind,Sacramento Municipal Util Dist,CA,WND,0,"11,526"
Carson Ice-Gen Project,Sacramento Municipal Util Dist,CA,NG,0,0
Carson Ice-Gen Project,Sacramento Municipal Util Dist,CA,OBG,0,0
Carson Ice-Gen Project,Sacramento Municipal Util Dist,CA,NG,0,0
Carson Ice-Gen Project,Sacramento Municipal Util Dist,CA,OBG,0,0
Carson Ice-Gen Project,Sacramento Municipal Util Dist,CA,NG,"1,811",44
SCA Cogen 2,Sacramento Municipal Util Dist,CA,NG,"5,151","10,786"
SCA Cogen 2,Sacramento Municipal Util Dist,CA,NG,"472,346","45,213"
SCA Cogen 2,Sacramento Municipal Util Dist,CA,NG,"8,338",801
SPA Cogen 3,Sacramento Municipal Util Dist,CA,NG,820,"31,900"
SPA Cogen 3,Sacramento Municipal Util Dist,CA,NG,"707,227","59,983"
State Farm,State Farm Insurance,IL,DFO,21,7
River Road Gen Plant,PUD No 1 of Clark County - (WA),WA,NG,"1,226,972","182,634"
H Allen Franklin Combined Cycle,Southern Power Co,AL,NG,"445,960","419,002"
H Allen Franklin Combined Cycle,Southern Power Co,AL,DFO,0,0
H Allen Franklin Combined Cycle,Southern Power Co,AL,NG,"7,362,506","745,907"
Watts Bar Nuclear Plant,Tennessee Valley Authority,TN,NUC,0,"884,288"
Watts Bar Nuclear Plant,Tennessee Valley Authority,TN,NUC,0,"796,391"
Kapstone,WestRock North Charleston,SC,BIT,0,0
Kapstone,WestRock North Charleston,SC,BLQ,0,0
Kapstone,WestRock North Charleston,SC,DFO,0,0
Kapstone,WestRock North Charleston,SC,WDS,0,0
Chouteau,"Associated Electric Coop, Inc",OK,NG,"20,285","226,005"
Chouteau,"Associated Electric Coop, Inc",OK,NG,"4,649,733","452,996"
Bonanza,Deseret Generation & Tran Coop,UT,SUN,0,0
Bonanza,Deseret Generation & Tran Coop,UT,BIT,"157,143","297,540"
Bonanza,Deseret Generation & Tran Coop,UT,DFO,"1,362",775
Sherwood H Smith Jr Energy Complex,Duke Energy Progress - (NC),NC,DFO,0,0
Sherwood H Smith Jr Energy Complex,Duke Energy Progress - (NC),NC,NG,"137,843","290,528"
Sherwood H Smith Jr Energy Complex,Duke Energy Progress - (NC),NC,DFO,0,0
Sherwood H Smith Jr Energy Complex,Duke Energy Progress - (NC),NC,NG,"5,245,565","489,963"
Sherwood H Smith Jr Energy Complex,Duke Energy Progress - (NC),NC,DFO,"24,114","13,086"
Sherwood H Smith Jr Energy Complex,Duke Energy Progress - (NC),NC,NG,"667,267","63,617"
Rowan,Southern Power Co,NC,DFO,0,0
Rowan,Southern Power Co,NC,NG,0,"134,225"
Rowan,Southern Power Co,NC,DFO,0,0
Rowan,Southern Power Co,NC,NG,"2,554,788","253,996"
Rowan,Southern Power Co,NC,DFO,"32,111","16,855"
Rowan,Southern Power Co,NC,NG,"161,770","15,108"
John S Rainey,South Carolina Public Service Authority,SC,DFO,0,0
John S Rainey,South Carolina Public Service Authority,SC,NG,0,"126,592"
John S Rainey,South Carolina Public Service Authority,SC,DFO,0,0
John S Rainey,South Carolina Public Service Authority,SC,NG,"2,402,355","219,448"
John S Rainey,South Carolina Public Service Authority,SC,DFO,0,0
John S Rainey,South Carolina Public Service Authority,SC,NG,"211,053","20,269"
Ladysmith,Virginia Electric & Power Co,VA,DFO,"24,934","12,544"
Ladysmith,Virginia Electric & Power Co,VA,NG,"55,836","5,134"
Lagoon Creek,Tennessee Valley Authority,TN,NG,"813,056","118,535"
Lagoon Creek,Tennessee Valley Authority,TN,NG,"1,618,833","236,009"
Lagoon Creek,Tennessee Valley Authority,TN,DFO,419,205
Lagoon Creek,Tennessee Valley Authority,TN,NG,"480,847","40,753"
Brandy Branch,JEA,FL,DFO,0,0
Brandy Branch,JEA,FL,NG,"75,936","148,604"
Brandy Branch,JEA,FL,DFO,0,0
Brandy Branch,JEA,FL,NG,"2,866,716","297,378"
Brandy Branch,JEA,FL,DFO,33,18
Brandy Branch,JEA,FL,NG,"133,497","12,914"
Encogen,Puget Sound Energy Inc,WA,DFO,0,545
Encogen,Puget Sound Energy Inc,WA,NG,0,"32,198"
Encogen,Puget Sound Energy Inc,WA,DFO,"2,713","1,166"
Encogen,Puget Sound Energy Inc,WA,NG,"835,268","68,848"
H L Culbreath Bayside Power Station,Tampa Electric Co,FL,NG,0,"77,206"
H L Culbreath Bayside Power Station,Tampa Electric Co,FL,NG,"1,687,204","147,886"
H L Culbreath Bayside Power Station,Tampa Electric Co,FL,NG,"10,526",870
Terry Bundy Generating Station,Lincoln Electric System,NE,DFO,0,0
Terry Bundy Generating Station,Lincoln Electric System,NE,NG,35,429
Terry Bundy Generating Station,Lincoln Electric System,NE,DFO,0,0
Terry Bundy Generating Station,Lincoln Electric System,NE,NG,"19,828","2,110"
Terry Bundy Generating Station,Lincoln Electric System,NE,DFO,"4,285","2,395"
Terry Bundy Generating Station,Lincoln Electric System,NE,NG,"37,586","3,824"
Terry Bundy Generating Station,Lincoln Electric System,NE,DFO,6,3
Terry Bundy Generating Station,Lincoln Electric System,NE,LFG,"25,060",996
E B Harris Electric Generating Plant,Southern Power Co,AL,NG,"153,592","187,777"
E B Harris Electric Generating Plant,Southern Power Co,AL,NG,"3,412,846","336,970"
Sand Hill,Austin Energy,TX,NG,"79,311","60,979"
Sand Hill,Austin Energy,TX,NG,"1,182,378","103,706"
Sand Hill,Austin Energy,TX,NG,"385,342","42,968"
Pine Flat,Kings River Conservation Dist,CA,WAT,0,0
Chattahoochee Energy Facility,Oglethorpe Power Corporation,GA,NG,472,"124,842"
Chattahoochee Energy Facility,Oglethorpe Power Corporation,GA,ANT,.,.
Chattahoochee Energy Facility,Oglethorpe Power Corporation,GA,NG,"2,438,937","244,680"
Buffalo Mountain,Tennessee Valley Authority,TN,WND,0,0
Coyote Springs II,Avista Corp,OR,NG,"80,643","81,929"
Coyote Springs II,Avista Corp,OR,NG,"1,393,686","145,075"
Wansley Unit 9,Municipal Electric Authority,GA,NG,"68,288","113,551"
Wansley Unit 9,Municipal Electric Authority,GA,NG,"2,049,177","191,270"
Warren F Sam Beasley Generation Station,Delaware Municipal Electric Corp,DE,DFO,0,0
Warren F Sam Beasley Generation Station,Delaware Municipal Electric Corp,DE,NG,835,-107
Grays Harbor Energy Facility,Invenergy Services LLC,WA,NG,0,"96,284"
Grays Harbor Energy Facility,Invenergy Services LLC,WA,NG,"1,938,208","185,551"
Newington,Granite Shore Power,NH,DFO,0,0
Newington,Granite Shore Power,NH,NG,0,0
Newington,Granite Shore Power,NH,RFO,0,0
Bear Swamp,Bear Swamp Power Company LLC,MA,WAT,"90,070","-19,581"
Roseton Generating Facility,CCI Roseton LLC,NY,DFO,0,0
Roseton Generating Facility,CCI Roseton LLC,NY,NG,"65,091","5,854"
Roseton Generating Facility,CCI Roseton LLC,NY,RFO,"28,802","16,030"
Columbia (WI),Wisconsin Power & Light Co,WI,DFO,0,0
Columbia (WI),Wisconsin Power & Light Co,WI,SUB,"396,838","660,934"
Emery Station,Interstate Power and Light Co,IA,NG,"116,922","69,170"
Emery Station,Interstate Power and Light Co,IA,NG,"1,119,333","101,265"
Cooper Nuclear Station,Nebraska Public Power District,NE,NUC,0,"591,939"
Belews Creek,"Duke Energy Carolinas, LLC",NC,BIT,"209,701","512,040"
Belews Creek,"Duke Energy Carolinas, LLC",NC,DFO,0,0
Belews Creek,"Duke Energy Carolinas, LLC",NC,NG,"4,582,962","457,809"
Anclote,"Duke Energy Florida, LLC",FL,DFO,0,0
Anclote,"Duke Energy Florida, LLC",FL,NG,"1,434,374","124,101"
Anclote,"Duke Energy Florida, LLC",FL,RFO,0,0
Intercession City,"Duke Energy Florida, LLC",FL,DFO,"1,211",505
Intercession City,"Duke Energy Florida, LLC",FL,NG,"220,374","16,292"
Arkansas Nuclear One,Entergy Arkansas LLC,AR,NUC,0,"637,338"
Arkansas Nuclear One,Entergy Arkansas LLC,AR,NUC,0,"751,721"
Jim Bridger,PacifiCorp,WY,DFO,0,0
Jim Bridger,PacifiCorp,WY,NG,0,0
Jim Bridger,PacifiCorp,WY,SUB,"384,555","644,280"
Santan,Salt River Project,AZ,NG,"285,612","159,018"
Santan,Salt River Project,AZ,NG,"107,792","12,359"
Santan,Salt River Project,AZ,NG,"2,663,135","251,534"
Huntington,PacifiCorp,UT,BIT,"112,790","224,843"
Huntington,PacifiCorp,UT,DFO,109,56
Keahole,Hawaii Electric Light Co Inc,HI,DFO,0,"3,492"
Keahole,Hawaii Electric Light Co Inc,HI,DFO,"26,525","13,329"
Keahole,Hawaii Electric Light Co Inc,HI,DFO,"6,097","2,203"
Keahole,Hawaii Electric Light Co Inc,HI,DFO,715,402
"Gavin Power, LLC","Gavin Power, LLC",OH,BIT,"500,154","1,310,068"
"Gavin Power, LLC","Gavin Power, LLC",OH,DFO,"4,256","2,537"
"Gavin Power, LLC","Gavin Power, LLC",OH,RC,0,0
Ray D Nixon,City of Colorado Springs - (CO),CO,NG,"17,775","1,400"
Ray D Nixon,City of Colorado Springs - (CO),CO,DFO,650,350
Ray D Nixon,City of Colorado Springs - (CO),CO,SUB,"57,048","93,673"
Coyote,Otter Tail Power Co,ND,DFO,936,476
Coyote,Otter Tail Power Co,ND,LIG,"234,826","280,544"
Springerville,Tucson Electric Power Co,AZ,SUN,0,"1,162"
Springerville,Tucson Electric Power Co,AZ,DFO,"2,518","1,427"
Springerville,Tucson Electric Power Co,AZ,SUB,"463,207","817,445"
North Valmy,Sierra Pacific Power Co,NV,BIT,"37,693","50,611"
North Valmy,Sierra Pacific Power Co,NV,DFO,745,311
North Valmy,Sierra Pacific Power Co,NV,SUB,"37,693","52,118"
Seneca Generation LLC,Seneca Generation LLC,PA,WAT,0,"7,784"
Seneca Generation LLC,Seneca Generation LLC,PA,WAT,"121,875","-39,875"
Bent Mountain,FirstEnergy Generation Corp,KY,BIT,0,0
1st Energy,Virginia Electric & Power Co,VA,BIT,0,0
1st Energy,Virginia Electric & Power Co,VA,DFO,0,0
Davant Transfer,Tampa Electric Co,FL,BIT,0,0
Davant Transfer,Tampa Electric Co,FL,PC,0,0
Davant Transfer,Tampa Electric Co,FL,SUB,0,0
Barber's Point Tank Farm,Hawaiian Electric Co Inc,HI,DFO,0,0
Barber's Point Tank Farm,Hawaiian Electric Co Inc,HI,RFO,0,0
IMT Transfer NY,Consolidated Edison Co-NY Inc,NY,RFO,0,0
IMT Transfer,"Duke Energy Florida, LLC",FL,BIT,0,0
Martin Gas Storage Facility,"Duke Energy Florida, LLC",FL,DFO,0,0
US United Bulk Terminal,"Duke Energy Florida, LLC",FL,BIT,0,0
Bay Gas,Mississippi Power Co,MS,NG,0,0
Petal Gas,Mississippi Power Co,MS,NG,0,0
GRT Terminal,Tennessee Valley Authority,KY,BIT,0,0
GRT Terminal,Tennessee Valley Authority,KY,SUB,0,0
Cora Transfer,Tennessee Valley Authority,TN,BIT,0,0
Cora Transfer,Tennessee Valley Authority,TN,SUB,0,0
Calvert City,Tennessee Valley Authority,KY,BIT,0,0
Calvert City,Tennessee Valley Authority,KY,DFO,0,0
Calvert City,Tennessee Valley Authority,KY,SUB,0,0
Cook - TVA,Virginia Electric & Power Co,IL,BIT,0,0
Cook - TVA,Virginia Electric & Power Co,IL,SUB,0,0
DTE-BRSC Shared Storage,DTE Electric Company,MI,BIT,0,0
DTE-BRSC Shared Storage,DTE Electric Company,MI,DFO,0,0
DTE-BRSC Shared Storage,DTE Electric Company,MI,SUB,0,0
PSEG--Eastern Terminal,PSEG Fossil LLC,NJ,BIT,0,0
PSEG--Eastern Terminal,PSEG Fossil LLC,NJ,DFO,0,0
PSEG--Eastern Terminal,PSEG Fossil LLC,NJ,KER,0,0
Keystone Fuels Terminal,"RRI Energy Services, LLC",PA,BIT,0,0
Keystone Fuels Terminal,"RRI Energy Services, LLC",PA,DFO,0,0
Keystone Fuels Terminal,"RRI Energy Services, LLC",PA,WC,0,0
Conemaugh Fuels LLC -Terminal,"RRI Energy Services, LLC",PA,BIT,0,0
Conemaugh Fuels LLC -Terminal,"RRI Energy Services, LLC",PA,NG,0,0
Conemaugh Fuels LLC -Terminal,"RRI Energy Services, LLC",PA,WC,0,0
Southern Pines,Alabama Power Co,AL,BIT,0,0
Southern Pines,Alabama Power Co,AL,NG,0,0
Ceredo - Terminal,"Duke Energy Florida, LLC",WV,BIT,0,0
Shipyard River Terminal,"Duke Energy Florida, LLC",SC,BIT,0,0
Associated TerminalS,"Duke Energy Florida, LLC",MS,BIT,0,0
Associated TerminalS,"Duke Energy Florida, LLC",MS,DFO,0,0
CCT Terminal,Indiana Michigan Power Co,IL,BIT,0,0
CCT Terminal,Indiana Michigan Power Co,IL,SUB,0,0
Leaf River,Mississippi Power Co,MS,BIT,0,0
Leaf River,Mississippi Power Co,MS,NG,0,0
PSEG- Kinder Morgan Coal Storage,PSEG Fossil LLC,PA,BIT,0,0
PSEG- Provport Coal Storage,PSEG Power Connecticut LLC,RI,SUB,0,0
Alicia Dock,Allegheny Energy Supply Co LLC,PA,BIT,0,0
Colona - Terminal,Allegheny Energy Supply Co LLC,PA,BIT,0,0
Colona - Terminal,Allegheny Energy Supply Co LLC,PA,SUB,0,0
Warrenton Terminal,FirstEnergy Generation Corp,OH,BIT,0,0
Warrenton Terminal,FirstEnergy Generation Corp,OH,SUB,0,0
Haywood Storage Facility,Allegheny Energy Supply Co LLC,WV,BIT,0,0
Four Rivers Terminal,Tennessee Valley Authority,KY,BIT,0,0
Four Rivers Terminal,Tennessee Valley Authority,KY,SUB,0,0
Hoover Dam (AZ),U S Bureau of Reclamation,AZ,WAT,0,"84,897"
Colorado Energy Nations Company,Molson Coors USA LLC,CO,BIT,0,0
Colorado Energy Nations Company,Molson Coors USA LLC,CO,DFO,0,0
Colorado Energy Nations Company,Molson Coors USA LLC,CO,NG,"333,426","10,747"
Colorado Energy Nations Company,Molson Coors USA LLC,CO,WO,0,0
Mosaic South Pierce Operations,Mosaic Fertilizer LLC,FL,WH,0,"8,610"
Baptist Medical Center,Baptist Memorial Hospital,FL,DFO,0,0
Baptist Medical Center,Baptist Memorial Hospital,FL,NG,"28,068","1,968"
Covanta Hennepin Energy,Covanta Energy Co,MN,MSB,"19,692","7,780"
Covanta Hennepin Energy,Covanta Energy Co,MN,MSN,"12,590","9,509"
Covanta Hennepin Energy,Covanta Energy Co,MN,NG,910,51
WestRock-West Point Mill,WestRock-West Point Mill,VA,BIT,"1,508","1,111"
WestRock-West Point Mill,WestRock-West Point Mill,VA,BLQ,"53,625","17,696"
WestRock-West Point Mill,WestRock-West Point Mill,VA,DFO,"1,691",294
WestRock-West Point Mill,WestRock-West Point Mill,VA,NG,"473,846","14,660"
WestRock-West Point Mill,WestRock-West Point Mill,VA,OBL,0,0
WestRock-West Point Mill,WestRock-West Point Mill,VA,RFO,"1,179",219
WestRock-West Point Mill,WestRock-West Point Mill,VA,SLW,"5,416",670
WestRock-West Point Mill,WestRock-West Point Mill,VA,WDS,"24,569","6,949"
"RED-Rochester, LLC","RED-Rochester, LLC",NY,WAT,0,0
"RED-Rochester, LLC","RED-Rochester, LLC",NY,BIT,0,0
"RED-Rochester, LLC","RED-Rochester, LLC",NY,DFO,0,0
"RED-Rochester, LLC","RED-Rochester, LLC",NY,NG,"664,907","27,313"
"RED-Rochester, LLC","RED-Rochester, LLC",NY,RFO,0,0
Encina Water Pollution Control,Encina Joint Powers Authority,CA,NG,348,32
Encina Water Pollution Control,Encina Joint Powers Authority,CA,OBG,"21,761","1,194"
General Electric Aircraft Engines,General Electric Aircraft Engines,MA,SUN,0,68
General Electric Aircraft Engines,General Electric Aircraft Engines,MA,DFO,0,0
General Electric Aircraft Engines,General Electric Aircraft Engines,MA,NG,0,0
General Electric Aircraft Engines,General Electric Aircraft Engines,MA,RFO,0,0
Energy Center Dover,"Cartier Energy, LLC",DE,NG,0,213
Energy Center Dover,"Cartier Energy, LLC",DE,BIT,0,0
Energy Center Dover,"Cartier Energy, LLC",DE,KER,0,0
Energy Center Dover,"Cartier Energy, LLC",DE,NG,"23,882","2,432"
Energy Center Dover,"Cartier Energy, LLC",DE,BIT,.,.
Energy Center Dover,"Cartier Energy, LLC",DE,DFO,217,120
Energy Center Dover,"Cartier Energy, LLC",DE,KER,.,.
Energy Center Dover,"Cartier Energy, LLC",DE,NG,"2,900",286
Kaweah Delta District Hospital,Kaweah Delta Hospital,CA,NG,"24,115","1,547"
Fourche Creek Wastewater,Little Rock Water Reclamation Authority,AR,NG,"1,276",0
Fourche Creek Wastewater,Little Rock Water Reclamation Authority,AR,OBG,955,0
General Electric Diesel Engine Plant,General Electric Co,PA,DFO,"2,644",457
General Electric Diesel Engine Plant,General Electric Co,PA,NG,0,0
Miami Dade County Resource Recovery Fac,Covanta Southeast Florida Renewable Ltd,FL,MSB,0,0
Miami Dade County Resource Recovery Fac,Covanta Southeast Florida Renewable Ltd,FL,MSN,0,0
Miami Dade County Resource Recovery Fac,Covanta Southeast Florida Renewable Ltd,FL,NG,0,0
Tesoro Hawaii,PAR Petroleum,HI,DFO,336,164
Tesoro Hawaii,PAR Petroleum,HI,JF,0,0
Tesoro Hawaii,PAR Petroleum,HI,KER,0,0
Tesoro Hawaii,PAR Petroleum,HI,RFO,0,0
Tesoro Hawaii,PAR Petroleum,HI,WO,"34,571","13,992"
Hampton Facility,Foss Manufacturing Company LLC,NH,DFO,0,0
Hampton Facility,Foss Manufacturing Company LLC,NH,NG,"30,998","2,720"
Harrisburg Facility,Harrisburg Authority,PA,MSB,"14,836","4,094"
Harrisburg Facility,Harrisburg Authority,PA,MSN,"9,485","5,004"
Harrisburg Facility,Harrisburg Authority,PA,NG,"11,729",495
CIP II/AR Bridgewater Holdings - NJCOE,"COE Bridgewater LLC c/o Thor Equities, LLC",NJ,DFO,0,0
CIP II/AR Bridgewater Holdings - NJCOE,"COE Bridgewater LLC c/o Thor Equities, LLC",NJ,NG,"42,290","2,435"
Hoffmann LaRoche,"PB Nutclif Master, LLC",NJ,DFO,0,0
Hoffmann LaRoche,"PB Nutclif Master, LLC",NJ,NG,"47,120","3,682"
Indiana University of Pennsylvania,Indiana University of Penn,PA,DFO,114,61
Indiana University of Pennsylvania,Indiana University of Penn,PA,NG,"13,837","1,309"
Seadrift Coke LP,Seadrift Coke L P,TX,NG,"1,717",47
Seadrift Coke LP,Seadrift Coke L P,TX,OG,"17,689",613
Seadrift Coke LP,Seadrift Coke L P,TX,PC,"2,165","1,577"
Cherokee Falls,Hydroland Omega LLC,SC,WAT,0,0
Childrens Hospital,DTE San Diego COGEN Inc.,CA,NG,"30,696","2,056"
Childrens Hospital,DTE San Diego COGEN Inc.,CA,DFO,3,1
Metro Wastewater Reclamation District,,CO,NG,0,0
Metro Wastewater Reclamation District,,CO,OBG,"93,281","3,504"
Metro Wastewater Reclamation District,,CO,PG,0,0
Metro Wastewater Reclamation District,,CO,OBG,0,0
Metropolitan Sewerage District,Metropolitan Sewerage District,NC,WAT,0,595
Hawaii Cogen,Island Energy Services,HI,OG,0,0
Hawaii Cogen,Island Energy Services,HI,WO,0,0
CF Industries Yazoo City Complex,CF Industries Nitrogen LLC,MS,NG,"155,646","13,952"
Mosaic Phosphates Uncle Sam,Mosaic Phosphates Co.,LA,NG,0,0
Mosaic Phosphates Uncle Sam,Mosaic Phosphates Co.,LA,OTH,0,0
Mosaic Phosphates Uncle Sam,Mosaic Phosphates Co.,LA,WH,0,"-7,510"
Fernandina Beach Mill,"WestRock, Fernandina Beach",FL,BIT,"1,645",912
Fernandina Beach Mill,"WestRock, Fernandina Beach",FL,BLQ,"74,854","18,342"
Fernandina Beach Mill,"WestRock, Fernandina Beach",FL,DFO,285,37
Fernandina Beach Mill,"WestRock, Fernandina Beach",FL,NG,"408,799","9,274"
Fernandina Beach Mill,"WestRock, Fernandina Beach",FL,WDS,"36,261","7,139"
Mosaic Co Tampa Facility,Mosaic Company,FL,NG,0,0
Mosaic Co Tampa Facility,Mosaic Company,FL,OTH,0,"5,106"
Loma Linda University Cogen,Loma Linda University,CA,DFO,0,0
Loma Linda University Cogen,Loma Linda University,CA,NG,"90,937","5,291"
Loma Linda University Cogen,Loma Linda University,CA,DFO,0,0
Escanaba Mill,Billerud Escanaba LLC,MI,BIT,0,0
Escanaba Mill,Billerud Escanaba LLC,MI,BLQ,"42,438","15,013"
Escanaba Mill,Billerud Escanaba LLC,MI,NG,"481,073","14,639"
Escanaba Mill,Billerud Escanaba LLC,MI,RFO,"2,355",467
Escanaba Mill,Billerud Escanaba LLC,MI,SLW,0,0
Escanaba Mill,Billerud Escanaba LLC,MI,TDF,0,0
Escanaba Mill,Billerud Escanaba LLC,MI,WDS,"27,155","8,868"
El Segundo Cogen,Chevron USA Inc-El Segundo,CA,NG,0,"7,531"
El Segundo Cogen,Chevron USA Inc-El Segundo,CA,OG,"51,138",268
El Segundo Cogen,Chevron USA Inc-El Segundo,CA,NG,"996,230","81,680"
El Segundo Cogen,Chevron USA Inc-El Segundo,CA,OG,0,0
Merck Rahway Power Plant,Merck & Co Inc,NJ,SUN,0,0
Merck Rahway Power Plant,Merck & Co Inc,NJ,DFO,0,0
Merck Rahway Power Plant,Merck & Co Inc,NJ,NG,"176,985","4,842"
Leaf River Cellulose LLC,Leaf River Cellulose LLC,MS,BLQ,"99,300","30,125"
Leaf River Cellulose LLC,Leaf River Cellulose LLC,MS,NG,"27,472",701
Leaf River Cellulose LLC,Leaf River Cellulose LLC,MS,WDS,"15,706","7,978"
Pixelle Specialty Solutions LLC - Chilli,"Pixelle Specialty Solution, LLC",OH,BIT,0,0
Pixelle Specialty Solutions LLC - Chilli,"Pixelle Specialty Solution, LLC",OH,BLQ,"32,161","8,707"
Pixelle Specialty Solutions LLC - Chilli,"Pixelle Specialty Solution, LLC",OH,DFO,278,37
Pixelle Specialty Solutions LLC - Chilli,"Pixelle Specialty Solution, LLC",OH,NG,"492,643","11,915"
Pixelle Specialty Solutions LLC - Chilli,"Pixelle Specialty Solution, LLC",OH,TDF,"1,010",726
Pixelle Specialty Solutions LLC - Chilli,"Pixelle Specialty Solution, LLC",OH,WDS,"17,198","3,492"
Domtar Kingsport Mill,Domtar Paper Co LLC Kingsport Mill,TN,BLQ,0,0
Domtar Kingsport Mill,Domtar Paper Co LLC Kingsport Mill,TN,DFO,0,0
Domtar Kingsport Mill,Domtar Paper Co LLC Kingsport Mill,TN,NG,"315,565","11,795"
Domtar Kingsport Mill,Domtar Paper Co LLC Kingsport Mill,TN,OBS,691,276
Domtar Kingsport Mill,Domtar Paper Co LLC Kingsport Mill,TN,RFO,0,0
Domtar Kingsport Mill,Domtar Paper Co LLC Kingsport Mill,TN,SLW,"1,334",240
Domtar Kingsport Mill,Domtar Paper Co LLC Kingsport Mill,TN,WDS,"8,136","2,700"
California Institute of Technology,California Institute-Technology,CA,NG,"38,279",0
California Institute of Technology,California Institute-Technology,CA,NG,"7,030","1,931"
Kansas River Project,Bowersock Mills & Power Co,KS,WAT,0,719
Big Creek Water Works,Big Creek Water Works Ltd,CA,WAT,0,"2,081"
Cornell Hydro,Cornell Hydro,NY,WAT,0,445
King City Power Plant,Calpine King City Cogen LLC,CA,NG,0,143
King City Power Plant,Calpine King City Cogen LLC,CA,NG,"4,335",334
Bayou Cogen Plant,Air Liquide Large Industries U S LP,TX,NG,"2,926,493","180,201"
Bayou Cogen Plant,Air Liquide Large Industries U S LP,TX,OG,"613,166","36,799"
Desert View Power,Desert View Power Inc,CA,NG,"2,155",133
Desert View Power,Desert View Power Inc,CA,PC,0,0
Desert View Power,Desert View Power Inc,CA,TDF,0,0
Desert View Power,Desert View Power Inc,CA,WDS,"9,727","8,919"
Juniata Locomotive Shop,Norfork Southern Corp,PA,BIT,0,0
Juniata Locomotive Shop,Norfork Southern Corp,PA,NG,0,0
T B Simon Power Plant,Michigan State University,MI,NG,"18,645","1,824"
T B Simon Power Plant,Michigan State University,MI,NG,"18,735","2,370"
T B Simon Power Plant,Michigan State University,MI,NG,"467,109","17,198"
H Power,Covanta Honolulu Resource Recovery,HI,SUN,0,0
H Power,Covanta Honolulu Resource Recovery,HI,DFO,"1,149",355
H Power,Covanta Honolulu Resource Recovery,HI,MSB,"32,828","13,448"
H Power,Covanta Honolulu Resource Recovery,HI,MSN,"20,987","16,435"
Southside Water Reclamation Plant,Albuquerque City of,NM,NG,"2,974",336
Southside Water Reclamation Plant,Albuquerque City of,NM,OBG,"23,766","1,310"
Marathon Bay Area Cogen,Tesoro Marketing & Refining Co. LLC (Martinez),CA,NG,0,"11,698"
Marathon Bay Area Cogen,Tesoro Marketing & Refining Co. LLC (Martinez),CA,NG,"571,136","45,853"
Greenleaf 2 Power Plant,Greenleaf Energy LLC,CA,NG,0,0
Consumer Operations LLC,Georgia-Pacific Consumer Oper. Green Bay LLC,WI,NG,"350,967","23,020"
Georgia-Pacific Muskogee,Georgia-Pacific Muskogee LLC,OK,BIT,0,0
Georgia-Pacific Muskogee,Georgia-Pacific Muskogee LLC,OK,NG,"600,915","30,220"
Georgia-Pacific Muskogee,Georgia-Pacific Muskogee LLC,OK,SUB,"3,291","2,818"
Cleveland Works,Cleveland Cliffs,OH,BFG,"2,764,003","9,777"
Cleveland Works,Cleveland Cliffs,OH,NG,"255,534","9,659"
Cleveland Works,Cleveland Cliffs,OH,RFO,0,0
Wainiha Hydro,BBCP Kauai Operating LLC,HI,WAT,0,"1,646"
Pensacola Florida Plant,Ascend Performance Materials LLC,FL,NG,0,0
Pensacola Florida Plant,Ascend Performance Materials LLC,FL,NG,"720,332","4,901"
Pensacola Florida Plant,Ascend Performance Materials LLC,FL,OG,"51,665",5
Pensacola Florida Plant,Ascend Performance Materials LLC,FL,RFO,0,0
Pensacola Florida Plant,Ascend Performance Materials LLC,FL,WO,1,0
Indian Orchard Plant 1,Solutia Inc-Indian,MA,BIT,0,0
Indian Orchard Plant 1,Solutia Inc-Indian,MA,NG,"139,810",0
New-Indy Ontario Mill,New-Indy Ontario LLC,CA,NG,"241,085","21,588"
Anheuser-Busch St Louis,Anheuser-Busch Inc,MO,BIT,0,0
Anheuser-Busch St Louis,Anheuser-Busch Inc,MO,LIG,0,0
Anheuser-Busch St Louis,Anheuser-Busch Inc,MO,NG,"147,629","4,775"
Anheuser-Busch St Louis,Anheuser-Busch Inc,MO,OBG,"13,221",305
Anheuser-Busch St Louis,Anheuser-Busch Inc,MO,RFO,0,0
Anheuser-Busch St Louis,Anheuser-Busch Inc,MO,WDS,0,0
Mosaic New Wales Operations,Mosaic Fertilizer LLC,FL,WH,0,"37,116"
Camden Resource Recovery Facility,Covanta Camden Energy Recovery Center,NJ,DFO,0,0
Camden Resource Recovery Facility,Covanta Camden Energy Recovery Center,NJ,MSB,"20,977","6,514"
Camden Resource Recovery Facility,Covanta Camden Energy Recovery Center,NJ,MSN,"13,412","7,962"
Camden Resource Recovery Facility,Covanta Camden Energy Recovery Center,NJ,NG,0,0
"Lockhart Solar PV, LLC",Terra-Gen Operating Co-Solar,CA,SUN,0,"10,691"
SEGS IX,Terra-Gen Operating Co-Solar,CA,NG,0,0
SEGS IX,Terra-Gen Operating Co-Solar,CA,SUN,0,"2,604"
ReEnergy Black River,Black River Generation LLC,NY,DFO,0,0
ReEnergy Black River,Black River Generation LLC,NY,JF,0,0
ReEnergy Black River,Black River Generation LLC,NY,TDF,0,0
ReEnergy Black River,Black River Generation LLC,NY,WDS,0,0
Puente Hills Energy Recovery,Los Angeles County Sanitation,CA,LFG,0,0
Puente Hills Energy Recovery,Los Angeles County Sanitation,CA,LFG,"505,820","13,951"
Puente Hills Energy Recovery,Los Angeles County Sanitation,CA,NG,0,0
Expander Turbine,Cleveland Cliffs,IN,BFG,0,875
Boise Cascade International Falls,Boise White Paper LLC,MN,BLQ,"44,371","18,374"
Boise Cascade International Falls,Boise White Paper LLC,MN,NG,"265,300","9,393"
Boise Cascade International Falls,Boise White Paper LLC,MN,SLW,"1,032",373
Boise Cascade International Falls,Boise White Paper LLC,MN,WDS,"10,355","3,666"
International Falls Power,Boise White Paper LLC,MN,WAT,0,"3,657"
Rumford Cogeneration,"ND Paper, Inc.",ME,BIT,"2,999","2,069"
Rumford Cogeneration,"ND Paper, Inc.",ME,BLQ,"47,658","18,987"
Rumford Cogeneration,"ND Paper, Inc.",ME,DFO,0,0
Rumford Cogeneration,"ND Paper, Inc.",ME,RFO,"7,377","1,490"
Rumford Cogeneration,"ND Paper, Inc.",ME,SLW,"2,066",301
Rumford Cogeneration,"ND Paper, Inc.",ME,TDF,"11,095","11,531"
Rumford Cogeneration,"ND Paper, Inc.",ME,WDS,"32,072","9,444"
Kern River Cogeneration,Kern River Cogeneration Co,CA,NG,"1,061",87
Wheelabrator Hudson Falls,Wheelabrator Environmental Systems,NY,MSB,"5,288","1,381"
Wheelabrator Hudson Falls,Wheelabrator Environmental Systems,NY,MSN,"3,381","1,688"
Wheelabrator Hudson Falls,Wheelabrator Environmental Systems,NY,NG,100,3
Lederle Laboratories,Veolia NA - Municipal & Commercial Business,NY,DFO,0,0
Lederle Laboratories,Veolia NA - Municipal & Commercial Business,NY,NG,"26,167","1,036"
Lederle Laboratories,Veolia NA - Municipal & Commercial Business,NY,DFO,0,0
Lederle Laboratories,Veolia NA - Municipal & Commercial Business,NY,NG,"176,774","14,644"
Craven County Wood Energy LP,CMS Generation Operating Co II,NC,NG,0,0
Craven County Wood Energy LP,CMS Generation Operating Co II,NC,OBS,"11,317","11,331"
Craven County Wood Energy LP,CMS Generation Operating Co II,NC,WDS,"40,852","19,385"
Craven County Wood Energy LP,CMS Generation Operating Co II,NC,WO,0,0
San Jose Cogeneration,San Jose State University Fclts Dev &Ops,CA,DFO,0,0
San Jose Cogeneration,San Jose State University Fclts Dev &Ops,CA,KER,0,0
San Jose Cogeneration,San Jose State University Fclts Dev &Ops,CA,NG,"48,160","2,797"
High Shoals Hydro (NC),"Central Rivers Power US, LLC",NC,WAT,0,266
Formosa Utility Venture Ltd,Formosa Plastics Corp,TX,NG,"13,480","43,110"
Formosa Utility Venture Ltd,Formosa Plastics Corp,TX,OG,"1,580",529
Formosa Utility Venture Ltd,Formosa Plastics Corp,TX,NG,"3,271,907","338,157"
Formosa Utility Venture Ltd,Formosa Plastics Corp,TX,OG,"152,484","4,123"
Algonquin Windsor Locks,Ahlstrom Power Windsor Locks LLC,CT,DFO,0,0
Algonquin Windsor Locks,Ahlstrom Power Windsor Locks LLC,CT,NG,0,0
Algonquin Windsor Locks,Ahlstrom Power Windsor Locks LLC,CT,DFO,0,0
Algonquin Windsor Locks,Ahlstrom Power Windsor Locks LLC,CT,NG,"120,720","11,043"
Brunswick Cellulose,Brunswick Cellulose LLC,GA,BLQ,"114,548","14,973"
Brunswick Cellulose,Brunswick Cellulose LLC,GA,DFO,0,0
Brunswick Cellulose,Brunswick Cellulose LLC,GA,NG,"1,446,463","16,304"
Brunswick Cellulose,Brunswick Cellulose LLC,GA,RFO,"27,388","1,890"
Brunswick Cellulose,Brunswick Cellulose LLC,GA,TDF,264,90
Brunswick Cellulose,Brunswick Cellulose LLC,GA,WDS,"18,975","1,822"
Georgia-Pacific Crossett LLC,Georgia-Pacific Crossett LLC,AR,BLQ,0,0
Georgia-Pacific Crossett LLC,Georgia-Pacific Crossett LLC,AR,DFO,0,0
Georgia-Pacific Crossett LLC,Georgia-Pacific Crossett LLC,AR,NG,"94,664",0
Georgia-Pacific Crossett LLC,Georgia-Pacific Crossett LLC,AR,TDF,0,0
Georgia-Pacific Crossett LLC,Georgia-Pacific Crossett LLC,AR,WDS,0,0
Georgia-Pacific Crossett LLC,Georgia-Pacific Crossett LLC,AR,WO,0,0
Wheelabrator Baltimore Refuse,Wheelabrator Environmental Systems,MD,MSB,"38,378","11,952"
Wheelabrator Baltimore Refuse,Wheelabrator Environmental Systems,MD,MSN,"24,535","14,607"
Hopewell Cogeneration,Luminant Generation Company LLC,VA,DFO,0,959
Hopewell Cogeneration,Luminant Generation Company LLC,VA,NG,0,"1,149"
Hopewell Cogeneration,Luminant Generation Company LLC,VA,DFO,"7,722","3,410"
Hopewell Cogeneration,Luminant Generation Company LLC,VA,NG,"48,843","4,084"
Covanta Hempstead,Covanta Hempstead Company,NY,DFO,323,109
Covanta Hempstead,Covanta Hempstead Company,NY,MSB,"48,771","20,615"
Covanta Hempstead,Covanta Hempstead Company,NY,MSN,"31,182","25,196"
Covanta Hempstead,Covanta Hempstead Company,NY,WDS,0,0
Covanta Essex Company,Covanta Essex Company,NJ,DFO,0,0
Covanta Essex Company,Covanta Essex Company,NJ,MSB,"53,792","19,531"
Covanta Essex Company,Covanta Essex Company,NJ,MSN,"34,392","23,871"
Covanta Southeastern Connecticut Company,Covanta Southeastern Connecticut Company,CT,DFO,"1,169",307
Covanta Southeastern Connecticut Company,Covanta Southeastern Connecticut Company,CT,MSB,"12,153","4,043"
Covanta Southeastern Connecticut Company,Covanta Southeastern Connecticut Company,CT,MSN,"7,769","4,942"
Bear Mountain Limited,WCAC Operating Company,CA,NG,0,-86
Badger Creek Limited,WCAC Operating Company,CA,NG,574,-15
French Paper Hydro,French Paper Co,MI,WAT,0,240
River Valley,Oklahoma Gas & Electric Co,OK,BIT,0,0
River Valley,Oklahoma Gas & Electric Co,OK,NG,"27,400","2,240"
River Valley,Oklahoma Gas & Electric Co,OK,RC,0,0
River Valley,Oklahoma Gas & Electric Co,OK,SUB,"54,118","71,985"
River Valley,Oklahoma Gas & Electric Co,OK,TDF,"1,626","4,227"
River Valley,Oklahoma Gas & Electric Co,OK,WDS,0,0
AES Warrior Run Cogeneration Facility,AES WR Ltd Partnership,MD,BIT,"42,450","75,464"
AES Warrior Run Cogeneration Facility,AES WR Ltd Partnership,MD,DFO,0,0
AES Warrior Run Cogeneration Facility,AES WR Ltd Partnership,MD,WC,0,0
Argus Cogen Plant,Searles Valley Minerals Operations Inc.,CA,BIT,"55,296","21,760"
Argus Cogen Plant,Searles Valley Minerals Operations Inc.,CA,NG,"107,316","2,109"
Argus Cogen Plant,Searles Valley Minerals Operations Inc.,CA,RC,0,0
ExxonMobil Baytown Turbine,Exxon Mobil Refining and Supply Co.,TX,NG,"2,730,133","245,729"
Eastern Correctional Institute,Maryland Environmental Service,MD,BIT,0,0
Eastern Correctional Institute,Maryland Environmental Service,MD,DFO,0,0
Eastern Correctional Institute,Maryland Environmental Service,MD,NG,0,0
Eastern Correctional Institute,Maryland Environmental Service,MD,BIT,.,.
Eastern Correctional Institute,Maryland Environmental Service,MD,DFO,0,0
Eastern Correctional Institute,Maryland Environmental Service,MD,NG,.,.
Eastern Correctional Institute,Maryland Environmental Service,MD,PG,0,0
Eastern Correctional Institute,Maryland Environmental Service,MD,WDS,0,0
Pepperell Hydro Power Plant,"Eagle Creek Renewable Energy, LLC",MA,WAT,0,"1,053"
Georgia-Pacific Consr Prods LP-Naheola,Georgia-Pacific Consr Prods LP-Naheola,AL,BIT,0,0
Georgia-Pacific Consr Prods LP-Naheola,Georgia-Pacific Consr Prods LP-Naheola,AL,BLQ,"61,586","10,788"
Georgia-Pacific Consr Prods LP-Naheola,Georgia-Pacific Consr Prods LP-Naheola,AL,DFO,0,0
Georgia-Pacific Consr Prods LP-Naheola,Georgia-Pacific Consr Prods LP-Naheola,AL,NG,"265,269","3,956"
Georgia-Pacific Consr Prods LP-Naheola,Georgia-Pacific Consr Prods LP-Naheola,AL,RFO,0,0
Georgia-Pacific Consr Prods LP-Naheola,Georgia-Pacific Consr Prods LP-Naheola,AL,WDS,"41,699","5,856"
Midland Cogeneration Venture,Midland Cogeneration Venture,MI,NG,"169,513","178,498"
Midland Cogeneration Venture,Midland Cogeneration Venture,MI,NG,"7,770,436","707,735"
Midland Cogeneration Venture,Midland Cogeneration Venture,MI,DFO,0,0
Covanta Delaware Valley,Covanta Delaware Valley LP,PA,MSB,"60,828","20,232"
Covanta Delaware Valley,Covanta Delaware Valley LP,PA,MSN,"38,892","24,727"
Covanta Delaware Valley,Covanta Delaware Valley LP,PA,NG,264,13
Las Vegas Generating Station,Nevada Power Co,NV,NG,0,"13,761"
Las Vegas Generating Station,Nevada Power Co,NV,NG,"503,330","46,618"
Indeck Jonesboro Energy Center,Stored Solar J&WE,ME,PG,0,0
Indeck Jonesboro Energy Center,Stored Solar J&WE,ME,WDS,0,0
E F Oxnard Energy Facility,"EF Oxnard, LLC",CA,NG,"3,430",348
Sabine River Operations,The Dow Chemical Company,TX,NG,"86,417",0
Sabine River Operations,The Dow Chemical Company,TX,OG,"192,354",0
Sabine River Operations,The Dow Chemical Company,TX,NG,"1,973,929","175,343"
Sabine River Operations,The Dow Chemical Company,TX,OG,0,0
Camden South Carolina,Invista,SC,BIT,0,0
Camden South Carolina,Invista,SC,DFO,"1,384",0
Camden South Carolina,Invista,SC,NG,"54,964",0
Fries Hydroelectric Project,"Central Rivers Power US, LLC",VA,WAT,0,"1,813"
Ware Shoals Hydro Project,"Central Rivers Power US, LLC",SC,WAT,0,0
Deer Island Treatment Plant,Massachusetts Wtr Rauth-Deer I,MA,DFO,"2,621","1,227"
Deer Island Treatment Plant,Massachusetts Wtr Rauth-Deer I,MA,WAT,0,378
Deer Island Treatment Plant,Massachusetts Wtr Rauth-Deer I,MA,SUN,0,23
Deer Island Treatment Plant,Massachusetts Wtr Rauth-Deer I,MA,DFO,"2,175",332
Deer Island Treatment Plant,Massachusetts Wtr Rauth-Deer I,MA,OBG,"135,039","2,212"
Deer Island Treatment Plant,Massachusetts Wtr Rauth-Deer I,MA,WND,0,111
Archer Daniels Midland Clinton,Archer Daniels Midland Co,IA,BIT,559,458
Archer Daniels Midland Clinton,Archer Daniels Midland Co,IA,OBS,"8,036","4,670"
Archer Daniels Midland Clinton,Archer Daniels Midland Co,IA,PC,0,0
Archer Daniels Midland Clinton,Archer Daniels Midland Co,IA,SUB,"79,781","54,569"
Archer Daniels Midland Clinton,Archer Daniels Midland Co,IA,TDF,0,0
Archer Daniels Midland Clinton,Archer Daniels Midland Co,IA,WDS,0,0
Archer Daniels Midland Cedar Rapids,Archer Daniels Midland Co,IA,NG,"248,688","20,858"
Archer Daniels Midland Cedar Rapids,Archer Daniels Midland Co,IA,BIT,"2,523","1,725"
Archer Daniels Midland Cedar Rapids,Archer Daniels Midland Co,IA,NG,"1,500",48
Archer Daniels Midland Cedar Rapids,Archer Daniels Midland Co,IA,SLW,0,0
Archer Daniels Midland Cedar Rapids,Archer Daniels Midland Co,IA,SUB,"96,834","53,198"
Archer Daniels Midland Decatur,Archer Daniels Midland Co,IL,BIT,"79,061","40,346"
Archer Daniels Midland Decatur,Archer Daniels Midland Co,IL,NG,"8,804",209
Archer Daniels Midland Decatur,Archer Daniels Midland Co,IL,SUB,"50,945","20,920"
Archer Daniels Midland Decatur,Archer Daniels Midland Co,IL,TDF,0,0
Archer Daniels Midland Decatur,Archer Daniels Midland Co,IL,WDS,0,0
Coso Finance Partners,Coso Operating Co LLC,CA,GEO,0,"35,061"
Coso Power Developers,Coso Operating Co LLC,CA,GEO,0,"28,685"
Olive View Medical Center,Los Angeles County DHS,CA,DFO,0,0
Olive View Medical Center,Los Angeles County DHS,CA,NG,0,0
Lockport Powerhouse,Metro Wtr Recl Dist Grtr Chi,IL,WAT,0,0
Pittsfield Generating LP,"Pittsfield Generating Company, LP",MA,DFO,0,0
Pittsfield Generating LP,"Pittsfield Generating Company, LP",MA,NG,0,0
Pittsfield Generating LP,"Pittsfield Generating Company, LP",MA,DFO,0,0
Pittsfield Generating LP,"Pittsfield Generating Company, LP",MA,NG,0,0
Chalk Cliff Limited,WCAC Operating Company,CA,NG,0,-85
Linden Cogen Plant,EFS Cogen Holdings I LLC,NJ,DFO,0,0
Linden Cogen Plant,EFS Cogen Holdings I LLC,NJ,NG,"730,499","156,088"
Linden Cogen Plant,EFS Cogen Holdings I LLC,NJ,OG,0,238
Linden Cogen Plant,EFS Cogen Holdings I LLC,NJ,WO,0,0
Linden Cogen Plant,EFS Cogen Holdings I LLC,NJ,DFO,0,0
Linden Cogen Plant,EFS Cogen Holdings I LLC,NJ,NG,"4,652,507","441,764"
Linden Cogen Plant,EFS Cogen Holdings I LLC,NJ,OG,"8,403",778
Linden Cogen Plant,EFS Cogen Holdings I LLC,NJ,WO,0,0
MMWAC Resource Recovery Facility,Maine Waste to Energy,ME,MSB,"3,858",464
MMWAC Resource Recovery Facility,Maine Waste to Energy,ME,MSN,"2,466",567
MMWAC Resource Recovery Facility,Maine Waste to Energy,ME,NG,470,7
Houston Chemical Complex Battleground,Oxy Vinyls LP,TX,NG,"108,977","40,386"
Houston Chemical Complex Battleground,Oxy Vinyls LP,TX,OG,"283,921","1,985"
Houston Chemical Complex Battleground,Oxy Vinyls LP,TX,NG,"1,596,245","132,044"
Houston Chemical Complex Battleground,Oxy Vinyls LP,TX,OG,0,0
Humboldt Sawmill Company,Mendocino Forest Products,CA,DFO,33,8
Humboldt Sawmill Company,Mendocino Forest Products,CA,WDS,"17,329","10,671"
Penobscot Energy Recovery,ESOCO Orrington LLC,ME,DFO,0,0
Penobscot Energy Recovery,,ME,DFO,.,.
Penobscot Energy Recovery,ESOCO Orrington LLC,ME,MSB,0,0
Penobscot Energy Recovery,,ME,MSB,.,.
Penobscot Energy Recovery,ESOCO Orrington LLC,ME,MSN,0,0
Penobscot Energy Recovery,,ME,MSN,.,.
Penobscot Energy Recovery,ESOCO Orrington LLC,ME,WDS,0,0
Penobscot Energy Recovery,,ME,WDS,.,.
San Diego State University,San Diego State University,CA,NG,0,0
San Diego State University,San Diego State University,CA,NG,"66,336","4,543"
San Diego State University,San Diego State University,CA,SUN,0,93
Calistoga Power Plant,Geysers Power Co LLC,CA,GEO,0,"42,304"
Palm Beach Renewable Energy Facility 1,Solid Waste Authority of Palm Beach Co,FL,MSB,"33,624","14,320"
Palm Beach Renewable Energy Facility 1,Solid Waste Authority of Palm Beach Co,FL,MSN,"21,496","17,501"
Palm Beach Renewable Energy Facility 1,Solid Waste Authority of Palm Beach Co,FL,NG,"2,386",128
Otis Hydro,"Eagle Creek Renewable Energy, LLC",ME,WAT,0,"1,968"
University of Northern Iowa,University of Northern Iowa,IA,BIT,"1,558",617
University of Northern Iowa,University of Northern Iowa,IA,DFO,35,4
University of Northern Iowa,University of Northern Iowa,IA,NG,504,9
University of Northern Iowa,University of Northern Iowa,IA,PC,"1,516",749
"Vicinity Energy Trenton, L.P.","Vicinity Energy Trenton, L.P.",NJ,DFO,9,3
"Vicinity Energy Trenton, L.P.","Vicinity Energy Trenton, L.P.",NJ,NG,"1,897",121
Tamarack Energy,Tamarack Energy,ID,WDS,"2,904",725
US Borax,U S Borax Inc,CA,NG,"383,270","29,162"
Phillips 66 Rodeo Refinery,Phillips 66 Company,CA,NG,"237,582","12,014"
Phillips 66 Rodeo Refinery,Phillips 66 Company,CA,OG,"386,819","20,938"
Valero Refinery Corpus Christi West,Valero Refining Co,TX,NG,"31,791","2,204"
Valero Refinery Corpus Christi West,Valero Refining Co,TX,OG,"64,546","4,923"
Valero Refinery Corpus Christi West,Valero Refining Co,TX,PC,"2,208","5,233"
Valero Refinery Corpus Christi West,Valero Refining Co,TX,WH,0,1
Sycamore Cogeneration,Sycamore Cogeneration Co,CA,NG,"603,852","51,070"
Dow St Charles Operations,Dow Chemical Co - St Charles,LA,NG,"122,194","23,645"
Dow St Charles Operations,Dow Chemical Co - St Charles,LA,OG,"142,458","1,118"
Dow St Charles Operations,Dow Chemical Co - St Charles,LA,NG,"1,862,959","127,844"
Dow St Charles Operations,Dow Chemical Co - St Charles,LA,OG,0,0
Texas City Plant Union Carbide,Union Carbide Corp-Texas City,TX,NG,0,0
Texas City Plant Union Carbide,Union Carbide Corp-Texas City,TX,PUR,0,0
Berry Cogen,Berry Petroleum Co,CA,NG,0,0
Blackstone/Tupperware,Blackstone Hydro Inc.,RI,WAT,0,445
Columbus MS,International Paper Columbus Mill,MS,BIT,0,0
Columbus MS,International Paper Columbus Mill,MS,BLQ,"65,518","26,533"
Columbus MS,International Paper Columbus Mill,MS,DFO,"6,069","1,133"
Columbus MS,International Paper Columbus Mill,MS,NG,"207,129","6,820"
Columbus MS,International Paper Columbus Mill,MS,WDS,"11,295","3,124"
Nippon Dynawave Packaging Longview WA,Nippon Dynawave Packaging Co.,WA,BLQ,"48,269","9,165"
Nippon Dynawave Packaging Longview WA,Nippon Dynawave Packaging Co.,WA,DFO,0,0
Nippon Dynawave Packaging Longview WA,Nippon Dynawave Packaging Co.,WA,NG,"410,587","7,218"
Nippon Dynawave Packaging Longview WA,Nippon Dynawave Packaging Co.,WA,RFO,"4,227",431
Nippon Dynawave Packaging Longview WA,Nippon Dynawave Packaging Co.,WA,SLW,"2,191",532
Nippon Dynawave Packaging Longview WA,Nippon Dynawave Packaging Co.,WA,SUB,"8,000","2,588"
Nippon Dynawave Packaging Longview WA,Nippon Dynawave Packaging Co.,WA,WDS,"22,166","6,625"
International Paper Co. - New Bern Mill,International Paper Co. - New Bern Mill,NC,BLQ,"51,202","13,621"
International Paper Co. - New Bern Mill,International Paper Co. - New Bern Mill,NC,DFO,0,0
International Paper Co. - New Bern Mill,International Paper Co. - New Bern Mill,NC,NG,"167,815","4,081"
International Paper Co. - New Bern Mill,International Paper Co. - New Bern Mill,NC,OBG,0,0
International Paper Co. - New Bern Mill,International Paper Co. - New Bern Mill,NC,RFO,0,0
International Paper Valliant OK,International Paper - Valliant,OK,ANT,0,0
International Paper Valliant OK,International Paper - Valliant,OK,BLQ,"89,595","23,138"
International Paper Valliant OK,International Paper - Valliant,OK,DFO,0,0
International Paper Valliant OK,International Paper - Valliant,OK,NG,"584,306","13,718"
International Paper Valliant OK,International Paper - Valliant,OK,OBS,"13,722","5,477"
International Paper Valliant OK,International Paper - Valliant,OK,PC,0,0
International Paper Valliant OK,International Paper - Valliant,OK,RFO,0,0
International Paper Valliant OK,International Paper - Valliant,OK,WDS,0,0
Williams Ignacio Natural Gas Plant,Harvest Midstream Co,CO,NG,0,0
Williams Ignacio Natural Gas Plant,Harvest Midstream Co,CO,WH,0,"3,720"
York County Resource Recovery,York County Solid W & R Auth,PA,DFO,0,0
York County Resource Recovery,York County Solid W & R Auth,PA,MSB,"24,130","9,422"
York County Resource Recovery,York County Solid W & R Auth,PA,MSN,"15,427","11,516"
York County Resource Recovery,York County Solid W & R Auth,PA,NG,"9,371",551
Watson Cogeneration,ARCO Products Co-Watson,CA,NG,"346,531","12,790"
Watson Cogeneration,ARCO Products Co-Watson,CA,OG,"50,656","3,520"
Watson Cogeneration,ARCO Products Co-Watson,CA,WO,0,22
Watson Cogeneration,ARCO Products Co-Watson,CA,NG,"1,725,261","149,008"
Watson Cogeneration,ARCO Products Co-Watson,CA,OG,"521,772","44,891"
Watson Cogeneration,ARCO Products Co-Watson,CA,WO,841,305
Oxnard Wastewater Treatment Plant,Oxnard City of,CA,NG,"1,018",60
Oxnard Wastewater Treatment Plant,Oxnard City of,CA,OBG,"12,541",444
Oxnard Wastewater Treatment Plant,Oxnard City of,CA,PG,0,0
Regional Waste Systems,Ecomaine,ME,MSB,"8,305","3,402"
Regional Waste Systems,Ecomaine,ME,MSN,"5,309","4,158"
Regional Waste Systems,Ecomaine,ME,NG,"3,326",185
Purdue University,Purdue University,IN,DFO,0,0
Purdue University,Purdue University,IN,BIT,"5,130","4,217"
Purdue University,Purdue University,IN,DFO,0,0
Purdue University,Purdue University,IN,NG,"169,815","6,629"
Purdue University,Purdue University,IN,TDF,0,0
Tenet Hospital,Tenet Hospital Ltd,TX,DFO,0,0
Tenet Hospital,Tenet Hospital Ltd,TX,NG,0,0
Bucksport Generation LLC,Bucksport Generation LLC,ME,BIT,.,.
Bucksport Generation LLC,Bucksport Generation LLC,ME,DFO,0,0
Bucksport Generation LLC,Bucksport Generation LLC,ME,NG,"8,580",695
Bucksport Generation LLC,Bucksport Generation LLC,ME,RFO,.,.
KapStone Kraft Paper Corp,"Westrock Kraft Paper, LLC",NC,AB,0,0
KapStone Kraft Paper Corp,"Westrock Kraft Paper, LLC",NC,BIT,"6,896","3,511"
KapStone Kraft Paper Corp,"Westrock Kraft Paper, LLC",NC,BLQ,"46,570","11,207"
KapStone Kraft Paper Corp,"Westrock Kraft Paper, LLC",NC,DFO,70,9
KapStone Kraft Paper Corp,"Westrock Kraft Paper, LLC",NC,NG,"116,520","2,317"
KapStone Kraft Paper Corp,"Westrock Kraft Paper, LLC",NC,RFO,70,9
KapStone Kraft Paper Corp,"Westrock Kraft Paper, LLC",NC,WDS,"10,197","1,764"
Simplot Leasing Don Plant,Simplot Leasing Corp,ID,NG,0,0
Simplot Leasing Don Plant,Simplot Leasing Corp,ID,WH,0,"6,172"
Archbald Power Station,PEI Power Corp,PA,LFG,"1,840",86
Archbald Power Station,PEI Power Corp,PA,NG,"19,672","1,901"
Archbald Power Station,PEI Power Corp,PA,OG,0,0
Archbald Power Station,PEI Power Corp,PA,LFG,"50,748","1,814"
Archbald Power Station,PEI Power Corp,PA,NG,"68,841","5,094"
SEMASS Resource Recovery,SEMASS Partnership,MA,DFO,0,0
SEMASS Resource Recovery,SEMASS Partnership,MA,MSB,"55,483","21,547"
SEMASS Resource Recovery,SEMASS Partnership,MA,MSN,"35,472","26,336"
SEMASS Resource Recovery,SEMASS Partnership,MA,NG,"15,826",833
Packaging Corp of America,Packaging Corp of America,TN,BIT,0,0
Packaging Corp of America,Packaging Corp of America,TN,BLQ,"95,980","21,072"
Packaging Corp of America,Packaging Corp of America,TN,DFO,894,95
Packaging Corp of America,Packaging Corp of America,TN,NG,"457,721","8,960"
Packaging Corp of America,Packaging Corp of America,TN,TDF,0,0
Packaging Corp of America,Packaging Corp of America,TN,WDS,"50,919","8,012"
AltaGas Ripon Energy Inc.,AltaGas Ripon Energy Inc.,CA,NG,0,0
VESI Pomona,"VESI Pomona Energy Storage, Inc.",CA,MWH,"2,454",-426
VESI Pomona,"VESI Pomona Energy Storage, Inc.",CA,NG,0,0
Shell Deer Park,Deer Park Refinery Limited Partnership (DPRLP),TX,NG,"1,351,536","102,977"
Shell Deer Park,Deer Park Refinery Limited Partnership (DPRLP),TX,OG,"224,555","13,432"
Shell Deer Park,Deer Park Refinery Limited Partnership (DPRLP),TX,PUR,0,"20,645"
Alpena Cement Plant,Lafarge Corp,MI,BIT,0,0
Alpena Cement Plant,Lafarge Corp,MI,NG,"126,474","2,661"
Alpena Cement Plant,Lafarge Corp,MI,OBL,0,0
Alpena Cement Plant,Lafarge Corp,MI,OTH,0,0
Alpena Cement Plant,Lafarge Corp,MI,PC,"18,462","11,009"
Alpena Cement Plant,Lafarge Corp,MI,SUB,0,0
Alpena Cement Plant,Lafarge Corp,MI,WDS,0,0
University of Oklahoma,University of Oklahoma,OK,DFO,0,0
University of Oklahoma,University of Oklahoma,OK,RFO,0,0
University of Oklahoma,University of Oklahoma,OK,NG,"23,256",0
Standby Generation Plant,Pensacola Christian College,FL,NG,286,1
Bunge North America East LLC,Bunge North America East LLC,IN,BIT,0,0
Bunge North America East LLC,Bunge North America East LLC,IN,DFO,0,0
Bunge North America East LLC,Bunge North America East LLC,IN,NG,"62,449",803
Sloss Industries Corp,Bluestone Coke LLC,AL,NG,0,0
Sloss Industries Corp,Bluestone Coke LLC,AL,OG,0,0
University of Notre Dame,University of Notre Dame,IN,NG,"40,130","2,873"
University of Notre Dame,University of Notre Dame,IN,DFO,38,17
University of Notre Dame,University of Notre Dame,IN,BIT,0,0
University of Notre Dame,University of Notre Dame,IN,DFO,"2,749",453
University of Notre Dame,University of Notre Dame,IN,NG,"106,400","3,216"
University of Notre Dame,University of Notre Dame,IN,RFO,0,0
Phillips 66 Carbon Plant,Phillips 66 Company,CA,WH,0,0
Georgia-Pacific Corp - Nekoosa Mill,Domtar Industries Inc,WI,WAT,0,"2,029"
Georgia-Pacific Corp - Nekoosa Mill,Domtar Industries Inc,WI,BIT,0,0
Georgia-Pacific Corp - Nekoosa Mill,Domtar Industries Inc,WI,BLQ,"9,656","8,050"
Georgia-Pacific Corp - Nekoosa Mill,Domtar Industries Inc,WI,NG,"97,950","7,659"
Pixelle Specialty Solutions LLC - Spring,Pixelle Specialty Solutions LLC - (PA),PA,BIT,"10,910","9,118"
Pixelle Specialty Solutions LLC - Spring,Pixelle Specialty Solutions LLC - (PA),PA,BLQ,"46,652","17,695"
Pixelle Specialty Solutions LLC - Spring,Pixelle Specialty Solutions LLC - (PA),PA,DFO,0,0
Pixelle Specialty Solutions LLC - Spring,Pixelle Specialty Solutions LLC - (PA),PA,NG,"296,277","9,904"
Pixelle Specialty Solutions LLC - Spring,Pixelle Specialty Solutions LLC - (PA),PA,RFO,42,9
Pixelle Specialty Solutions LLC - Spring,Pixelle Specialty Solutions LLC - (PA),PA,SLW,"3,295",498
Pixelle Specialty Solutions LLC - Spring,Pixelle Specialty Solutions LLC - (PA),PA,WDS,"8,524","2,589"
International Paper Savanna Mill,International Paper Co,GA,BIT,0,0
International Paper Savanna Mill,International Paper Co,GA,BLQ,"64,470","24,725"
International Paper Savanna Mill,International Paper Co,GA,DFO,0,0
International Paper Savanna Mill,International Paper Co,GA,NG,"530,843","17,623"
International Paper Savanna Mill,International Paper Co,GA,RFO,0,0
International Paper Savanna Mill,International Paper Co,GA,WDS,"8,780","2,282"
BP Chemicals Green Lake Plant,INEOS Nitriles Greenlake,TX,WH,0,"-2,095"
Somerset Plant,Sappi Fine Paper North America-Somerset,ME,BLQ,"63,592","19,319"
Somerset Plant,Sappi Fine Paper North America-Somerset,ME,DFO,406,62
Somerset Plant,Sappi Fine Paper North America-Somerset,ME,NG,"124,247","3,425"
Somerset Plant,Sappi Fine Paper North America-Somerset,ME,OBL,892,48
Somerset Plant,Sappi Fine Paper North America-Somerset,ME,RFO,"9,837","1,635"
Somerset Plant,Sappi Fine Paper North America-Somerset,ME,SLW,"2,884",332
Somerset Plant,Sappi Fine Paper North America-Somerset,ME,TDF,"3,472","2,974"
Somerset Plant,Sappi Fine Paper North America-Somerset,ME,WDS,"77,604","17,951"
Menominee Mill Marinette,"Eagle Creek Renewable Energy, LLC",MI,WAT,0,"1,039"
Rutgers Biomedical and Health Cogen,"Rutgers, The State University of NJ",NJ,DFO,0,0
Rutgers Biomedical and Health Cogen,"Rutgers, The State University of NJ",NJ,NG,"7,389",733
University of Michigan,University of Michigan,MI,DFO,0,0
University of Michigan,University of Michigan,MI,NG,"242,617","8,414"
University of Michigan,University of Michigan,MI,DFO,0,0
University of Michigan,University of Michigan,MI,NG,"129,206","11,000"
Oxnard,Procter&Gamble Paper Products Co-Oxnard,CA,NG,"415,000","44,137"
"Covanta Niagara I, LLC",Covanta Energy of Niagara LP,NY,DFO,0,0
Reworld Niagara I,"Reworld Niagara I, LLC",NY,DFO,.,.
"Covanta Niagara I, LLC",Covanta Energy of Niagara LP,NY,MSB,"42,042","7,700"
Reworld Niagara I,"Reworld Niagara I, LLC",NY,MSB,.,.
"Covanta Niagara I, LLC",Covanta Energy of Niagara LP,NY,MSN,"26,878","9,411"
Reworld Niagara I,"Reworld Niagara I, LLC",NY,MSN,.,.
"Covanta Niagara I, LLC",Covanta Energy of Niagara LP,NY,NG,"52,525","1,297"
Reworld Niagara I,"Reworld Niagara I, LLC",NY,NG,.,.
Swift Creek Chemical Complex,White Springs Agrici Chem Inc,FL,DFO,0,0
Swift Creek Chemical Complex,White Springs Agrici Chem Inc,FL,NG,"9,198",301
Swift Creek Chemical Complex,White Springs Agrici Chem Inc,FL,OTH,"29,205","7,248"
Swift Creek Chemical Complex,White Springs Agrici Chem Inc,FL,PG,0,0
Swift Creek Chemical Complex,White Springs Agrici Chem Inc,FL,RFO,0,0
Georgia-Pacific Big Island,GP Big Island LLC,VA,WAT,0,29
Georgia-Pacific Big Island,GP Big Island LLC,VA,BIT,0,0
Georgia-Pacific Big Island,GP Big Island LLC,VA,BLQ,"3,565",429
Georgia-Pacific Big Island,GP Big Island LLC,VA,DFO,0,0
Georgia-Pacific Big Island,GP Big Island LLC,VA,NG,"287,216","2,883"
Georgia-Pacific Big Island,GP Big Island LLC,VA,OBS,"1,353",117
Georgia-Pacific Big Island,GP Big Island LLC,VA,WDS,"16,631","1,409"
Tennessee Eastman Operations,Eastman Chemical Co-TN Ops,TN,BIT,"77,221","45,911"
Tennessee Eastman Operations,Eastman Chemical Co-TN Ops,TN,NG,"2,001,602","47,875"
Tennessee Eastman Operations,Eastman Chemical Co-TN Ops,TN,OG,"211,079",755
Tennessee Eastman Operations,Eastman Chemical Co-TN Ops,TN,OTH,8,1
Tennessee Eastman Operations,Eastman Chemical Co-TN Ops,TN,SLW,"8,991",418
Clewiston Sugar House,United States Sugar Corp,FL,AB,"254,723","28,361"
Clewiston Sugar House,United States Sugar Corp,FL,DFO,180,16
Clewiston Sugar House,United States Sugar Corp,FL,NG,862,13
PPG Riverside,Westlake 2 US LLC,LA,PUR,0,"1,643"
PPG Powerhouse C,Westlake 2 US LLC,LA,NG,"1,417,263","110,983"
PPG Powerhouse C,Westlake 2 US LLC,LA,NG,"623,437","19,782"
PPG Powerhouse C,Westlake 2 US LLC,LA,OG,"160,477","1,528"
Axiall Natrium Plant,Westlake Chemical Natrium Plant,WV,NG,"664,534","63,961"
Axiall Natrium Plant,Westlake Chemical Natrium Plant,WV,OG,"93,617","2,662"
Gas Utilization Facility,City of San Diego,CA,WAT,0,0
Gas Utilization Facility,City of San Diego,CA,NG,0,0
Gas Utilization Facility,City of San Diego,CA,OBG,"53,818","2,791"
PCS Phosphate,PCS Phosphate,NC,WH,0,"23,464"
Equilon Los Angeles Refining,Tesoro Refining and Marketing Company,CA,NG,"49,481","3,318"
Equilon Los Angeles Refining,Tesoro Refining and Marketing Company,CA,OG,"359,915","25,067"
Equilon Los Angeles Refining,Tesoro Refining and Marketing Company,CA,NG,0,0
Equilon Los Angeles Refining,Tesoro Refining and Marketing Company,CA,OG,0,0
Painted Hills Wind Park,Terra-Gen Operating Co-Wind,CA,WND,0,"8,552"
SRI International Cogen Project,IPT SRI Cogeneration Inc,CA,DFO,0,0
SRI International Cogen Project,IPT SRI Cogeneration Inc,CA,NG,"36,346","2,158"
BP Carson Refinery,Tesoro Carson Refinery,CA,NG,0,0
BP Carson Refinery,Tesoro Carson Refinery,CA,OG,0,0
Frontier,Oklahoma Gas & Electric Co,OK,NG,"1,656","16,668"
Frontier,Oklahoma Gas & Electric Co,OK,NG,"624,743","62,764"
Pacific-Ultrapower Chinese Station,IHI Power Services Corp,CA,PG,0,0
Pacific-Ultrapower Chinese Station,IHI Power Services Corp,CA,WDS,"13,575","10,800"
Omega Hills Gas Recovery,WM Renewable Energy LLC,WI,LFG,"278,278","7,491"
McKittrick Limited,WCAC Operating Company,CA,NG,"4,520",382
Mosinee Mill,"Ahlstrom-Munksjo NA Specialty Solutions, LLC",WI,WAT,0,937
Mosinee Mill,"Ahlstrom-Munksjo NA Specialty Solutions, LLC",WI,BIT,"7,195","4,548"
Mosinee Mill,"Ahlstrom-Munksjo NA Specialty Solutions, LLC",WI,BLQ,"18,181","4,552"
Mosinee Mill,"Ahlstrom-Munksjo NA Specialty Solutions, LLC",WI,DFO,0,0
Mosinee Mill,"Ahlstrom-Munksjo NA Specialty Solutions, LLC",WI,NG,"14,332",440
Mosinee Mill,"Ahlstrom-Munksjo NA Specialty Solutions, LLC",WI,RFO,377,70
Mosinee Mill,"Ahlstrom-Munksjo NA Specialty Solutions, LLC",WI,SLW,703,105
Mosinee Mill,"Ahlstrom-Munksjo NA Specialty Solutions, LLC",WI,WDS,"2,158",454
Central Power Plant,State of Rhode Island,RI,DFO,0,0
Central Power Plant,State of Rhode Island,RI,NG,"31,430","1,534"
Central Power Plant,State of Rhode Island,RI,RFO,0,0
Central Power Plant,State of Rhode Island,RI,NG,64,1
Central Power Plant,State of Rhode Island,RI,DFO,0,0
Central Power Plant,State of Rhode Island,RI,NG,0,0
Berry Cogen Tanne Hills 18,Berry Petroleum Co,CA,NG,"149,379","12,454"
"Torrance Refining Company, LLC","Torrance Refining Company, LLC",CA,NG,0,0
"Torrance Refining Company, LLC","Torrance Refining Company, LLC",CA,OG,"49,429","1,804"
"Torrance Refining Company, LLC","Torrance Refining Company, LLC",CA,WH,0,"1,285"
ExxonMobil Beaumont Refinery,ExxonMobil Oil Corp,TX,NG,"2,187,906","356,897"
ExxonMobil Beaumont Refinery,ExxonMobil Oil Corp,TX,OG,0,0
ExxonMobil Beaumont Refinery,ExxonMobil Oil Corp,TX,NG,"1,684,789","59,111"
ExxonMobil Beaumont Refinery,ExxonMobil Oil Corp,TX,OG,"697,052","15,054"
ExxonMobil Oil Joliet Refinery,ExxonMobil Oil Corp,IL,NG,0,0
ExxonMobil Oil Joliet Refinery,ExxonMobil Oil Corp,IL,OG,"174,747","15,309"
ExxonMobil Oil Joliet Refinery,ExxonMobil Oil Corp,IL,NG,0,0
ExxonMobil Oil Joliet Refinery,ExxonMobil Oil Corp,IL,OG,"9,150,240","2,198"
Paulsboro Refinery,Paulsboro Refining Company - LLC,NJ,NG,"214,924","16,652"
Paulsboro Refinery,Paulsboro Refining Company - LLC,NJ,OG,0,0
Paulsboro Refinery,Paulsboro Refining Company - LLC,NJ,PC,0,0
Paulsboro Refinery,Paulsboro Refining Company - LLC,NJ,DFO,0,0
Paulsboro Refinery,Paulsboro Refining Company - LLC,NJ,NG,0,0
Paulsboro Refinery,Paulsboro Refining Company - LLC,NJ,OG,"700,638","13,713"
Covanta Lake County Energy,Covanta Lake Inc,FL,MSB,"9,013","3,451"
Covanta Lake County Energy,Covanta Lake Inc,FL,MSN,"5,761","4,218"
Covanta Lake County Energy,Covanta Lake Inc,FL,NG,663,34
Covanta Marion Inc,Covanta Marion Inc,OR,MSB,"5,388","1,462"
Covanta Marion Inc,Covanta Marion Inc,OR,MSN,"3,446","1,787"
Covanta Marion Inc,Covanta Marion Inc,OR,NG,2,0
Covanta Stanislaus Energy,Covanta Stanislaus Inc,CA,DFO,"2,319",552
Covanta Stanislaus Energy,Covanta Stanislaus Inc,CA,MSB,"12,546","3,966"
Covanta Stanislaus Energy,Covanta Stanislaus Inc,CA,MSN,"8,020","4,847"
Mosaic Co Bartow Facility,Mosaic Company,FL,WH,0,"16,695"
Clearwater Paper IPP Lewiston,Clearwater Paper Corporation,ID,BLQ,"44,790","11,418"
Clearwater Paper IPP Lewiston,Clearwater Paper Corporation,ID,DFO,0,0
Clearwater Paper IPP Lewiston,Clearwater Paper Corporation,ID,NG,"532,313","11,579"
Clearwater Paper IPP Lewiston,Clearwater Paper Corporation,ID,RFO,0,0
Clearwater Paper IPP Lewiston,Clearwater Paper Corporation,ID,WDS,"13,165","4,741"
Sappi Cloquet Mill,Sappi Cloquet LLC,MN,WAT,0,"2,045"
Sappi Cloquet Mill,Sappi Cloquet LLC,MN,BLQ,"74,290","25,482"
Sappi Cloquet Mill,Sappi Cloquet LLC,MN,DFO,503,95
Sappi Cloquet Mill,Sappi Cloquet LLC,MN,NG,"133,055","4,324"
Sappi Cloquet Mill,Sappi Cloquet LLC,MN,SLW,"1,779",171
Sappi Cloquet Mill,Sappi Cloquet LLC,MN,WDS,"23,424","6,979"
Covanta Indianapolis Energy,Covanta Indianapolis Inc,IN,MSB,"37,503",0
Covanta Indianapolis Energy,Covanta Indianapolis Inc,IN,MSN,"23,978",0
Covanta Indianapolis Energy,Covanta Indianapolis Inc,IN,NG,"4,486",0
Covanta Bristol Energy,Covanta Bristol Inc,CT,MSB,"13,304","4,274"
Covanta Bristol Energy,Covanta Bristol Inc,CT,MSN,"8,507","5,224"
Covanta Bristol Energy,Covanta Bristol Inc,CT,NG,0,0
Covanta Babylon Inc,Covanta Babylon Inc,NY,DFO,395,99
Reworld Babylon Inc,Reworld Babylon Inc,NY,DFO,.,.
Covanta Babylon Inc,Covanta Babylon Inc,NY,MSB,"10,805","3,307"
Reworld Babylon Inc,Reworld Babylon Inc,NY,MSB,.,.
Covanta Babylon Inc,Covanta Babylon Inc,NY,MSN,"6,907","4,042"
Reworld Babylon Inc,Reworld Babylon Inc,NY,MSN,.,.
Huntington Resource Recovery Facility,Huntington Resource Recovery,NY,MSB,"18,578","7,651"
Huntington Resource Recovery Facility,Huntington Resource Recovery,NY,MSN,"11,879","9,352"
Huntington Resource Recovery Facility,Huntington Resource Recovery,NY,PG,304,42
Montgomery County Resource Recovery,"Covanta Montgomery, Inc.",MD,MSB,"25,031","9,256"
Montgomery County Resource Recovery,"Covanta Montgomery, Inc.",MD,MSN,"16,003","11,314"
Montgomery County Resource Recovery,"Covanta Montgomery, Inc.",MD,NG,"6,211",320
Covanta Fairfax Energy,Covanta Fairfax Inc,VA,MSB,"61,286","27,271"
Covanta Fairfax Energy,Covanta Fairfax Inc,VA,MSN,"39,183","33,333"
Covanta Fairfax Energy,Covanta Fairfax Inc,VA,NG,"5,832",352
Covanta Tulsa Renewable Energy LLC,Covanta Tulsa Renewable Energy LLC,OK,MSB,"14,128",-358
Covanta Tulsa Renewable Energy LLC,Covanta Tulsa Renewable Energy LLC,OK,MSN,"9,031",-437
Covanta Tulsa Renewable Energy LLC,Covanta Tulsa Renewable Energy LLC,OK,NG,"16,033",-52
Covanta Haverhill,Ogden Projects Inc-Haverhill,MA,DFO,165,57
Covanta Haverhill,Ogden Projects Inc-Haverhill,MA,MSB,"34,064","13,649"
Covanta Haverhill,Ogden Projects Inc-Haverhill,MA,MSN,"21,779","16,685"
Onondaga County Resource Recovery,Covanta Onondega LP,NY,MSB,"14,170","5,680"
Onondaga County Resource Recovery,Covanta Onondega LP,NY,MSN,"9,061","6,942"
Onondaga County Resource Recovery,Covanta Onondega LP,NY,NG,"1,599",83
Covanta Alexandria/Arlington Energy,Covanta Alexandria/Arlington,VA,MSB,"18,073","5,209"
Covanta Alexandria/Arlington Energy,Covanta Alexandria/Arlington,VA,MSN,"11,554","6,368"
Pasco Cnty Solid Waste Resource Recovery,Pasco County,FL,MSB,"18,048","7,772"
Pasco Cnty Solid Waste Resource Recovery,Pasco County,FL,MSN,"11,541","9,499"
Pasco Cnty Solid Waste Resource Recovery,Pasco County,FL,NG,82,4
Municipal Cogen Plant,Palm Springs City of,CA,NG,"6,851",716
JM Shafer Generating Station,"Tri-State G & T Assn, Inc",CO,NG,49,"18,155"
JM Shafer Generating Station,"Tri-State G & T Assn, Inc",CO,NG,"812,989","79,488"
University of Alaska Fairbanks,University of Alaska,AK,DFO,0,-44
University of Alaska Fairbanks,University of Alaska,AK,DFO,"2,288",518
University of Alaska Fairbanks,University of Alaska,AK,JF,0,0
University of Alaska Fairbanks,University of Alaska,AK,NG,0,0
University of Alaska Fairbanks,University of Alaska,AK,SUB,"11,796","7,065"
University of Alaska Fairbanks,University of Alaska,AK,WDS,0,0
Gary Works,United States Steel-Gary,IN,BFG,"13,339,158","53,187"
Gary Works,United States Steel-Gary,IN,NG,"1,201,577","59,887"
Gary Works,United States Steel-Gary,IN,OG,0,0
Gary Works,United States Steel-Gary,IN,RFO,27,8
Southeast Kern River Cogen,Chevron USA Inc,CA,NG,"70,817","6,469"
South Belridge Cogeneration Facility,AERA Energy LLC,CA,NG,"467,254","41,906"
Florence Mill,WestRock-Florence,SC,BIT,"1,074",763
Florence Mill,WestRock-Florence,SC,BLQ,"50,694","18,392"
Florence Mill,WestRock-Florence,SC,NG,"33,079",976
Florence Mill,WestRock-Florence,SC,RFO,"1,424",257
Florence Mill,WestRock-Florence,SC,WDS,"66,556","16,022"
Hopewell Mill,RockTenn-Hopewell,VA,BIT,852,718
Hopewell Mill,RockTenn-Hopewell,VA,BLQ,"25,232","9,328"
Hopewell Mill,RockTenn-Hopewell,VA,DFO,0,0
Hopewell Mill,RockTenn-Hopewell,VA,NG,"191,778","6,165"
Hopewell Mill,RockTenn-Hopewell,VA,RFO,266,50
Hopewell Mill,RockTenn-Hopewell,VA,WDS,"25,248","7,304"
"Odyssey Energy Altura Cogen, LLC",Odyssey Operating Services,TX,NG,"70,044","57,198"
"Odyssey Energy Altura Cogen, LLC",Odyssey Operating Services,TX,NG,"3,370,400","266,482"
TES Filer City Station,TES Filer City Station LP,MI,BIT,"9,633","17,263"
TES Filer City Station,TES Filer City Station LP,MI,NG,"34,003","2,788"
TES Filer City Station,TES Filer City Station LP,MI,PC,0,0
TES Filer City Station,TES Filer City Station LP,MI,SUB,0,0
TES Filer City Station,TES Filer City Station LP,MI,TDF,221,453
TES Filer City Station,TES Filer City Station LP,MI,WDS,"4,240","2,904"
Southeast Resource Recovery,SERRF Joint Powers Authority,CA,MSB,"12,550","3,851"
Southeast Resource Recovery,SERRF Joint Powers Authority,CA,MSN,"8,022","4,707"
Southeast Resource Recovery,SERRF Joint Powers Authority,CA,NG,"15,957",514
PE Berkeley,Berkeley Cogeneration Facility,CA,DFO,0,0
PE Berkeley,Berkeley Cogeneration Facility,CA,NG,"33,873","1,925"
PE Berkeley,Berkeley Cogeneration Facility,CA,DFO,0,0
PE Berkeley,Berkeley Cogeneration Facility,CA,NG,"151,629","13,736"
CSUCI Site Authority,CSUCI Site Authority,CA,NG,0,0
CSUCI Site Authority,CSUCI Site Authority,CA,DFO,0,0
CSUCI Site Authority,CSUCI Site Authority,CA,NG,0,0
Hillsborough County Resource Recovery,Hillsborough County,FL,MSB,"25,495","6,924"
Hillsborough County Resource Recovery,Hillsborough County,FL,MSN,"16,300","8,462"
Hillsborough County Resource Recovery,Hillsborough County,FL,NG,0,0
Lancaster County Resource Recovery,Covanta Lancaster Inc,PA,MSB,"20,597","7,563"
Lancaster County Resource Recovery,Covanta Lancaster Inc,PA,MSN,"13,169","9,243"
Lancaster County Resource Recovery,Covanta Lancaster Inc,PA,PG,392,45
Kent County Waste to Energy Facility,Kent County,MI,MSB,"9,118","3,996"
Kent County Waste to Energy Facility,Kent County,MI,MSN,"5,830","4,884"
Kent County Waste to Energy Facility,Kent County,MI,NG,7,0
Salinas River Cogeneration,Salinas River Cogeneration Co,CA,NG,"317,771","25,386"
Wheelabrator Concord Facility,Wheelabrator Environmental Systems,NH,MSB,"6,595","2,633"
Wheelabrator Concord Facility,Wheelabrator Environmental Systems,NH,MSN,"4,217","3,219"
McKay Bay Facility,City of Tampa,FL,MSB,"16,141","5,738"
McKay Bay Facility,City of Tampa,FL,MSN,"10,319","7,012"
Wheelabrator North Andover,Wheelabrator Environmental Systems,MA,MSB,"24,005","9,783"
Wheelabrator North Andover,Wheelabrator Environmental Systems,MA,MSN,"15,347","11,957"
Wheelabrator North Andover,Wheelabrator Environmental Systems,MA,NG,0,0
Wheelabrator Millbury Facility,Wheelabrator Environmental Systems,MA,MSB,"26,452","12,478"
Wheelabrator Millbury Facility,Wheelabrator Environmental Systems,MA,MSN,"16,912","15,250"
Wheelabrator Saugus,Wheelabrator Environmental Systems,MA,MSB,"22,855","8,738"
Wheelabrator Saugus,Wheelabrator Environmental Systems,MA,MSN,"14,612","10,681"
Wheelabrator Shasta,"Shasta Sustainable Resource Management, Inc.",CA,AB,0,0
Wheelabrator Shasta,"Shasta Sustainable Resource Management, Inc.",CA,NG,0,0
Wheelabrator Shasta,"Shasta Sustainable Resource Management, Inc.",CA,WDS,"27,337","24,963"
Wheelabrator Westchester,Wheelabrator Environmental Systems,NY,MSB,"34,264","14,546"
Wheelabrator Westchester,Wheelabrator Environmental Systems,NY,MSN,"21,905","17,778"
Wheelabrator Westchester,Wheelabrator Environmental Systems,NY,NG,0,0
Wheelabrator Bridgeport,Wheelabrator Environmental Systems,CT,MSB,"40,439","18,230"
Wheelabrator Bridgeport,Wheelabrator Environmental Systems,CT,MSN,"25,855","22,280"
Pinellas County Resource Recovery,"Covanta Projects, LLC",FL,MSB,"47,280","18,668"
Pinellas County Resource Recovery,"Covanta Projects, LLC",FL,MSN,"30,229","22,817"
Pinellas County Resource Recovery,"Covanta Projects, LLC",FL,NG,3,0
Wheelabrator Gloucester LP,Wheelabrator Environmental Systems,NJ,MSB,"7,341","2,424"
Wheelabrator Gloucester LP,Wheelabrator Environmental Systems,NJ,MSN,"4,693","2,963"
Spokane Waste to Energy,City of Spokane,WA,MSB,"13,697","5,298"
Spokane Waste to Energy,City of Spokane,WA,MSN,"8,758","6,475"
Wheelabrator South Broward,Wheelabrator Environmental Systems,FL,MSB,"40,378","16,348"
Wheelabrator South Broward,Wheelabrator Environmental Systems,FL,MSN,"25,814","19,981"
Northampton Generating Company LP,"EIF Northampton GP, LLC",PA,PC,0,0
Northampton Generating Company LP,"EIF Northampton GP, LLC",PA,TDF,"2,140","4,815"
Northampton Generating Company LP,"EIF Northampton GP, LLC",PA,WC,"58,992","65,493"
Northampton Generating Company LP,"EIF Northampton GP, LLC",PA,WDS,6,9
Northampton Generating Company LP,"EIF Northampton GP, LLC",PA,WO,22,7
Covington Facility,WestRock Corp,VA,BIT,"8,808","5,518"
Covington Facility,WestRock Corp,VA,BLQ,"80,228","22,423"
Covington Facility,WestRock Corp,VA,DFO,148,21
Covington Facility,WestRock Corp,VA,NG,"648,121","16,709"
Covington Facility,WestRock Corp,VA,RFO,"8,962","1,369"
Covington Facility,WestRock Corp,VA,WDS,"56,440","11,967"
Sagamore Plant Cogeneration,Tate & Lyle Ingredients Americas Inc,IN,BIT,0,0
Sagamore Plant Cogeneration,Tate & Lyle Ingredients Americas Inc,IN,NG,"111,086","2,424"
Yellowstone Energy LP,Yellowstone Energy LP,MT,DFO,0,0
Yellowstone Energy LP,Yellowstone Energy LP,MT,OG,"957,434",390
Yellowstone Energy LP,Yellowstone Energy LP,MT,PC,"21,676","36,383"
Rhinelander Mill,Ahlstrom-Munksjo,WI,WAT,0,394
Rhinelander Mill,Ahlstrom-Munksjo,WI,BIT,0,0
Rhinelander Mill,Ahlstrom-Munksjo,WI,DFO,0,0
Rhinelander Mill,Ahlstrom-Munksjo,WI,NG,"206,479",0
Rhinelander Mill,Ahlstrom-Munksjo,WI,SUB,0,0
Caterpillar,Caterpillar Inc,IN,DFO,39,22
Caterpillar,Caterpillar Inc,IN,NG,"2,720",283
Hardee Power Station,Invenergy Services LLC,FL,DFO,0,4
Hardee Power Station,Invenergy Services LLC,FL,NG,0,"34,984"
Hardee Power Station,Invenergy Services LLC,FL,DFO,18,8
Hardee Power Station,Invenergy Services LLC,FL,NG,"855,288","68,197"
Hardee Power Station,Invenergy Services LLC,FL,DFO,28,9
Hardee Power Station,Invenergy Services LLC,FL,NG,"6,019",332
Sunnyside Cogen Associates,Sunnyside Cogeneration Assoc,UT,DFO,313,142
Sunnyside Cogen Associates,Sunnyside Cogeneration Assoc,UT,WC,"36,485","32,287"
Rousselot Inc,Rousselot Inc,MA,NG,"1,420",0
Rousselot Inc,Rousselot Inc,MA,PG,1,0
Rousselot Inc,Rousselot Inc,MA,RFO,0,0
Union County Resource Recovery,Covanta Union Operations LLC,NJ,MSB,"29,636","12,065"
Union County Resource Recovery,Covanta Union Operations LLC,NJ,MSN,"18,948","14,746"
Union County Resource Recovery,Covanta Union Operations LLC,NJ,NG,0,0
Naval Hospital Medical Center,Department of the Navy,CA,NG,"33,489","2,376"
Toledo Ref Power Recovery Train,Toledo Refining Company,OH,LFG,0,0
Toledo Ref Power Recovery Train,Toledo Refining Company,OH,NG,0,0
Toledo Ref Power Recovery Train,Toledo Refining Company,OH,OG,0,0
Toledo Ref Power Recovery Train,Toledo Refining Company,OH,PC,"15,748",0
MU Combined Heat and Power Plant,Curators of the University of Missouri,MO,DFO,0,0
MU Combined Heat and Power Plant,Curators of the University of Missouri,MO,NG,"24,934","1,708"
MU Combined Heat and Power Plant,Curators of the University of Missouri,MO,DFO,0,0
MU Combined Heat and Power Plant,Curators of the University of Missouri,MO,BIT,"3,808","2,827"
MU Combined Heat and Power Plant,Curators of the University of Missouri,MO,DFO,0,0
MU Combined Heat and Power Plant,Curators of the University of Missouri,MO,NG,"125,280","4,110"
MU Combined Heat and Power Plant,Curators of the University of Missouri,MO,WDS,"12,504","4,438"
Motiva Enterprises Port Arthur Refinery,Motiva Enterprises LLC,TX,NG,0,"13,269"
Motiva Enterprises Port Arthur Refinery,Motiva Enterprises LLC,TX,OG,"1,621,115","13,214"
Motiva Enterprises Port Arthur Refinery,Motiva Enterprises LLC,TX,NG,"1,450,647","121,938"
Motiva Enterprises Port Arthur Refinery,Motiva Enterprises LLC,TX,OG,0,0
Motiva Enterprises Port Arthur Refinery,Motiva Enterprises LLC,TX,NG,"240,517","12,216"
MacArthur Waste to Energy Facility,Covanta MacArthur Renewable Energy,NY,DFO,0,0
MacArthur Waste to Energy Facility,Reworld MacArthur Renewable Energy,NY,DFO,.,.
MacArthur Waste to Energy Facility,Covanta MacArthur Renewable Energy,NY,MSB,"8,889","1,818"
MacArthur Waste to Energy Facility,Reworld MacArthur Renewable Energy,NY,MSB,.,.
MacArthur Waste to Energy Facility,Covanta MacArthur Renewable Energy,NY,MSN,"5,683","2,222"
MacArthur Waste to Energy Facility,Reworld MacArthur Renewable Energy,NY,MSN,.,.
MacArthur Waste to Energy Facility,Covanta MacArthur Renewable Energy,NY,NG,"4,628",128
MacArthur Waste to Energy Facility,Reworld MacArthur Renewable Energy,NY,NG,.,.
Lee County Solid Waste Energy,Lee County Board-Commissioners,FL,MSB,"27,250","5,647"
Lee County Solid Waste Energy,Lee County Board-Commissioners,FL,MSN,"17,423","6,902"
Lee County Solid Waste Energy,Lee County Board-Commissioners,FL,PG,972,67
Lee County Solid Waste Energy,Lee County Board-Commissioners,FL,WO,0,0
Dixie Valley,Ormat Nevada Inc,NV,GEO,0,"3,895"
Dixie Valley,Ormat Nevada Inc,NV,GEO,0,"39,383"
Doswell Energy Center,Doswell Ltd Partnership,VA,DFO,0,"1,738"
Doswell Energy Center,Doswell Ltd Partnership,VA,NG,"225,046","156,099"
Doswell Energy Center,Doswell Ltd Partnership,VA,DFO,"7,496","3,664"
Doswell Energy Center,Doswell Ltd Partnership,VA,NG,"3,507,323","309,160"
Doswell Energy Center,Doswell Ltd Partnership,VA,DFO,"3,826","1,853"
Doswell Energy Center,Doswell Ltd Partnership,VA,NG,"336,397","29,379"
Rhode Island Hospital,Rhode Island Hospital,RI,NG,"49,511",815
Rhode Island Hospital,Rhode Island Hospital,RI,RFO,"3,234",310
Quail Creek Hydro Plant #1,Washington Cnty Wtr Consv Dist,UT,WAT,0,"1,422"
Great Falls Hydro Project,"Eagle Creek Renewable Energy, LLC",NJ,WAT,0,442
UCLA So Campus Cogen Project,University of California-LA,CA,DFO,0,0
UCLA So Campus Cogen Project,University of California-LA,CA,LFG,0,0
UCLA So Campus Cogen Project,University of California-LA,CA,NG,"106,261","5,961"
UCLA So Campus Cogen Project,University of California-LA,CA,DFO,0,0
UCLA So Campus Cogen Project,University of California-LA,CA,LFG,0,0
UCLA So Campus Cogen Project,University of California-LA,CA,NG,"191,808","16,569"
Taft 26C Cogen,Chevron USA Inc,CA,NG,"80,382","5,112"
Texas City Power Plant,Texas City Cogeneration LLC,TX,NG,"152,087","57,464"
Texas City Power Plant,Texas City Cogeneration LLC,TX,OG,0,0
Texas City Power Plant,Texas City Cogeneration LLC,TX,NG,"1,545,377","130,259"
Texas City Power Plant,Texas City Cogeneration LLC,TX,OG,0,0
Celanese Acetate LLC,Celanese Acetate LLC,VA,BIT,0,0
Celanese Acetate LLC,Celanese Acetate LLC,VA,DFO,0,0
Celanese Acetate LLC,Celanese Acetate LLC,VA,NG,"703,023","14,511"
Berry Placerita Cogen,Shadow Wolf Energy,CA,NG,0,0
Kern River Eastridge Cogen,Chevron USA Inc,CA,NG,"270,036","24,367"
Richmond Cogen,Chevron Products Company-Richmond,CA,NG,0,"10,050"
Richmond Cogen,Chevron Products Company-Richmond,CA,OG,"236,875","2,925"
Richmond Cogen,Chevron Products Company-Richmond,CA,NG,"790,491","72,724"
Richmond Cogen,Chevron Products Company-Richmond,CA,OG,0,0
Richmond Cogen,Chevron Products Company-Richmond,CA,WH,0,0
Freeport Energy,Olin Blue Cube Operations,TX,NG,0,"59,340"
Freeport Energy,Olin Blue Cube Operations,TX,NG,"1,862,657","162,690"
Freeport Energy,Olin Blue Cube Operations,TX,NG,0,0
Tesoro Mandan Cogeneration Plant,PAR Petroleum,ND,NG,"151,106",693
Tesoro Mandan Cogeneration Plant,PAR Petroleum,ND,OG,"558,302","2,075"
Tesoro Mandan Cogeneration Plant,PAR Petroleum,ND,RFO,0,0
Tesoro Mandan Cogeneration Plant,PAR Petroleum,ND,WO,0,0
International Paper Prattville Mill,International Paper Co,AL,BIT,0,0
International Paper Prattville Mill,International Paper Co,AL,BLQ,"86,118","30,704"
International Paper Prattville Mill,International Paper Co,AL,DFO,0,0
International Paper Prattville Mill,International Paper Co,AL,NG,"435,628","12,586"
International Paper Prattville Mill,International Paper Co,AL,OBG,0,0
International Paper Prattville Mill,International Paper Co,AL,WDS,"38,751","9,350"
International Paper Prattville Mill,International Paper Co,AL,WO,0,0
CP Kelco San Diego Plant,CP Kelco US Inc.,CA,NG,"53,481","4,179"
Sylvamo Corporation Eastover Facility,Sylvamo Corporation - Eastover,SC,BIT,0,0
Sylvamo Corporation Eastover Facility,Sylvamo Corporation - Eastover,SC,BLQ,"117,345","38,860"
Sylvamo Corporation Eastover Facility,Sylvamo Corporation - Eastover,SC,DFO,0,0
Sylvamo Corporation Eastover Facility,Sylvamo Corporation - Eastover,SC,NG,"195,227","5,653"
Sylvamo Corporation Eastover Facility,Sylvamo Corporation - Eastover,SC,RFO,0,0
Sylvamo Corporation Eastover Facility,Sylvamo Corporation - Eastover,SC,TDF,0,0
Sylvamo Corporation Eastover Facility,Sylvamo Corporation - Eastover,SC,WDS,"34,533","8,446"
Sylvamo Corporation Eastover Facility,Sylvamo Corporation - Eastover,SC,WO,60,10
International Paper Franklin Mill,International Paper,VA,NG,0,0
International Paper Franklin Mill,International Paper,VA,BIT,0,0
International Paper Franklin Mill,International Paper,VA,BLQ,"40,173","17,855"
International Paper Franklin Mill,International Paper,VA,NG,"168,858","6,131"
International Paper Franklin Mill,International Paper,VA,RFO,0,0
Midway Sunset Cogen,Midway-Sunset Cogeneration Co,CA,NG,"33,944","3,055"
Tesoro Kenai Cogeneration Plant,Tesoro Alaska Company LLC,AK,DFO,0,0
Tesoro Kenai Cogeneration Plant,Tesoro Alaska Company LLC,AK,JF,0,0
Tesoro Kenai Cogeneration Plant,Tesoro Alaska Company LLC,AK,NG,"83,025","6,666"
Delaware City Plant,Delaware City Refining Company LLC,DE,NG,"1,055,594","85,149"
Delaware City Plant,Delaware City Refining Company LLC,DE,PC,0,0
Delaware City Plant,Delaware City Refining Company LLC,DE,NG,"302,638","8,582"
Delaware City Plant,Delaware City Refining Company LLC,DE,OG,"517,996","14,688"
"WestRock Southeast, LLC.","WestRock Southeast, LLC",GA,DFO,0,0
"WestRock Southeast, LLC.","WestRock Southeast, LLC",GA,NG,"64,843","4,735"
"WestRock Southeast, LLC.","WestRock Southeast, LLC",GA,BIT,0,0
"WestRock Southeast, LLC.","WestRock Southeast, LLC",GA,NG,"8,626",248
"WestRock Southeast, LLC.","WestRock Southeast, LLC",GA,OBS,"5,593",701
"WestRock Southeast, LLC.","WestRock Southeast, LLC",GA,SLW,0,0
"WestRock Southeast, LLC.","WestRock Southeast, LLC",GA,TDF,"7,173","6,035"
"WestRock Southeast, LLC.","WestRock Southeast, LLC",GA,WDS,"25,567","7,621"
University of Illinois Cogen Facility,University of Illinois,IL,NG,"94,733","8,728"
University of Illinois Cogen Facility,University of Illinois,IL,DFO,0,0
University of Illinois Cogen Facility,University of Illinois,IL,NG,0,0
Spruance Operating Services LLC,Veolia Energy Operating Service,VA,BIT,0,0
Spruance Operating Services LLC,Veolia Energy Operating Service,VA,NG,"508,620","6,556"
International Paper Georgetown Mill,International Paper Co-GT Mill,SC,BIT,346,212
International Paper Georgetown Mill,International Paper Co-GT Mill,SC,BLQ,"96,825","27,089"
International Paper Georgetown Mill,International Paper Co-GT Mill,SC,DFO,0,0
International Paper Georgetown Mill,International Paper Co-GT Mill,SC,NG,"127,456","3,228"
International Paper Georgetown Mill,International Paper Co-GT Mill,SC,RFO,631,96
International Paper Georgetown Mill,International Paper Co-GT Mill,SC,TDF,"6,968","5,210"
International Paper Georgetown Mill,International Paper Co-GT Mill,SC,WDS,"51,389","9,687"
Mansfield Mill,IPC-Mansfield Mill,LA,DFO,0,0
Mansfield Mill,IPC-Mansfield Mill,LA,NG,"235,269","21,939"
Mansfield Mill,IPC-Mansfield Mill,LA,RFO,0,0
Mansfield Mill,IPC-Mansfield Mill,LA,BIT,0,0
Mansfield Mill,IPC-Mansfield Mill,LA,BLQ,"16,524","20,930"
Mansfield Mill,IPC-Mansfield Mill,LA,DFO,.,.
Mansfield Mill,IPC-Mansfield Mill,LA,NG,"177,046","21,525"
Mansfield Mill,IPC-Mansfield Mill,LA,RFO,0,0
Mansfield Mill,IPC-Mansfield Mill,LA,TDF,575,"1,861"
Mansfield Mill,IPC-Mansfield Mill,LA,WDS,"9,416","9,371"
Mansfield Mill,IPC-Mansfield Mill,LA,WO,0,0
Kaukauna Paper Mill,Thilmany LLC,WI,BIT,0,0
Kaukauna Paper Mill,Thilmany LLC,WI,BLQ,"16,967","5,632"
Kaukauna Paper Mill,Thilmany LLC,WI,DFO,0,0
Kaukauna Paper Mill,Thilmany LLC,WI,NG,"202,145","5,592"
Kaukauna Paper Mill,Thilmany LLC,WI,PC,0,0
Kaukauna Paper Mill,Thilmany LLC,WI,RFO,0,0
Kaukauna Paper Mill,Thilmany LLC,WI,TDF,0,0
Kaukauna Paper Mill,Thilmany LLC,WI,WDS,0,0
Ticonderoga Mill,Sylvamo North America LLC,NY,BLQ,"18,211","6,890"
Ticonderoga Mill,Sylvamo North America LLC,NY,NG,"269,243","12,032"
Ticonderoga Mill,Sylvamo North America LLC,NY,OG,0,0
Ticonderoga Mill,Sylvamo North America LLC,NY,PG,0,0
Ticonderoga Mill,Sylvamo North America LLC,NY,RFO,"4,305","1,220"
Ticonderoga Mill,Sylvamo North America LLC,NY,WDS,"1,659",628
International Paper Vicksburg Mill,International Paper Co-Vicksbg,MS,AB,"1,036",180
International Paper Vicksburg Mill,International Paper Co-Vicksbg,MS,BLQ,"38,264","8,398"
International Paper Vicksburg Mill,International Paper Co-Vicksbg,MS,NG,"321,325","6,711"
International Paper Vicksburg Mill,International Paper Co-Vicksbg,MS,RFO,0,0
International Paper Vicksburg Mill,International Paper Co-Vicksbg,MS,TDF,0,0
International Paper Vicksburg Mill,International Paper Co-Vicksbg,MS,WDS,"24,557","4,274"
Georgia-Pacific Cedar Springs,Georgia-Pacific Cedar Springs LLC,GA,BIT,"10,834","7,938"
Georgia-Pacific Cedar Springs,Georgia-Pacific Cedar Springs LLC,GA,BLQ,"80,738","25,933"
Georgia-Pacific Cedar Springs,Georgia-Pacific Cedar Springs LLC,GA,DFO,"11,415","1,940"
Georgia-Pacific Cedar Springs,Georgia-Pacific Cedar Springs LLC,GA,NG,"165,126","4,839"
Georgia-Pacific Cedar Springs,Georgia-Pacific Cedar Springs LLC,GA,RFO,"11,413","2,107"
Georgia-Pacific Cedar Springs,Georgia-Pacific Cedar Springs LLC,GA,WDS,"41,310","10,750"
Port Edwards Mill,Domtar Industries Inc,WI,WAT,0,"2,815"
Port Edwards Mill,Domtar Industries Inc,WI,NG,0,0
Port Edwards Mill,Domtar Industries Inc,WI,RFO,0,0
Ashdown,Domtar Industries Inc,AR,BIT,"5,890","3,484"
Ashdown,Domtar Industries Inc,AR,BLQ,"79,043","23,746"
Ashdown,Domtar Industries Inc,AR,NG,"368,800","9,453"
Ashdown,Domtar Industries Inc,AR,RFO,0,0
Ashdown,Domtar Industries Inc,AR,TDF,"1,056",761
Ashdown,Domtar Industries Inc,AR,WDS,"34,447","5,943"
Iowa State University,Iowa State University,IA,BIT,0,0
Iowa State University,Iowa State University,IA,DFO,"2,074",422
Iowa State University,Iowa State University,IA,NG,"242,294","8,755"
Mississippi Baptist Medical Center,Mississippi Baptist Medical,MS,NG,0,0
Clevelandcliffs Warren,Clevelandcliffs Warren,OH,BIT,0,0
Clevelandcliffs Warren,Clevelandcliffs Warren,OH,NG,"124,523","1,541"
Clevelandcliffs Warren,Clevelandcliffs Warren,OH,OG,"446,736","2,845"
Clevelandcliffs Warren,Clevelandcliffs Warren,OH,WC,0,0
Franklin Heating Station,Franklin Heating Station,MN,DFO,75,45
Franklin Heating Station,Franklin Heating Station,MN,NG,0,0
Franklin Heating Station,Franklin Heating Station,MN,DFO,"1,870",396
Franklin Heating Station,Franklin Heating Station,MN,NG,"95,459","3,481"
Franklin Heating Station,Franklin Heating Station,MN,PUR,0,"1,240"
Franklin Heating Station,Franklin Heating Station,MN,RFO,0,0
Gillette SBMC,The Gillette Company,MA,DFO,0,0
Gillette SBMC,The Gillette Company,MA,NG,"67,694","4,603"
Gillette SBMC,The Gillette Company,MA,RFO,0,0
Gillette SBMC,The Gillette Company,MA,DFO,0,0
Gillette SBMC,The Gillette Company,MA,DFO,0,0
Gillette SBMC,The Gillette Company,MA,NG,0,288
Erving Paper Mills,Erving Paper Mills Inc,MA,DFO,599,254
Erving Paper Mills,Erving Paper Mills Inc,MA,NG,"43,115","3,112"
Erving Paper Mills,Erving Paper Mills Inc,MA,NG,0,259
Erving Paper Mills,Erving Paper Mills Inc,MA,OTH,0,0
Pfizer Groton Plant,Pfizer Inc,CT,DFO,809,323
Pfizer Groton Plant,Pfizer Inc,CT,NG,"47,299","3,329"
Pfizer Groton Plant,Pfizer Inc,CT,RFO,0,0
Pfizer Groton Plant,Pfizer Inc,CT,DFO,"7,772",540
Pfizer Groton Plant,Pfizer Inc,CT,NG,"104,755","1,284"
Pfizer Groton Plant,Pfizer Inc,CT,PG,0,0
Naval Submarine Base Kings Bay,Kings Bay Naval Base,GA,DFO,36,51
Saint Marys Hospital Power Plant,St Mary's Hospital,MN,DFO,0,0
Saint Marys Hospital Power Plant,St Mary's Hospital,MN,NG,"35,180","3,282"
Saint Marys Hospital Power Plant,St Mary's Hospital,MN,DFO,24,14
Saint Marys Hospital Power Plant,St Mary's Hospital,MN,NG,0,0
Saint Marys Hospital Power Plant,St Mary's Hospital,MN,DFO,738,160
Saint Marys Hospital Power Plant,St Mary's Hospital,MN,NG,"39,828","1,485"
HF Sinclair Puget Sound Refining,HF Sinclair Corporation,WA,DFO,0,0
HF Sinclair Puget Sound Refining,HF Sinclair Corporation,WA,JF,0,0
HF Sinclair Puget Sound Refining,HF Sinclair Corporation,WA,NG,"722,598","64,255"
HF Sinclair Puget Sound Refining,HF Sinclair Corporation,WA,OG,"260,668","20,950"
Saguaro Power,Saguaro Power Co,NV,DFO,0,0
Saguaro Power,Saguaro Power Co,NV,NG,0,0
Saguaro Power,Saguaro Power Co,NV,OG,0,0
Saguaro Power,Saguaro Power Co,NV,DFO,0,0
Saguaro Power,Saguaro Power Co,NV,NG,0,0
Saguaro Power,Saguaro Power Co,NV,OG,0,0
Univ of NC Chapel Hill Cogen Facility,University of North Carolina,NC,DFO,0,0
Univ of NC Chapel Hill Cogen Facility,University of North Carolina,NC,BIT,"6,402","4,683"
Univ of NC Chapel Hill Cogen Facility,University of North Carolina,NC,DFO,0,0
Univ of NC Chapel Hill Cogen Facility,University of North Carolina,NC,NG,"89,746","2,676"
West Group Data Center,Thomson Corp,MN,DFO,15,7
Biola University Hybrid,Biola University,CA,MWH,5,-1
Biola University Hybrid,Biola University,CA,NG,"6,961",697
Westward Seafoods,Westward Seafoods Inc,AK,DFO,"1,906","1,181"
General Chemical,Tata Chemicals Partners,WY,BIT,"38,373","14,708"
General Chemical,Tata Chemicals Partners,WY,DFO,0,0
General Chemical,Tata Chemicals Partners,WY,NG,"257,544","5,296"
General Chemical,Tata Chemicals Partners,WY,SUB,0,0
Goodyear Beaumont Chemical Plant,Goodyear Tire & Rubber Co,TX,NG,"207,227","15,299"
Goodyear Beaumont Chemical Plant,Goodyear Tire & Rubber Co,TX,NG,"564,781","9,428"
Goodyear Beaumont Chemical Plant,Goodyear Tire & Rubber Co,TX,WO,"2,052",195
Sibley Mill,Augusta Canal Authority,GA,WAT,0,760
CNN Center,,GA,DFO,12,7
Bucknell University,Bucknell University,PA,DFO,2,0
Bucknell University,Bucknell University,PA,NG,"9,573",501
Bucknell University,Bucknell University,PA,DFO,0,0
Bucknell University,Bucknell University,PA,NG,"46,670","3,685"
Rio Grande Valley Sugar Growers,"Rio Grande Valley Sugar Growers, Inc.",TX,DFO,231,0
Rio Grande Valley Sugar Growers,"Rio Grande Valley Sugar Growers, Inc.",TX,AB,"33,118",0
Rio Grande Valley Sugar Growers,"Rio Grande Valley Sugar Growers, Inc.",TX,NG,"41,648",0
Nevada Cogen Associates 2 Black Mountain,Nevada Cogeneration Assoc # 2,NV,NG,"65,370","8,378"
Nevada Cogen Associates 2 Black Mountain,Nevada Cogeneration Assoc # 2,NV,NG,"326,200","30,846"
Nevada Cogen Assoc#1 GarnetVly,Nevada Cogeneration Assoc # 1,NV,NG,"8,519","7,004"
Nevada Cogen Assoc#1 GarnetVly,Nevada Cogeneration Assoc # 1,NV,NG,"263,646","25,038"
Fuyao Glass Illinois Inc.,"Fuyao Glass Illinois, Inc",IL,DFO,0,0
"Shelby, NC","Electric Glass Fiber America, LLC.",NC,DFO,0,0
University of Colorado,University of Colorado,CO,DFO,0,0
University of Colorado,University of Colorado,CO,NG,0,0
University of Colorado,University of Colorado,CO,DFO,0,0
University of Colorado,University of Colorado,CO,NG,"3,430",177
Sinclair Oil Refinery,HF Sinclair Parco Refining LLC,WY,DFO,0,0
Sinclair Oil Refinery,HF Sinclair Parco Refining LLC,WY,NG,997,87
Sinclair Oil Refinery,HF Sinclair Parco Refining LLC,WY,RFO,0,0
Sinclair Oil Refinery,HF Sinclair Parco Refining LLC,WY,NG,0,0
Sinclair Oil Refinery,HF Sinclair Parco Refining LLC,WY,OG,"312,858",0
Waupun Correctional Central Heating Plt,State of Wisconsin,WI,DFO,0,0
Waupun Correctional Central Heating Plt,State of Wisconsin,WI,BIT,0,0
Waupun Correctional Central Heating Plt,State of Wisconsin,WI,DFO,464,0
Waupun Correctional Central Heating Plt,State of Wisconsin,WI,NG,"19,952",0
Waupun Correctional Central Heating Plt,State of Wisconsin,WI,WDS,0,0
UW Madison Charter Street Plant,State of Wisconsin,WI,DFO,0,0
UW Madison Charter Street Plant,State of Wisconsin,WI,BIT,0,0
UW Madison Charter Street Plant,State of Wisconsin,WI,DFO,"3,078",0
UW Madison Charter Street Plant,State of Wisconsin,WI,NG,"257,967",0
Dartmouth College Heating Plant,Dartmouth College,NH,PG,0,0
Dartmouth College Heating Plant,Dartmouth College,NH,RFO,"11,182","1,572"
Western Power & Steam Inc,Western Power and Steam II LLC,CA,NG,"77,031","6,234"
John Deere Dubuque Works,John Deere Dubuque Works,IA,BIT,0,0
John Deere Dubuque Works,John Deere Dubuque Works,IA,DFO,8,5
John Deere Dubuque Works,John Deere Dubuque Works,IA,NG,0,0
Gaylord Container Bogalusa,Temple-Inland Corp,LA,BIT,0,0
Gaylord Container Bogalusa,Temple-Inland Corp,LA,BLQ,"72,778","22,881"
Gaylord Container Bogalusa,Temple-Inland Corp,LA,DFO,0,0
Gaylord Container Bogalusa,Temple-Inland Corp,LA,NG,"110,492","3,080"
Gaylord Container Bogalusa,Temple-Inland Corp,LA,PC,0,0
Gaylord Container Bogalusa,Temple-Inland Corp,LA,RFO,0,0
Gaylord Container Bogalusa,Temple-Inland Corp,LA,WDS,"51,047","12,378"
Alabama Pine Pulp,Alabama River Cellulose LLC,AL,BLQ,"79,988","29,817"
Alabama Pine Pulp,Alabama River Cellulose LLC,AL,DFO,0,0
Alabama Pine Pulp,Alabama River Cellulose LLC,AL,NG,"163,750","5,391"
Alabama Pine Pulp,Alabama River Cellulose LLC,AL,WDS,"4,047","1,098"
Los Angeles Refinery Wilmington,Phillips 66 - Los Angeles,CA,NG,"206,237","17,267"
Los Angeles Refinery Wilmington,Phillips 66 - Los Angeles,CA,OG,"189,456","19,407"
Graniteville Enterprise Division,Augusta Canal Authority,GA,WAT,0,17
Simplot Phosphates,Simplot Phosphates LLC,WY,NG,"1,629",56
Simplot Phosphates,Simplot Phosphates LLC,WY,OTH,"32,397","8,578"
Village Creek Water Reclamation Facility,Ft Worth City of,TX,LFG,0,0
Village Creek Water Reclamation Facility,Ft Worth City of,TX,NG,"44,803","3,310"
Village Creek Water Reclamation Facility,Ft Worth City of,TX,OBG,0,0
Village Creek Water Reclamation Facility,Ft Worth City of,TX,NG,0,0
Hoffer Plastics,Hoffer Plastics,IL,NG,"2,533",205
Kankakee Hydro Facility,Kankakee City of,IL,WAT,0,0
Southern Minnesota Beet Sugar,Southern Minnesota Beet Sugar,MN,BIT,0,0
Southern Minnesota Beet Sugar,Southern Minnesota Beet Sugar,MN,NG,"120,818",948
Southern Minnesota Beet Sugar,Southern Minnesota Beet Sugar,MN,RFO,332,16
Southern Minnesota Beet Sugar,Southern Minnesota Beet Sugar,MN,SUB,"18,833","2,349"
Ferndale Generating Station,Puget Sound Energy Inc,WA,DFO,0,706
Ferndale Generating Station,Puget Sound Energy Inc,WA,NG,"102,180","58,601"
Ferndale Generating Station,Puget Sound Energy Inc,WA,DFO,"3,112","1,565"
Ferndale Generating Station,Puget Sound Energy Inc,WA,NG,"1,263,221","120,217"
Charter Dura-Bar,Wells Manufacturing Co,IL,NG,"11,108",881
Sithe Independence Station,Sithe/Independence LLC,NY,NG,"348,978","274,040"
Sithe Independence Station,Sithe/Independence LLC,NY,NG,"4,948,166","471,831"
Collierville Powerhouse,Northern California Power Agny,CA,WAT,0,"21,472"
Bayville Central Facility,Ocean County Utilities Auth,NJ,DFO,72,26
Bayville Central Facility,Ocean County Utilities Auth,NJ,NG,229,14
Bayville Central Facility,Ocean County Utilities Auth,NJ,OBG,"3,442",125
Bayville Central Facility,Ocean County Utilities Auth,NJ,SUN,0,5
Warner Lambert,University of Michigan NCampus Research,MI,DFO,0,0
Warner Lambert,University of Michigan NCampus Research,MI,NG,"40,996","2,506"
Warner Lambert,University of Michigan NCampus Research,MI,DFO,9,0
Pratt & Whitney,United Technologies,CT,DFO,602,210
Pratt & Whitney,United Technologies,CT,JF,0,0
Pratt & Whitney,United Technologies,CT,NG,"167,312","10,507"
South District Wastewater Treatment Plt,Miami Dade Water & Sewer Dept,FL,LFG,0,0
South District Wastewater Treatment Plt,Miami Dade Water & Sewer Dept,FL,NG,"11,530","1,125"
South District Wastewater Treatment Plt,Miami Dade Water & Sewer Dept,FL,OBG,"14,164",914
Covanta Plymouth Renewable Energy,Covanta Plymouth Renewable Energy L P,PA,DFO,"1,393",423
Covanta Plymouth Renewable Energy,Covanta Plymouth Renewable Energy L P,PA,MSB,"20,606","7,212"
Covanta Plymouth Renewable Energy,Covanta Plymouth Renewable Energy L P,PA,MSN,"13,175","8,816"
Okeelanta Cogeneration,New Hope Power Company,FL,AB,"142,279","3,614"
Okeelanta Cogeneration,New Hope Power Company,FL,DFO,0,0
Okeelanta Cogeneration,New Hope Power Company,FL,NG,"57,327",208
Okeelanta Cogeneration,New Hope Power Company,FL,WDS,0,0
American Gypsum Cogeneration,Eagle Materials Co LLC,CO,NG,"34,600","2,011"
American Gypsum Cogeneration,Eagle Materials Co LLC,CO,DFO,10,5
St Nicholas Cogen Project,Schuylkill Energy Resource Inc,PA,DFO,"1,005",362
St Nicholas Cogen Project,Schuylkill Energy Resource Inc,PA,WC,"125,188","55,460"
Kalaeloa Cogen Plant,Kalaeloa Partners LP,HI,DFO,248,30
Kalaeloa Cogen Plant,Kalaeloa Partners LP,HI,RFO,0,"17,719"
Kalaeloa Cogen Plant,Kalaeloa Partners LP,HI,DFO,0,0
Kalaeloa Cogen Plant,Kalaeloa Partners LP,HI,RFO,"132,910","68,446"
Schoolfield Dam,"Eagle Creek Renewable Energy, LLC",VA,WAT,0,"1,360"
International Paper Riegelwood Mill,International Paper Co-Riegelwood,NC,ANT,0,0
International Paper Riegelwood Mill,International Paper Co-Riegelwood,NC,BIT,0,0
International Paper Riegelwood Mill,International Paper Co-Riegelwood,NC,BLQ,"54,422","27,937"
International Paper Riegelwood Mill,International Paper Co-Riegelwood,NC,NG,"132,820","5,682"
International Paper Riegelwood Mill,International Paper Co-Riegelwood,NC,RFO,0,0
International Paper Riegelwood Mill,International Paper Co-Riegelwood,NC,SLW,0,0
International Paper Riegelwood Mill,International Paper Co-Riegelwood,NC,WDS,0,0
Chino Mines,FreePort-McMoRan-Corp-Chino Mines,NM,NG,0,0
Chino Mines,FreePort-McMoRan-Corp-Chino Mines,NM,NG,"59,887","5,147"
Spartanburg Water System,Spartanburg Commissioners PW,SC,WAT,0,437
Spartanburg Water System,Spartanburg Commissioners PW,SC,DFO,3,2
Oyster Creek Unit VIII,Dow Chemical Company-Oyster Creek VIII,TX,NG,"444,716","77,708"
Oyster Creek Unit VIII,Dow Chemical Company-Oyster Creek VIII,TX,OG,"1,400",34
Oyster Creek Unit VIII,Dow Chemical Company-Oyster Creek VIII,TX,NG,"1,666,085","142,225"
Oyster Creek Unit VIII,Dow Chemical Company-Oyster Creek VIII,TX,OG,0,0
CII Carbon LLC,CII Carbon LLC,LA,NG,0,0
CII Carbon LLC,CII Carbon LLC,LA,PC,0,0
CII Carbon LLC,CII Carbon LLC,LA,WH,0,0
Yuma Cogeneration Associates,Falcon Power Operating Company,AZ,DFO,0,0
Yuma Cogeneration Associates,Falcon Power Operating Company,AZ,NG,0,0
Yuma Cogeneration Associates,Falcon Power Operating Company,AZ,DFO,0,0
Yuma Cogeneration Associates,Falcon Power Operating Company,AZ,NG,0,0
Metro Methane Recovery Facility,WM Renewable Energy LLC,IA,LFG,"135,538","6,337"
Alliant SBD 9201 Norplex,Industrial Energy Applications Inc,IA,DFO,2,1
Alliant SBD 9107 JBS USA,Industrial Energy Applications Inc,IA,DFO,6,2
Alliant SBD 9203 Profol,American Profol Incorporated,IA,DFO,0,0
Alliant SBD 8601 Quad Graphics,Industrial Energy Applications Inc,IA,DFO,0,0
Hendricks Regional Health,Hendricks Regional Health,IN,DFO,5,1
Hendricks Regional Health,Hendricks Regional Health,IN,NG,0,0
Freeport McMoRan,Freeport McMoRan Inc,NM,DFO,0,0
Freeport McMoRan,Freeport McMoRan Inc,NM,NG,0,0
Wheelabrator Falls,Wheelabrator Environmental Systems,PA,MSB,"21,362","9,331"
Wheelabrator Falls,Wheelabrator Environmental Systems,PA,MSN,"13,657","11,405"
Wheelabrator Falls,Wheelabrator Environmental Systems,PA,NG,0,0
Goal Line LP,Goal Line LP,CA,NG,0,164
Goal Line LP,Goal Line LP,CA,NG,"7,135",667
Wheelabrator Lisbon,Wheelabrator Environmental Systems,CT,MSB,"10,284","3,969"
Wheelabrator Lisbon,Wheelabrator Environmental Systems,CT,MSN,"6,575","4,850"
Hermiston Generating Plant,Hermiston Generating Co LP,OR,NG,0,"118,458"
Hermiston Generating Plant,Hermiston Generating Co LP,OR,NG,"2,214,956","186,684"
Live Oak Limited,WCAC Operating Company,CA,NG,0,-102
University of Iowa Main Power Plant,University of Iowa,IA,DFO,0,0
University of Iowa Main Power Plant,University of Iowa,IA,NG,71,0
University of Iowa Main Power Plant,University of Iowa,IA,BIT,"1,618",0
University of Iowa Main Power Plant,University of Iowa,IA,NG,"161,550",0
University of Iowa Main Power Plant,University of Iowa,IA,OBS,"4,007",0
University of Iowa Main Power Plant,University of Iowa,IA,WDS,"1,991",0
Seneca Energy,Seneca Energy II,NY,LFG,"140,838","6,715"
Evanston Township High School,Evanston Board of Education,IL,NG,0,0
Domino Sugar Baltimore,"American Sugar Refining, Inc.",MD,NG,"160,813","4,800"
Domino Sugar Baltimore,"American Sugar Refining, Inc.",MD,RFO,"1,039",157
Saint Agnes Medical Center,Saint Agnes Medical Center,CA,NG,"32,727","2,298"
Avalon Hydropower,Avalon Hydropower LLC,NC,WAT,0,449
Mead Coated Board,Mead Coated Board Inc,AL,NG,"225,962","15,110"
Mead Coated Board,Mead Coated Board Inc,AL,BLQ,"76,850","24,708"
Mead Coated Board,Mead Coated Board Inc,AL,DFO,0,0
Mead Coated Board,Mead Coated Board Inc,AL,NG,"156,511","4,712"
Mead Coated Board,Mead Coated Board Inc,AL,WDS,"88,233","21,998"
University of Washington Power Plant,University of Washington,WA,DFO,14,7
University of Washington Power Plant,University of Washington,WA,DFO,"3,051",27
University of Washington Power Plant,University of Washington,WA,NG,"139,823",230
University of Washington Power Plant,University of Washington,WA,PG,0,0
Smithfield Farmland Corp Bladen,Smithfield Fresh Meats Corp.,NC,DFO,0,0
Wailuku River Hydroelectric,Wailuku Holding Company LLC,HI,WAT,0,505
Bristol Myers Squibb New Brunswick,Bristol-Myers Squibb Co,NJ,DFO,0,0
Bristol Myers Squibb New Brunswick,Bristol-Myers Squibb Co,NJ,NG,"77,321","5,096"
Bristol Myers Squibb New Brunswick,Bristol-Myers Squibb Co,NJ,DFO,0,0
Bristol Myers Squibb New Brunswick,Bristol-Myers Squibb Co,NJ,NG,0,0
Brandywine Power Facility,"KMC Thermo, LLC",MD,DFO,0,319
Brandywine Power Facility,"KMC Thermo, LLC",MD,NG,0,"6,915"
Brandywine Power Facility,"KMC Thermo, LLC",MD,DFO,"1,274",509
Brandywine Power Facility,"KMC Thermo, LLC",MD,NG,"151,500","11,049"
Fort Greely Power Plant,Doyon Utilities - Fort Greely,AK,DFO,8,5
MMSD Jones Island Wastewater,Milwaukee Metro Sewerage Dist,WI,DFO,0,0
MMSD Jones Island Wastewater,Milwaukee Metro Sewerage Dist,WI,LFG,"10,748",568
MMSD Jones Island Wastewater,Milwaukee Metro Sewerage Dist,WI,NG,"38,582","4,476"
Southwestern Bell Telephone,AT&T,MO,DFO,7,2
Bassett Medical Center,Bassett Healthcare,NY,DFO,0,0
Martinez Refining,Martinez Refining Co,CA,NG,0,0
Martinez Refining,Martinez Refining Co,CA,OG,"122,297",0
Martinez Refining,Martinez Refining Co,CA,NG,"409,959","32,796"
Martinez Refining,Martinez Refining Co,CA,OG,0,0
Brooklyn Navy Yard Cogeneration,Brooklyn Navy Yard Cogen PLP,NY,DFO,0,1
Brooklyn Navy Yard Cogeneration,Brooklyn Navy Yard Cogen PLP,NY,NG,0,"17,016"
Brooklyn Navy Yard Cogeneration,Brooklyn Navy Yard Cogen PLP,NY,DFO,21,11
Brooklyn Navy Yard Cogeneration,Brooklyn Navy Yard Cogen PLP,NY,NG,"1,662,972","153,856"
Alliant SBD 9502 Eaton,Industrial Energy Applications Inc,IA,DFO,0,0
Sauder Power Plant,Sauder Woodworking Co,OH,NG,328,5
Sauder Power Plant,Sauder Woodworking Co,OH,WDS,"1,745",436
New Mexico State University,New Mexico State University,NM,NG,"36,211","2,677"
Ocean County Landfill,EPP Renewable Energy,NJ,LFG,"127,508","7,643"
Ocean County Landfill,"NextEra Renewable Fuels, LLC",NJ,LFG,.,.
Pine Tree Acres,EPP Renewable Energy,MI,LFG,"138,565","6,065"
Pine Tree Acres,"NextEra Renewable Fuels, LLC",MI,LFG,.,.
Wheelabrator Portsmouth,Wheelabrator Environmental Systems,VA,DFO,"58,250","1,149"
Wheelabrator Portsmouth,Wheelabrator Environmental Systems,VA,MSB,"14,908",345
Wheelabrator Portsmouth,Wheelabrator Environmental Systems,VA,MSN,"9,532",422
Murphy-Brown LLC,Murphy - Brown LLC,NC,DFO,2,1
Thornwood High School,Thorton Township School Dist,IL,NG,0,0
Thornridge High School,Thorton Township School Dist,IL,NG,0,0
Whitewater Generating Station,Wisconsin Electric Power Co,WI,DFO,0,9
Whitewater Generating Station,Wisconsin Electric Power Co,WI,NG,"1,207","7,973"
Whitewater Generating Station,Wisconsin Electric Power Co,WI,DFO,38,19
Whitewater Generating Station,Wisconsin Electric Power Co,WI,NG,"179,632","16,760"
Sweeny Cogen Facility,Sweeny Cogeneration LLC,TX,NG,"2,626,752","111,391"
Sweeny Cogen Facility,Sweeny Cogeneration LLC,TX,OG,"1,085,363","37,994"
Papillion Creek Wastewater,City of Omaha,NE,NG,"1,120",93
Papillion Creek Wastewater,City of Omaha,NE,OBG,"10,080",503
Missouri River Wastewater Treatment,City of Omaha,NE,NG,"4,887",355
Missouri River Wastewater Treatment,City of Omaha,NE,OBG,"18,278",798
University of Tennessee Steam Plant,University of Tennessee,TN,NG,"27,762","2,482"
Opryland USA,Gaylord Entertainment Co,TN,NG,"23,490","1,852"
Mid-Georgia Cogeneration Facility,"SEPG MGA, LLC",GA,DFO,0,0
Mid-Georgia Cogeneration Facility,"SEPG MGA, LLC",GA,NG,0,"2,363"
Mid-Georgia Cogeneration Facility,"SEPG MGA, LLC",GA,DFO,0,0
Mid-Georgia Cogeneration Facility,"SEPG MGA, LLC",GA,NG,"71,316","6,380"
Bridgeport Energy Project,Bridgeport Energy LLC,CT,NG,0,"62,750"
Bridgeport Energy Project,Bridgeport Energy LLC,CT,NG,"1,334,766","129,378"
Pasadena Cogeneration,Pasadena Cogeneration LP,TX,NG,0,"136,400"
Pasadena Cogeneration,Pasadena Cogeneration LP,TX,NG,"3,237,415","293,008"
Westlake Plaquemine,Westlake Chemicals & Vinyls LLC,LA,NG,"1,554,203","127,218"
Westlake Plaquemine,Westlake Chemicals & Vinyls LLC,LA,OG,"131,716","3,466"
Tenaska Georgia Generation Facility,Tenaska Georgia Partners LP,GA,DFO,"8,188","3,649"
Tenaska Georgia Generation Facility,Tenaska Georgia Partners LP,GA,NG,0,0
Tenaska Frontier Generation Station,Tenaska Frontier Partners Ltd,TX,DFO,0,0
Tenaska Frontier Generation Station,Tenaska Frontier Partners Ltd,TX,NG,"225,527","158,678"
Tenaska Frontier Generation Station,Tenaska Frontier Partners Ltd,TX,DFO,0,0
Tenaska Frontier Generation Station,Tenaska Frontier Partners Ltd,TX,NG,"2,597,293","238,968"
Batesville Generation Facility,Cooperative Energy,MS,NG,"62,300","159,456"
Batesville Generation Facility,Cooperative Energy,MS,NG,"3,105,292","282,913"
Black Hawk Station,Borger Energy Associates LP,TX,NG,"1,617,644","107,237"
Black Hawk Station,Borger Energy Associates LP,TX,OG,"306,020","21,957"
Mustang Station,"Golden Spread Electric Cooperative, Inc",TX,NG,0,"45,550"
Mustang Station,"Golden Spread Electric Cooperative, Inc",TX,NG,"1,088,917","96,601"
Heat Recovery Coke Facility,Cokenergy Inc,IN,WH,0,"34,805"
Pine Bluff Energy Center,Pine Bluff Energy LLC,AR,DFO,0,0
Pine Bluff Energy Center,Pine Bluff Energy LLC,AR,NG,"50,062","11,123"
Pine Bluff Energy Center,Pine Bluff Energy LLC,AR,DFO,0,0
Pine Bluff Energy Center,Pine Bluff Energy LLC,AR,NG,"935,114","83,269"
Red Hills Generating Facility,"Choctaw Generation L.P, L.L.L.P.",MS,LIG,"131,135","109,180"
Red Hills Generating Facility,"Choctaw Generation L.P, L.L.L.P.",MS,NG,"4,593",387
Desert Star Energy Center,Desert Star Energy Center SDG&E,NV,NG,512,"83,605"
Desert Star Energy Center,Desert Star Energy Center SDG&E,NV,NG,"1,649,284","147,958"
Millennium Power,"Millennium Power Company, LLC",MA,DFO,0,0
Millennium Power,"Millennium Power Company, LLC",MA,NG,0,"26,035"
Millennium Power,"Millennium Power Company, LLC",MA,DFO,0,0
Millennium Power,"Millennium Power Company, LLC",MA,NG,"602,014","56,185"
Crockett Cogen Project,Crockett Cogeneration,CA,NG,"1,092,799","131,227"
Gregory Power Plant,Gregory Power Partners LLC,TX,NG,0,"7,853"
Gregory Power Plant,Gregory Power Partners LLC,TX,NG,"275,426","21,710"
Zeeland Generating Station,Consumers Energy Co - (MI),MI,NG,"241,317","152,328"
Zeeland Generating Station,Consumers Energy Co - (MI),MI,NG,"2,531,433","259,373"
Zeeland Generating Station,Consumers Energy Co - (MI),MI,NG,"1,423,801","142,588"
Dearborn Industrial Generation,Dearborn Industrial Gen Inc,MI,BFG,0,0
Dearborn Industrial Generation,Dearborn Industrial Gen Inc,MI,NG,0,0
Dearborn Industrial Generation,Dearborn Industrial Gen Inc,MI,NG,"3,591,691","389,824"
Dearborn Industrial Generation,Dearborn Industrial Gen Inc,MI,BFG,"3,872,719","134,829"
Dearborn Industrial Generation,Dearborn Industrial Gen Inc,MI,NG,"60,607","21,141"
Taft Cogeneration Facility,Occidental Chemical Corporation,LA,NG,"65,406","180,244"
Taft Cogeneration Facility,Occidental Chemical Corporation,LA,OG,"370,211","5,531"
Taft Cogeneration Facility,Occidental Chemical Corporation,LA,NG,"3,495,092","347,537"
Taft Cogeneration Facility,Occidental Chemical Corporation,LA,OG,0,0
Plummer Cogen,Stimson Lumber Company,ID,WDS,0,0
Midlothian Energy Facility,Midlothian Energy LLC,TX,NG,"3,273,837","438,841"
Lamar Power Project,LaFrontera Holdings LLC,TX,NG,"127,507","202,517"
Lamar Power Project,LaFrontera Holdings LLC,TX,NG,"3,730,313","372,102"
Frontera Energy Center,Frontera Generation Limited Partnership,TX,NG,0,0
Frontera Energy Center,Frontera Generation Limited Partnership,TX,NG,0,0
Klamath Cogeneration Plant,Klamath Energy LLC,OR,NG,"40,612","122,851"
Klamath Cogeneration Plant,Klamath Energy LLC,OR,NG,"2,319,564","221,648"
Rhode Island State Energy Center,RISEC Operating Services,RI,NG,"61,069","102,217"
Rhode Island State Energy Center,RISEC Operating Services,RI,NG,"1,955,404","184,612"
Sutter Energy Center,Calpine Corp-Sutter,CA,NG,"6,948","97,940"
Sutter Energy Center,Calpine Corp-Sutter,CA,NG,"2,064,292","190,446"
Rockingham County CT Station,"Duke Energy Carolinas, LLC",NC,DFO,"4,705","2,188"
Rockingham County CT Station,"Duke Energy Carolinas, LLC",NC,NG,"249,890","20,754"
RS Cogen,Westlake 2 US LLC,LA,NG,0,"48,865"
RS Cogen,Westlake 2 US LLC,LA,NG,"2,754,190","248,680"
Magic Valley Generating Station,Calpine Corp-Magic Valley,TX,NG,"13,419","111,766"
Magic Valley Generating Station,Calpine Corp-Magic Valley,TX,NG,"2,276,995","202,189"
Griffith Energy LLC,Griffith Energy LLC,AZ,NG,"264,807","146,725"
Griffith Energy LLC,Griffith Energy LLC,AZ,NG,"2,268,528","217,916"
Milford Power Project,Milford Power Co LLC,CT,NG,"2,462,222","351,750"
Milford Power Project,Milford Power Co LLC,CT,PG,0,0
Manchief Electric Generating Station,Public Service Co of Colorado,CO,NG,"204,839","21,499"
Manchief Electric Generating Station,Public Service Co of Colorado,CO,SUB,.,.
Desert Basin,Salt River Project,AZ,NG,"208,613","129,640"
Desert Basin,Salt River Project,AZ,NG,"2,077,600","193,858"
Desert Basin,Salt River Project,AZ,NG,"4,524",504
Kendall County Generation Facility,Dynegy Kendall Energy LLC,IL,NG,"239,234","111,529"
Kendall County Generation Facility,Dynegy Kendall Energy LLC,IL,NG,"2,128,496","195,014"
Tenaska Gateway Generating Station,Tenaska Gateway Partners Ltd,TX,DFO,0,0
Tenaska Gateway Generating Station,Tenaska Gateway Partners Ltd,TX,NG,"392,403","208,445"
Tenaska Gateway Generating Station,Tenaska Gateway Partners Ltd,TX,DFO,0,0
Tenaska Gateway Generating Station,Tenaska Gateway Partners Ltd,TX,NG,"3,247,976","294,772"
Thomson Reuters Campus Bldg A-D,Thomson Corp,MN,DFO,6,4
Thomson Reuters Campus Bldg A-D,Thomson Corp,MN,NG,0,0
Rio Nogales Power Project,City of San Antonio - (TX),TX,NG,"2,978","167,765"
Rio Nogales Power Project,City of San Antonio - (TX),TX,NG,"3,239,064","286,090"
Wolf Hollow I LP,"Wolf Hollow I Power, LLC",TX,NG,"13,588","88,220"
Wolf Hollow I LP,"Wolf Hollow I Power, LLC",TX,NG,"2,094,064","180,760"
Hays Energy Project,"Hays Energy, LLC",TX,NG,"3,142,575","423,424"
Green Country Energy LLC,Green Country OP Services LLC,OK,NG,"181,894","179,995"
Green Country Energy LLC,Green Country OP Services LLC,OK,NG,"3,214,176","305,363"
Lake Road Generating Plant,Lake Road Generating Co LP,CT,NG,"3,701,884","510,757"
Lake Road Generating Plant,Lake Road Generating Co LP,CT,PG,0,0
La Paloma Generating Plant,CXA La Paloma LLC,CA,NG,"597,737","76,917"
Guadalupe Generating Station,Guadalupe Power Partners LP,TX,NG,"189,600","215,063"
Guadalupe Generating Station,Guadalupe Power Partners LP,TX,NG,"4,025,600","385,887"
Lost Pines 1 Power Project,Lower Colorado River Authority,TX,NG,0,"92,141"
Lost Pines 1 Power Project,Lower Colorado River Authority,TX,NG,"1,841,370","172,036"
Broad River Energy Center,Broad River Energy LLC,SC,DFO,0,0
Broad River Energy Center,Broad River Energy LLC,SC,NG,"75,261","7,241"
Bastrop Energy Center,"Bastrop Energy Partners, LP",TX,NG,"38,507","50,252"
Bastrop Energy Center,"Bastrop Energy Partners, LP",TX,NG,"1,211,760","121,564"
Granite Ridge,Granite Ridge Energy LLC,NH,NG,0,"120,589"
Granite Ridge,Granite Ridge Energy LLC,NH,NG,"2,533,528","233,429"
Bosque County Peaking,Calpine Bosque Energy Center LLC,TX,NG,"83,181","167,250"
Thad Hill Energy Center,"Thad Hill Energy Center, LLC",TX,NG,.,.
Bosque County Peaking,Calpine Bosque Energy Center LLC,TX,NG,"3,170,031","310,144"
Thad Hill Energy Center,"Thad Hill Energy Center, LLC",TX,NG,.,.
Acadia Energy Center,Cleco Power LLC,LA,NG,"73,196","205,596"
Acadia Energy Center,Cleco Power LLC,LA,NG,"4,626,461","362,829"
Eastman Cogeneration Facility,Eastman Cogeneration LP,TX,NG,"67,752","4,907"
Eastman Cogeneration Facility,Eastman Cogeneration LP,TX,OG,0,0
Eastman Cogeneration Facility,Eastman Cogeneration LP,TX,NG,"1,715,993","119,432"
Eastman Cogeneration Facility,Eastman Cogeneration LP,TX,OG,0,0
South Point Energy Center,South Point Energy Center LLC,AZ,NG,"1,517","79,577"
South Point Energy Center,South Point Energy Center LLC,AZ,NG,"1,964,371","172,984"
Dogwood Energy Facility,"Dogwood Power Management, LLC",MO,NG,"98,205","110,274"
Dogwood Energy Facility,"Dogwood Power Management, LLC",MO,NG,"2,127,141","199,420"
Sunrise Power LLC,Sunrise Power Co LLC,CA,NG,"229,042","135,812"
Sunrise Power LLC,Sunrise Power Co LLC,CA,NG,"1,973,157","189,316"
Channelview Cogeneration Plant,EIF Channelview Cogeneration LLC,TX,NG,"270,214","86,296"
Channelview Cogeneration Plant,EIF Channelview Cogeneration LLC,TX,NG,"5,409,569","483,646"
Ontelaunee Energy Center,Ontelaunee Energy Center,PA,NG,0,"145,989"
Ontelaunee Energy Center,Ontelaunee Energy Center,PA,NG,"2,716,483","265,699"
Caledonia,Tennessee Valley Authority,MS,NG,"2,411,507","187,022"
Caledonia,Tennessee Valley Authority,MS,NG,"1,288,602","349,996"
Riverside Generating LLC,Riverside Generating Co LLC,KY,NG,"1,168,440","86,667"
Elwood Energy LLC,Elwood Energy LLC,IL,NG,"150,230","13,376"
Arapahoe Combustion Turbine Project,"SWG Arapahoe, LLC",CO,NG,"1,969","4,380"
Arapahoe Combustion Turbine Project,"SWG Arapahoe, LLC",CO,NG,"202,605","18,660"
Corpus Christi Energy Center,Corpus Christi Cogeneration LLC,TX,NG,"94,915","39,057"
Corpus Christi Energy Center,Corpus Christi Cogeneration LLC,TX,OG,0,0
Corpus Christi Energy Center,Corpus Christi Cogeneration LLC,TX,NG,"1,687,853","148,901"
Corpus Christi Energy Center,Corpus Christi Cogeneration LLC,TX,OG,0,0
Afton Generating Station,Public Service Co of NM,NM,NG,0,0
Afton Generating Station,Public Service Co of NM,NM,NG,"626,019","87,600"
ANP Bellingham Energy Project,Bellingham Power Generation LLC,MA,NG,"2,196,079","287,645"
ANP Blackstone Energy Project,ANP Blackstone Energy Company LLC,MA,NG,"2,043,637","283,840"
Odessa-Ector Power Plant,LaFrontera Holdings LLC,TX,NG,"329,208","229,547"
Odessa-Ector Power Plant,LaFrontera Holdings LLC,TX,NG,"3,965,947","394,443"
Morris Cogeneration LLC,Morris Cogeneration LLC,IL,NG,"32,824","5,736"
Morris Cogeneration LLC,Morris Cogeneration LLC,IL,OG,0,0
Morris Cogeneration LLC,Morris Cogeneration LLC,IL,NG,"671,406","53,022"
Morris Cogeneration LLC,Morris Cogeneration LLC,IL,OG,0,0
Los Medanos Energy Center,Los Medanos Energy Center LLC,CA,NG,"129,888","131,006"
Los Medanos Energy Center,Los Medanos Energy Center LLC,CA,NG,"2,439,510","234,687"
Hinds Energy Facility,Entergy Mississippi LLC,MS,NG,0,"117,853"
Hinds Energy Facility,Entergy Mississippi LLC,MS,NG,"2,360,986","222,808"
Hinds Energy Facility,Entergy Mississippi LLC,MS,NG,"12,581","1,196"
Attala,Entergy Mississippi LLC,MS,NG,0,"112,492"
Attala,Entergy Mississippi LLC,MS,NG,"2,085,359","215,402"
Oneta Energy Center,Oneta Power LLC,OK,NG,"111,447","164,209"
Oneta Energy Center,Oneta Power LLC,OK,NG,"2,995,587","283,424"
Freestone Energy Center,Freestone Power Generation LLC,TX,NG,0,"223,587"
Freestone Energy Center,Freestone Power Generation LLC,TX,NG,"4,404,800","420,514"
Montpelier Electric Generating Station,Kimura Power LLC,IN,DFO,0,0
Montpelier Electric Generating Station,Kimura Power LLC,IN,NG,"99,894","9,321"
Jack County,"Jack County Power, LLC",TX,NG,"189,287","258,385"
Jack County,"Jack County Power, LLC",TX,NG,"4,475,528","404,657"
Liberty Electric Power Plant,Liberty Electric Power LLC,PA,NG,"57,601","129,952"
Liberty Electric Power Plant,Liberty Electric Power LLC,PA,NG,"2,491,109","237,668"
Marshall Energy Facility,Tennessee Valley Authority,KY,DFO,0,0
Marshall Energy Facility,Tennessee Valley Authority,KY,NG,"20,266","1,237"
Red Oak Power LLC,Red Oak Operating Services LLC,NJ,NG,0,"67,757"
Red Oak Power LLC,Red Oak Operating Services LLC,NJ,NG,"1,445,760","137,032"
Hog Bayou Energy Center,Mobile Energy LLC,AL,DFO,0,0
Hog Bayou Energy Center,Mobile Energy LLC,AL,NG,0,"35,139"
Hog Bayou Energy Center,Mobile Energy LLC,AL,DFO,0,0
Hog Bayou Energy Center,Mobile Energy LLC,AL,NG,"806,731","73,456"
Santa Rosa Energy Center,Santa Rosa Energy Center LLC,FL,NG,0,"54,185"
Santa Rosa Energy Center,Santa Rosa Energy Center LLC,FL,NG,"1,228,200","112,451"
Whiting Clean Energy,BP Alternative Energy,IN,NG,"168,837","51,512"
Whiting Clean Energy,BP Alternative Energy,IN,NG,"2,056,728","206,745"
TVA Southaven Combined Cycle,Tennessee Valley Authority,MS,NG,"2,483,571","193,412"
TVA Southaven Combined Cycle,Tennessee Valley Authority,MS,NG,"1,326,965","361,993"
Jackson Generating Station,Consumers Energy Co - (MI),MI,NG,"84,871","34,112"
Jackson Generating Station,Consumers Energy Co - (MI),MI,NG,"1,057,297","109,120"
Tenaska Lindsay Hill Generating Station,Tenaska Alabama Partners LP,AL,DFO,0,0
Tenaska Lindsay Hill Generating Station,Tenaska Alabama Partners LP,AL,NG,291,"33,612"
Tenaska Lindsay Hill Generating Station,Tenaska Alabama Partners LP,AL,DFO,0,0
Tenaska Lindsay Hill Generating Station,Tenaska Alabama Partners LP,AL,NG,"763,970","73,098"
Ceredo Generating Station,Appalachian Power Co,WV,NG,"194,211","17,545"
Aurora,Aurora Generation LLC,IL,NG,"490,854","45,832"
Arlington Valley Energy Facility,Arlington Valley LLC,AZ,NG,"282,693","153,877"
Arlington Valley Energy Facility,Arlington Valley LLC,AZ,NG,"2,408,606","228,609"
Front Range Power Plant,City of Colorado Springs - (CO),CO,NG,"31,410","78,688"
Front Range Power Plant,City of Colorado Springs - (CO),CO,NG,"1,505,525","142,045"
Decatur Energy Center,Decatur Energy Center LLC,AL,NG,0,"101,505"
Decatur Energy Center,Decatur Energy Center LLC,AL,NG,"2,178,612","207,081"
Morgan Energy Center,Morgan Energy Center LLC,AL,NG,"171,041","185,732"
Morgan Energy Center,Morgan Energy Center LLC,AL,NG,"3,853,112","359,341"
Westbrook Energy Center Power Plant,Westbrook Energy Center,ME,NG,0,"104,772"
Westbrook Energy Center Power Plant,Westbrook Energy Center,ME,NG,"2,067,677","202,824"
Blythe Energy Inc,AltaGas Blythe Operations Inc,CA,NG,"1,125","23,923"
Blythe Energy Inc,AltaGas Blythe Operations Inc,CA,NG,"508,158","46,235"
New Covert Generating Facility,Consumers Energy Co - (MI),MI,NG,"141,314","261,247"
New Covert Generating Facility,Consumers Energy Co - (MI),MI,NG,"5,080,080","500,584"
Fairless Energy Center,"Edgewater Generation, LLC",PA,NG,"43,999","258,259"
Fairless Energy Center,"Edgewater Generation, LLC",PA,NG,"5,118,623","480,531"
Channel Energy Center LLC,Channel Energy Center LLC,TX,NG,"254,124","81,452"
Channel Energy Center LLC,Channel Energy Center LLC,TX,OG,"23,771","7,663"
Channel Energy Center LLC,Channel Energy Center LLC,TX,NG,"3,320,201","298,017"
Channel Energy Center LLC,Channel Energy Center LLC,TX,OG,"367,371","28,737"
Gila River Power Block 4,Salt River Project,AZ,NG,"1,056","20,786"
Gila River Power Block 4,Salt River Project,AZ,NG,"285,327","36,977"
Calvert City,DTE Calvert City LLC,KY,NG,"387,018","21,571"
Ingleside Cogeneration,Ingleside Cogeneration LP,TX,NG,"3,851","59,224"
Ingleside Cogeneration,Ingleside Cogeneration LP,TX,OG,"573,158","4,331"
Ingleside Cogeneration,Ingleside Cogeneration LP,TX,OTH,0,0
Ingleside Cogeneration,Ingleside Cogeneration LP,TX,NG,"2,309,519","201,217"
Ingleside Cogeneration,Ingleside Cogeneration LP,TX,OG,0,0
Ingleside Cogeneration,Ingleside Cogeneration LP,TX,OTH,0,0
Fore River Generating Station,"Calpine Fore River Energy Center, LLC",MA,DFO,0,0
Fore River Generating Station,"Calpine Fore River Energy Center, LLC",MA,NG,"12,338","82,405"
Fore River Generating Station,"Calpine Fore River Energy Center, LLC",MA,DFO,0,0
Fore River Generating Station,"Calpine Fore River Energy Center, LLC",MA,NG,"1,924,906","191,016"
Wise County Power LLC,Wise County Power Company LLC,TX,NG,"59,096","130,216"
Wise County Power LLC,Wise County Power Company LLC,TX,NG,"2,462,828","230,537"
Chuck Lenzie Generating Station,Nevada Power Co,NV,NG,"198,000","258,606"
Chuck Lenzie Generating Station,Nevada Power Co,NV,NG,"4,555,000","452,865"
Baytown Energy Center,Baytown Energy Center LLC,TX,NG,"17,933","129,638"
Baytown Energy Center,Baytown Energy Center LLC,TX,NG,"3,544,674","342,124"
Hermiston Power Partnership,Hermiston Power Partnership,OR,NG,"218,145","142,534"
Hermiston Power Partnership,Hermiston Power Partnership,OR,NG,"2,390,713","230,265"
Delta Energy Center,Delta Energy Center LLC,CA,NG,"88,221","197,522"
Delta Energy Center,Delta Energy Center LLC,CA,NG,"3,599,402","343,662"
Holland Energy Facility,NAES Corporation - (WA),IL,NG,"8,309","71,054"
Holland Energy Facility,NAES Corporation - (WA),IL,NG,"1,416,910","130,091"
Ironwood LLC,Helix Ironwood LLC,PA,NG,0,"40,396"
Ironwood LLC,Helix Ironwood LLC,PA,NG,"996,604","97,123"
Luna Energy Facility,Public Service Co of NM,NM,NG,0,"127,066"
Luna Energy Facility,Public Service Co of NM,NM,NG,"2,316,887","213,405"
Otay Mesa Generating Project,Otay Mesa Energy Center LLC,CA,NG,"133,417","129,131"
Otay Mesa Generating Project,Otay Mesa Energy Center LLC,CA,NG,"2,175,483","206,875"
Armstrong,Armstrong Power LLC,PA,DFO,12,7
Armstrong,Armstrong Power LLC,PA,NG,"1,281,950","128,837"
Pleasants Energy LLC,Pleasants Energy LLC,WV,DFO,0,0
Pleasants Energy LLC,Pleasants Energy LLC,WV,NG,"1,317,013","135,817"
Dresden Energy Facility,Appalachian Power Co,OH,NG,0,"159,108"
Dresden Energy Facility,Appalachian Power Co,OH,NG,"2,820,521","279,545"
Jack Fusco Energy Center,Brazos Valley Energy,TX,NG,"194,268","123,241"
Jack Fusco Energy Center,Brazos Valley Energy,TX,NG,"2,104,193","190,805"
Cottonwood Energy Project,NRG Cottonwood Tenant LLC,TX,NG,"411,886","227,133"
Cottonwood Energy Project,NRG Cottonwood Tenant LLC,TX,NG,"3,688,390","332,753"
Sugar Creek Power,Northern Indiana Pub Serv Co,IN,NG,"17,374","52,449"
Sugar Creek Power,Northern Indiana Pub Serv Co,IN,NG,"1,145,184","117,296"
Hamakua Energy Plant,"Hamakua Energy, LLC",HI,DFO,0,0
Hamakua Energy Plant,"Hamakua Energy, LLC",HI,OBL,0,"1,710"
Hamakua Energy Plant,"Hamakua Energy, LLC",HI,WO,0,"4,715"
Hamakua Energy Plant,"Hamakua Energy, LLC",HI,DFO,0,0
Hamakua Energy Plant,"Hamakua Energy, LLC",HI,OBL,"8,434","3,184"
Hamakua Energy Plant,"Hamakua Energy, LLC",HI,WO,"24,692","8,779"
Harquahala Generating Project,"New Harquahala Generating Co, LLC",AZ,NG,0,0
Harquahala Generating Project,"New Harquahala Generating Co, LLC",AZ,NG,0,0
Astoria Energy,Astoria Energy LLC,NY,DFO,0,"1,217"
Astoria Energy,Astoria Energy LLC,NY,NG,"134,679","132,811"
Astoria Energy,Astoria Energy LLC,NY,DFO,"4,079","2,184"
Astoria Energy,Astoria Energy LLC,NY,NG,"2,360,506","225,523"
Union Power Station,Entergy Arkansas LLC,AR,NG,0,"358,071"
Union Power Station,Entergy Arkansas LLC,AR,NG,"7,222,528","662,407"
Commonwealth Chesapeake,Commonwealth Chesapeake Co LLC,VA,DFO,"1,227",568
Thomas A Smith Energy Facility,Oglethorpe Power Corporation,GA,NG,"319,679","278,990"
Thomas A Smith Energy Facility,Oglethorpe Power Corporation,GA,NG,"4,485,362","403,112"
Columbia Energy Center (SC),"Dominion Energy South Carolina, Inc",SC,DFO,0,0
Columbia Energy Center (SC),"Dominion Energy South Carolina, Inc",SC,NG,0,0
Columbia Energy Center (SC),"Dominion Energy South Carolina, Inc",SC,DFO,0,0
Columbia Energy Center (SC),"Dominion Energy South Carolina, Inc",SC,NG,"1,990,715","286,955"
State Farm Insur Support Center Central,State Farm Mutual Auto Ins Co,TX,DFO,4,2
RockGen Energy Center,Dairyland Power Coop,WI,DFO,"1,553",780
RockGen Energy Center,Dairyland Power Coop,WI,NG,"89,400","8,084"
Metcalf Energy Center,Calpine Corp - Metcalf Energy Center,CA,NG,"124,734","150,379"
Metcalf Energy Center,Calpine Corp - Metcalf Energy Center,CA,NG,"2,749,614","242,975"
Washington Energy Facility,Dynegy Washington Energy Facility,OH,NG,"453,948","196,251"
Washington Energy Facility,Dynegy Washington Energy Facility,OH,NG,"2,768,837","277,545"
Elk Hills Power LLC,Elk Hills Power LLC,CA,NG,"56,830","102,439"
Elk Hills Power LLC,Elk Hills Power LLC,CA,NG,"2,017,794","186,240"
Renaissance Power Plant,DTE Electric Company,MI,NG,"325,161","24,379"
Carville Energy LLC,Carville Energy LLC,LA,NG,"16,094","56,528"
Carville Energy LLC,Carville Energy LLC,LA,NG,"1,820,116","174,170"
Athens Generating Plant,New Athens Generating Company LLC,NY,DFO,0,0
Athens Generating Plant,New Athens Generating Company LLC,NY,NG,0,0
Athens Generating Plant,New Athens Generating Company LLC,NY,DFO,0,0
Athens Generating Plant,New Athens Generating Company LLC,NY,NG,"16,047",3
Bobby C Smith Jr Energy Facility,Oglethorpe Power Corporation,GA,NG,0,"35,558"
Bobby C Smith Jr Energy Facility,Oglethorpe Power Corporation,GA,NG,"686,215","58,758"
Calhoun Energy Center,Alabama Power Co,AL,DFO,"8,414","2,891"
Calhoun Energy Center,Alabama Power Co,AL,NG,0,0
Hillabee Energy Center,CER Generation LLC,AL,NG,"1,204,386","186,467"
Hillabee Energy Center,CER Generation LLC,AL,NG,"2,219,727","343,666"
Osprey Energy Center Power Plant,"Duke Energy Florida, LLC",FL,NG,21,"33,411"
Osprey Energy Center Power Plant,"Duke Energy Florida, LLC",FL,NG,"683,553","55,948"
Shady Hills Generating Station,Shady Hills Power Co LLC,FL,DFO,396,127
Shady Hills Generating Station,Shady Hills Power Co LLC,FL,NG,650,37
Vandolah Power Station,Vandolah Power Co LLC,FL,DFO,"2,650","1,407"
Vandolah Power Station,Vandolah Power Co LLC,FL,NG,"50,598","4,762"
Hot Spring Generating Facility,Entergy Arkansas LLC,AR,NG,0,5
Hot Spring Generating Facility,Entergy Arkansas LLC,AR,NG,"3,389",28
Plaquemine Cogeneration Plant,Dow Chemical Co,LA,NG,0,"26,024"
Plaquemine Cogeneration Plant,Dow Chemical Co,LA,OG,"839,770","3,082"
Plaquemine Cogeneration Plant,Dow Chemical Co,LA,OTH,0,0
Plaquemine Cogeneration Plant,Dow Chemical Co,LA,NG,"4,517,916","433,402"
Plaquemine Cogeneration Plant,Dow Chemical Co,LA,OG,0,0
Plaquemine Cogeneration Plant,Dow Chemical Co,LA,OTH,0,0
Bayou Cove Peaking Power,"Bayou Cove, LLC",LA,NG,"36,928","3,066"
Tenaska Virginia Generating Station,Tenaska Virginia Partners LP,VA,DFO,0,64
Tenaska Virginia Generating Station,Tenaska Virginia Partners LP,VA,NG,"237,909","167,062"
Tenaska Virginia Generating Station,Tenaska Virginia Partners LP,VA,DFO,218,115
Tenaska Virginia Generating Station,Tenaska Virginia Partners LP,VA,NG,"2,942,549","276,588"
Central Alabama Generating Station,Alabama Power Co,AL,DFO,0,0
Central Alabama Generating Station,Alabama Power Co,AL,NG,"162,039","127,704"
Central Alabama Generating Station,Alabama Power Co,AL,DFO,0,0
Central Alabama Generating Station,Alabama Power Co,AL,NG,"2,323,005","221,030"
Magnolia Power Plant,Tennessee Valley Authority,MS,NG,"2,288,621","330,538"
Magnolia Power Plant,Tennessee Valley Authority,MS,NG,"2,232,198","322,388"
Fountain Valley Power Facility,Fountain Valley Power LLC,CO,NG,"47,792","3,938"
Red Hawk,Arizona Public Service Co,AZ,NG,0,"49,919"
Red Hawk,Arizona Public Service Co,AZ,NG,"987,211","90,513"
McClain Energy Facility,Oklahoma Gas & Electric Co,OK,NG,0,"111,339"
McClain Energy Facility,Oklahoma Gas & Electric Co,OK,NG,"2,158,579","205,574"
Indeck Niles Energy Center,"Indeck Niles, LLC",MI,NG,"20,929","136,714"
Indeck Niles Energy Center,"Indeck Niles, LLC",MI,NG,"2,534,284","289,749"
Redbud Power Plant,Oklahoma Gas & Electric Co,OK,NG,"624,197","240,176"
Redbud Power Plant,Oklahoma Gas & Electric Co,OK,NG,"3,413,837","344,711"
Deer Park Energy Center,Deer Park Energy Center,TX,NG,"803,976","134,356"
Deer Park Energy Center,Deer Park Energy Center,TX,NG,"6,455,773","593,359"
Ouachita,Entergy Louisiana LLC,LA,NG,0,"175,598"
Ouachita,Entergy Louisiana LLC,LA,NG,"3,498,450","313,157"
Green Power 2,South Houston Green Power LLC,TX,NG,"58,714",0
Green Power 2,South Houston Green Power LLC,TX,OG,"236,182",0
Green Power 2,South Houston Green Power LLC,TX,NG,"3,632,489","348,879"
Green Power 2,South Houston Green Power LLC,TX,OG,0,0
Wygen 1,,WY,NG,"1,528",134
Wygen 1,,WY,SUB,"47,476","59,476"
Forney Energy Center,LaFrontera Holdings LLC,TX,NG,"788,774","369,452"
Forney Energy Center,LaFrontera Holdings LLC,TX,NG,"5,483,672","528,546"
Mesquite Generating Station Block 2,Mesquite Power LLC,AZ,NG,"16,670","13,623"
Mesquite Generating Station Block 2,Mesquite Power LLC,AZ,NG,"186,349","17,880"
Washington Parish Energy Center,Entergy Louisiana LLC,LA,NG,"209,091","19,785"
Kiamichi Energy Facility,Kiowa Power Partners LLC,OK,NG,"526,757","270,053"
Kiamichi Energy Facility,Kiowa Power Partners LLC,OK,NG,"4,347,548","374,304"
"Lawrenceburg Power, LLC","Lawrenceburg Power, LLC",IN,NG,"267,249","290,481"
"Lawrenceburg Power, LLC","Lawrenceburg Power, LLC",IN,NG,"4,958,428","491,176"
"Waterford Power, LLC","Waterford Power, LLC",OH,NG,"149,373","222,021"
"Waterford Power, LLC","Waterford Power, LLC",OH,NG,"3,957,779","406,154"
Apex Generating Station,Apex Generating Station,NV,NG,0,"85,587"
Apex Generating Station,Apex Generating Station,NV,NG,"1,818,687","176,361"
Fayette Energy Facility,"Fayette Power Company, LLC",PA,NG,"500,792","190,801"
Fayette Energy Facility,"Fayette Power Company, LLC",PA,NG,"2,627,251","264,510"
High Desert Power Plant,"MRP Generation Holdings, LLC",CA,NG,"147,475","148,396"
High Desert Power Plant,"MRP Generation Holdings, LLC",CA,NG,"2,828,512","279,351"
Sundance,Arizona Public Service Co,AZ,NG,"299,296","29,745"
York Energy Center,Calpine Mid-Merit LLC,PA,DFO,0,0
York Energy Center,Calpine Mid-Merit LLC,PA,NG,"535,357","317,565"
York Energy Center,Calpine Mid-Merit LLC,PA,DFO,0,0
York Energy Center,Calpine Mid-Merit LLC,PA,NG,"5,590,861","540,980"
Hidalgo Energy Center,Calpine Corp - Hidalgo,TX,NG,0,"85,145"
Hidalgo Energy Center,Calpine Corp - Hidalgo,TX,NG,"1,780,610","156,636"
Wilmington Hydrogen Plant,Air Products & Chemicals Inc,CA,WH,0,"17,317"
King Mountain Wind Ranch 1,FPL Energy Upton Wind LP,TX,WND,0,"47,397"
GRS Arbor Hills,Gas Recovery Systems Inc,MI,DFO,0,0
GRS Arbor Hills,Gas Recovery Systems Inc,MI,LFG,0,0
GRS Arbor Hills,Gas Recovery Systems Inc,MI,DFO,0,0
GRS Arbor Hills,Gas Recovery Systems Inc,MI,KER,0,0
GRS Arbor Hills,Gas Recovery Systems Inc,MI,LFG,0,0
Perryville Power Station,Entergy Louisiana LLC,LA,NG,"9,154","98,763"
Perryville Power Station,Entergy Louisiana LLC,LA,NG,"1,954,488","190,376"
Perryville Power Station,Entergy Louisiana LLC,LA,NG,"94,835","8,906"
West Valley Generation Project,Utah Municipal Power Agency,UT,NG,"926,440","96,736"
Riverside Energy Center,Wisconsin Power & Light Co,WI,NG,"96,044","134,233"
Riverside Energy Center,Wisconsin Power & Light Co,WI,NG,"2,259,155","227,262"
Blue Spruce Energy Center,Public Service Co of Colorado,CO,DFO,"13,653","7,058"
Blue Spruce Energy Center,Public Service Co of Colorado,CO,NG,"452,832","43,338"
"Pastoria Energy Facility, LLC",Calpine Corp - Pastoria Energy Center,CA,NG,0,"106,326"
"Pastoria Energy Facility, LLC",Calpine Corp - Pastoria Energy Center,CA,NG,"2,057,502","206,628"
Newington,"Essential Power Operating Services, LLC",NH,DFO,0,5
Newington,"Essential Power Operating Services, LLC",NH,NG,1,"1,977"
Newington,"Essential Power Operating Services, LLC",NH,DFO,18,9
Newington,"Essential Power Operating Services, LLC",NH,NG,"40,897","3,616"
Chehalis Generating Facility,PacifiCorp,WA,DFO,0,0
Chehalis Generating Facility,PacifiCorp,WA,NG,0,"104,768"
Chehalis Generating Facility,PacifiCorp,WA,DFO,0,0
Chehalis Generating Facility,PacifiCorp,WA,NG,"1,938,321","184,702"
Harrison County Power Project,"Northeast Texas Elec Coop, Inc",TX,NG,"138,175","144,858"
Harrison County Power Project,"Northeast Texas Elec Coop, Inc",TX,NG,"2,422,347","222,152"
Lower Mount Bethel Energy,Lower Mount Bethel Energy LLC,PA,NG,"65,575","145,283"
Lower Mount Bethel Energy,Lower Mount Bethel Energy LLC,PA,NG,"2,701,872","256,354"
Higgins Generating Station,Nevada Power Co,NV,NG,"134,000","107,402"
Higgins Generating Station,Nevada Power Co,NV,NG,"1,943,000","188,177"
Bethlehem Power Plant,Calpine Bethlehem LLC,PA,DFO,0,15
Bethlehem Power Plant,Calpine Bethlehem LLC,PA,NG,0,"199,545"
Bethlehem Power Plant,Calpine Bethlehem LLC,PA,DFO,60,27
Bethlehem Power Plant,Calpine Bethlehem LLC,PA,NG,"4,337,816","352,491"
Quantum Choctaw Power LLC,Tennessee Valley Authority,MS,NG,"1,685",-458
Quantum Choctaw Power LLC,Tennessee Valley Authority,MS,NG,"2,855",-777
Hanford Energy Park Peaker,MRP San Joaquin Energy LLC.,CA,NG,"11,634","1,150"
Fremont Energy Center,"American Mun Power-Ohio, Inc",OH,NG,"331,252","150,709"
Fremont Energy Center,"American Mun Power-Ohio, Inc",OH,NG,"2,036,234","191,165"
Choctaw County,Entergy Mississippi LLC,MS,NG,0,"197,844"
Choctaw County,Entergy Mississippi LLC,MS,NG,"3,951,093","393,572"
Nacogdoches Power,Austin Energy,TX,OBS,0,0
Nacogdoches Power,Austin Energy,TX,WDS,"55,448","33,239"
Allegheny Energy Units 3 4 & 5,Springdale Energy LLC,PA,DFO,0,0
Allegheny Energy Units 3 4 & 5,Springdale Energy LLC,PA,NG,0,"133,034"
Allegheny Energy Units 3 4 & 5,Springdale Energy LLC,PA,DFO,0,0
Allegheny Energy Units 3 4 & 5,Springdale Energy LLC,PA,NG,"2,927,050","271,611"
Magnet Cove,Arkansas Electric Coop Corp,AR,NG,"35,077","131,831"
Magnet Cove,Arkansas Electric Coop Corp,AR,NG,"2,621,719","263,903"
Mountain View I & II,AES Distributed Energy,CA,WND,0,"12,007"
Hanging Rock Energy Facility,Dynegy Hanging Rock Energy Facility,OH,NG,"1,077,979","421,196"
Hanging Rock Energy Facility,Dynegy Hanging Rock Energy Facility,OH,NG,"5,614,532","553,079"
Montfort Wind Energy Center,Wisconsin Electric Power Co,WI,WND,0,"3,920"
Los Esteros Critical Energy Center,Los Esteros Critical Energy Facility LLC,CA,NG,"14,610","6,319"
Los Esteros Critical Energy Center,Los Esteros Critical Energy Facility LLC,CA,NG,"191,267","17,771"
Madison Windpower LLC,Madison Windpower LLC,NY,WND,0,"1,087"
Marcus Hook Energy LP,Marcus Hook Energy LP,PA,NG,"79,527","196,610"
Marcus Hook Energy LP,Marcus Hook Energy LP,PA,OG,0,0
Marcus Hook Energy LP,Marcus Hook Energy LP,PA,NG,"4,161,270","392,974"
Marcus Hook Energy LP,Marcus Hook Energy LP,PA,OG,0,0
Somerset Windpower LLC,"Sequitur Renewables, LLC",PA,WND,0,654
Mill Run Windpower LLC,"Sequitur Renewables, LLC",PA,WND,0,731
Henrietta Peaker,MRP San Joaquin Energy LLC.,CA,NG,0,0
Curtis H Stanton Energy Center,Stanton Clean Energy LLC,FL,DFO,0,0
Curtis H Stanton Energy Center,Stanton Clean Energy LLC,FL,NG,"19,526","91,479"
Curtis H Stanton Energy Center,Stanton Clean Energy LLC,FL,DFO,0,0
Curtis H Stanton Energy Center,Stanton Clean Energy LLC,FL,NG,"1,801,469","170,920"
MNDOT Standby Generation,State of Minnesota Department of Administration,MN,DFO,5,3
Rocky Mountain Energy Center,Public Service Co of Colorado,CO,NG,"191,221","127,744"
Rocky Mountain Energy Center,Public Service Co of Colorado,CO,NG,"2,030,416","192,144"
Silverhawk,Nevada Power Co,NV,NG,"83,870","114,873"
Silverhawk,Nevada Power Co,NV,NG,"2,103,400","204,976"
Silverhawk,Nevada Power Co,NV,NG,.,.
Valero Refinery Cogeneration Unit 1,Valero Refining Co California,CA,NG,"144,155","12,596"
Valero Refinery Cogeneration Unit 1,Valero Refining Co California,CA,OG,"53,021","4,915"
Prairie State Generating Station,Prairie State Generating Co LLC,IL,BIT,"628,986","1,135,895"
Prairie State Generating Station,Prairie State Generating Co LLC,IL,NG,"32,563","3,480"
Basin Creek Plant,Basin Creek Power Services LLC,MT,NG,"161,102","18,119"
Jasper,"Dominion Energy South Carolina, Inc",SC,DFO,0,0
Jasper,"Dominion Energy South Carolina, Inc",SC,NG,0,"142,508"
Jasper,"Dominion Energy South Carolina, Inc",SC,DFO,0,0
Jasper,"Dominion Energy South Carolina, Inc",SC,NG,"2,721,752","234,171"
Tracy Combined Cycle Power Plant,MRP San Joaquin Energy LLC.,CA,NG,"128,321","54,806"
Tracy Combined Cycle Power Plant,MRP San Joaquin Energy LLC.,CA,NG,"887,878","70,897"
Warren County,Virginia Electric & Power Co,VA,NG,0,0
Warren County,Virginia Electric & Power Co,VA,NG,"6,129,769","968,180"
Elk Hills Cogen,California Resources Elk Hills LLC,CA,NG,"6,769",632
Wansley Combined Cycle,Southern Power Co,GA,NG,"145,185","254,452"
Wansley Combined Cycle,Southern Power Co,GA,NG,"4,753,439","468,810"
Cosumnes,Sacramento Municipal Util Dist,CA,NG,0,"136,550"
Cosumnes,Sacramento Municipal Util Dist,CA,OBG,0,523
Cosumnes,Sacramento Municipal Util Dist,CA,NG,"2,611,357","268,558"
Cosumnes,Sacramento Municipal Util Dist,CA,OBG,"15,942","1,029"
Hunterstown Power Plant,"Kestrel Acquisition, LLC",PA,NG,0,0
Hunterstown Power Plant,"Kestrel Acquisition, LLC",PA,NG,0,0
Bluffview,City of Farmington - (NM),NM,NG,"10,025","7,543"
Bluffview,City of Farmington - (NM),NM,NG,"179,115","17,686"
Palomar Energy,San Diego Gas & Electric Co,CA,NG,"28,167","52,444"
Palomar Energy,San Diego Gas & Electric Co,CA,NG,"924,366","88,248"
Mountaineer Wind Energy Center,"Sequitur Renewables, LLC",WV,WND,0,"2,436"
Ashtabula,"DTE Ashtabula, LLC",OH,NG,"91,876",71
Ashtabula,"DTE Ashtabula, LLC",OH,NG,"167,153","15,100"
Orchard Park,Borough of Chambersburg,PA,DFO,62,39
Orchard Park,Borough of Chambersburg,PA,NG,"13,255","1,479"
Waymart Wind,"Sequitur Renewables, LLC",PA,WND,0,"11,150"
Hancock County Wind Energy Center,"FPL Energy Hancock County Wind, LLC",IA,WND,0,"22,189"
Grimes Way,Washington State University,WA,DFO,35,16
Grimes Way,Washington State University,WA,NG,115,10
Donald Von Raesfeld Power Plant,City of Santa Clara - (CA),CA,NG,0,"19,454"
Donald Von Raesfeld Power Plant,City of Santa Clara - (CA),CA,NG,"667,355","67,961"
Fox Energy Center,Wisconsin Public Service Corp,WI,DFO,0,0
Fox Energy Center,Wisconsin Public Service Corp,WI,NG,"157,112","161,251"
Fox Energy Center,Wisconsin Public Service Corp,WI,DFO,0,0
Fox Energy Center,Wisconsin Public Service Corp,WI,NG,"2,720,318","277,836"
WWTP Power Generation Station,East Bay Municipal Util Dist,CA,DFO,37,16
WWTP Power Generation Station,East Bay Municipal Util Dist,CA,NG,0,0
WWTP Power Generation Station,East Bay Municipal Util Dist,CA,OBG,"29,088","1,461"
Malburg,City of Vernon,CA,NG,"1,223","7,565"
Malburg,City of Vernon,CA,OBG,0,0
Malburg,City of Vernon,CA,NG,"199,391","16,404"
Malburg,City of Vernon,CA,OBG,0,0
Magnolia Power Project,City of Burbank Water and Power,CA,NG,964,"58,944"
Magnolia Power Project,City of Burbank Water and Power,CA,OBG,0,0
Magnolia Power Project,City of Burbank Water and Power,CA,NG,"1,115,075","97,885"
Magnolia Power Project,City of Burbank Water and Power,CA,OBG,0,0
CPV Towantic Energy Center,"CPV Towantic, LLC",CT,DFO,0,0
CPV Towantic Energy Center,"CPV Towantic, LLC",CT,NG,"31,050","168,016"
CPV Towantic Energy Center,"CPV Towantic, LLC",CT,DFO,0,0
CPV Towantic Energy Center,"CPV Towantic, LLC",CT,NG,"3,372,327","356,896"
THUMS,THUMS Long Beach Company,CA,NG,"306,037","30,864"
"Meyersdale Windpower, LLC","Sequitur Renewables, LLC",PA,WND,0,"2,880"
Elm Road Generating Station,Wisconsin Electric Power Co,WI,BIT,"29,802","60,198"
Elm Road Generating Station,Wisconsin Electric Power Co,WI,NG,"13,004","1,405"
Elm Road Generating Station,Wisconsin Electric Power Co,WI,SUB,"191,409","386,285"
Diesel Generators,Madison Gas & Electric Co,WI,DFO,49,32
Walnut Energy Center,Turlock Irrigation District,CA,NG,0,"63,564"
Walnut Energy Center,Turlock Irrigation District,CA,NG,"1,160,742","95,855"
SJ/SC WPCP,San Jose/Santa Clara Water P C,CA,DFO,22,13
SJ/SC WPCP,San Jose/Santa Clara Water P C,CA,NG,"29,499","3,221"
SJ/SC WPCP,San Jose/Santa Clara Water P C,CA,OBG,"56,777","3,769"
South Dakota Wind Energy Cente,FPL Energy South Dakota Wind LLC,SD,WND,0,"6,331"
New Mexico Wind Energy Center,FPL Energy New Mexico Wind LLC,NM,WND,0,"39,825"
Currant Creek,PacifiCorp,UT,NG,0,"91,519"
Currant Creek,PacifiCorp,UT,NG,"1,911,272","182,381"
Middlesex County Utilities Authority,Middlesex County Utilities Authority,NJ,LFG,0,"3,545"
Middlesex County Utilities Authority,Middlesex County Utilities Authority,NJ,NG,0,0
Middlesex County Utilities Authority,Middlesex County Utilities Authority,NJ,LFG,"210,941","5,914"
Middlesex County Utilities Authority,Middlesex County Utilities Authority,NJ,NG,0,0
McIntosh Combined Cycle Facility,Georgia Power Co,GA,DFO,0,0
McIntosh Combined Cycle Facility,Georgia Power Co,GA,NG,"397,915","308,485"
McIntosh Combined Cycle Facility,Georgia Power Co,GA,DFO,0,0
McIntosh Combined Cycle Facility,Georgia Power Co,GA,NG,"5,178,877","518,759"
Freeport Energy Center,Dow Chemical Co,TX,NG,0,"20,757"
Freeport Energy Center,Dow Chemical Co,TX,NG,"1,011,865","92,899"
Kennecott Power Plant,Kennecott Utah Copper,UT,NG,"62,288","4,643"
Kennecott Power Plant,Kennecott Utah Copper,UT,WH,0,"7,494"
Nebo Power Station,Utah Associated Mun Power Sys,UT,NG,"126,290","38,752"
Nebo Power Station,Utah Associated Mun Power Sys,UT,NG,"598,656","52,118"
Central Michigan University,Central Michigan University,MI,DFO,0,0
Central Michigan University,Central Michigan University,MI,NG,"34,745","2,492"
Central Michigan University,Central Michigan University,MI,NG,"16,293",695
Central Michigan University,Central Michigan University,MI,WDS,0,0
Georgia-Pacific Wauna Mill,Georgia-Pacific Consumer Operations LLC-Wauna,OR,BLQ,"34,253","8,962"
Georgia-Pacific Wauna Mill,Georgia-Pacific Consumer Operations LLC-Wauna,OR,NG,"245,294","5,904"
Georgia-Pacific Wauna Mill,Georgia-Pacific Consumer Operations LLC-Wauna,OR,OBS,"3,458","1,291"
Georgia-Pacific Wauna Mill,Georgia-Pacific Consumer Operations LLC-Wauna,OR,RFO,0,0
Georgia-Pacific Wauna Mill,Georgia-Pacific Consumer Operations LLC-Wauna,OR,SLW,0,0
Zeltmann,New York Power Authority,NY,DFO,0,0
Zeltmann,New York Power Authority,NY,NG,0,"119,021"
Zeltmann,New York Power Authority,NY,DFO,0,0
Zeltmann,New York Power Authority,NY,NG,"2,412,916","229,999"
TS Power Plant,"Nevada Gold Energy, LLC",NV,SUN,.,.
TS Power Plant,"Nevada Gold Energy, LLC",NV,DFO,91,51
TS Power Plant,"Nevada Gold Energy, LLC",NV,SUB,"76,924","139,125"
Port Westward,Portland General Electric Co,OR,NG,728,"97,736"
Port Westward,Portland General Electric Co,OR,NG,"1,792,068","188,396"
Cogeneration 1,University of Arizona,AZ,NG,"49,692","4,274"
Miramar Energy Facility,San Diego Gas & Electric Co,CA,NG,"5,036",508
Caithness Long Island Energy Center,"Caithness Long Island, LLC",NY,DFO,0,0
Caithness Long Island Energy Center,"Caithness Long Island, LLC",NY,NG,"82,893","84,907"
Caithness Long Island Energy Center,"Caithness Long Island, LLC",NY,DFO,0,0
Caithness Long Island Energy Center,"Caithness Long Island, LLC",NY,NG,"1,514,614","140,768"
Lake Side Power Plant,PacifiCorp,UT,NG,0,"211,578"
Lake Side Power Plant,PacifiCorp,UT,NG,"4,174,558","391,749"
Malaga Power LLC,"CalPeak Power, LLC",CA,NG,"3,132",307
Cannon Falls Energy Center,Invenergy Services LLC,MN,DFO,0,0
Cannon Falls Energy Center,Invenergy Services LLC,MN,NG,"668,466","68,694"
Kindred School,Kindred Public School,ND,DFO,0,0
West Group Data Center F,Thomson Corp,MN,DFO,3,2
Hopkins Ridge Wind,Puget Sound Energy Inc,WA,WND,0,"24,996"
Kapaia Power Station,Kauai Island Utility Cooperative,HI,DFO,117,72
Kapaia Power Station,Kauai Island Utility Cooperative,HI,JF,0,0
Kapaia Power Station,Kauai Island Utility Cooperative,HI,WO,"29,752","16,405"
Empire Generating Co LLC,Empire Generating Co LLC,NY,DFO,0,0
Empire Generating Co LLC,Empire Generating Co LLC,NY,NG,"75,883","111,715"
Empire Generating Co LLC,Empire Generating Co LLC,NY,DFO,0,0
Empire Generating Co LLC,Empire Generating Co LLC,NY,NG,"2,085,378","187,526"
Valley Queen Cheese,"Valley Queen Cheese Factory, Inc.",SD,DFO,0,0
Salem Water Plant,City of Salem - (VA),VA,DFO,11,7
Salem Street Dept,City of Salem - (VA),VA,DFO,21,12
Maple Ridge Wind Farm,"Flat Rock Windpower, LLC",NY,WND,0,"45,940"
Horse Hollow Wind Energy Center,FPL Energy Horse Hollow LLC,TX,WND,0,"192,431"
Bayway Refinery,Phillips 66,NJ,WH,0,"5,879"
Roseville Energy Park,City of Roseville - (CA),CA,NG,"41,435","25,003"
Roseville Energy Park,City of Roseville - (CA),CA,NG,"495,850","44,448"
Roseville Energy Park,City of Roseville - (CA),CA,NG,0,0
Wind Park Bear Creek,"Leeward Asset Management, LLC",PA,WND,0,"5,830"
Jersey-Atlantic Wind Farm,"Leeward Asset Management, LLC",NJ,WND,0,"1,837"
San Juan Mesa Wind Project LLC,NRG Energy Gas & Wind Holdings Inc,NM,WND,0,"18,798"
Trigen St. Louis,Ashley Energy LLC,MO,NG,"3,072",207
Trigen St. Louis,Ashley Energy LLC,MO,NG,"73,077","6,169"
Trigen St. Louis,Ashley Energy LLC,MO,DFO,0,0
Trigen St. Louis,Ashley Energy LLC,MO,NG,"2,928",730
Shute Creek Facility,Exxon Mobil Production Co,WY,NG,"572,377","45,818"
Shute Creek Facility,Exxon Mobil Production Co,WY,OG,"1,962,145","29,849"
Wild Horse,Puget Sound Energy Inc,WA,SUN,0,16
Wild Horse,Puget Sound Energy Inc,WA,WND,0,"32,792"
Campbell Industrial Park,Hawaiian Electric Co Inc,HI,DFO,"41,418","15,734"
Campbell Industrial Park,Hawaiian Electric Co Inc,HI,OBL,0,0
Aragonne Wind LLC,"Leeward Asset Management, LLC",NM,WND,0,"73,398"
Sweetwater Wind 4 LLC,"Leeward Asset Management, LLC",TX,WND,0,"49,772"
High Trail Wind Farm LLC,High Trail Wind Farm LLC,IL,WND,0,"49,434"
Colorado Bend Energy Center,CER Colorado Bend Energy Partners LP,TX,NG,"11,896","83,167"
Colorado Bend Energy Center,CER Colorado Bend Energy Partners LP,TX,NG,"1,759,274","131,885"
Colorado Bend Energy Center,CER Colorado Bend Energy Partners LP,TX,NG,"153,252","10,530"
Big Horn Wind Project,Avangrid Renewables LLC,WA,WND,0,"32,042"
Cedar Creek Wind,"Leeward Asset Management, LLC",CO,WND,0,"58,205"
Judith Gap Wind Energy Center,Invenergy Services LLC,MT,WND,0,"47,588"
Pakini Nui Wind Farm,Apollo Energy Corp,HI,WND,0,"4,999"
Blue Sky Green Field Wind Project,Wisconsin Electric Power Co,WI,WND,0,"27,213"
Mesquite Wind Power LLC,Mesquite Wind LLC,TX,WND,0,"32,984"
Lempster Wind LLC,Avangrid Renewables LLC,NH,WND,0,"6,625"
Treasure Coast Energy Center,Fort Pierce Utilities Authority,FL,DFO,0,0
Treasure Coast Energy Center,Fort Pierce Utilities Authority,FL,NG,509,"57,489"
Treasure Coast Energy Center,Fort Pierce Utilities Authority,FL,DFO,0,0
Treasure Coast Energy Center,Fort Pierce Utilities Authority,FL,NG,"1,176,683","96,040"
Nevada Solar One,Acciona Solar Power,NV,NG,6,0
Nevada Solar One,Acciona Solar Power,NV,SUN,0,"1,234"
West County Energy Center,Florida Power & Light Co,FL,DFO,0,806
West County Energy Center,Florida Power & Light Co,FL,NG,0,"499,545"
West County Energy Center,Florida Power & Light Co,FL,DFO,"2,860","1,485"
West County Energy Center,Florida Power & Light Co,FL,NG,"9,903,589","920,585"
Spindle Hill Energy Center,Invenergy Services LLC,CO,DFO,"6,572","3,142"
Spindle Hill Energy Center,Invenergy Services LLC,CO,NG,"510,712","45,236"
Kaheawa Pastures Wind Farm Hybrid,"Evergreen Wind, LLC",HI,WND,0,"5,456"
Allegheny Ridge Wind Farm,"Leeward Asset Management, LLC",PA,WND,0,"23,593"
Plum Point Energy Station,NRG Energy Services - Plum Point,AR,DFO,"2,447","1,424"
Plum Point Energy Station,NRG Energy Services - Plum Point,AR,SUB,"194,803","339,836"
Hobbs Generating Station,Lea Power Partners LLC,NM,NG,"151,114","141,055"
Hobbs Generating Station,Lea Power Partners LLC,NM,NG,"2,417,938","230,272"
Hobbs Generating Station,Lea Power Partners LLC,NM,NG,0,0
Russell City Energy Center,Russell City Energy Company LLC,CA,NG,"5,988","60,604"
Russell City Energy Center,Russell City Energy Company LLC,CA,NG,"1,145,906","105,997"
Klondike Windpower III,Avangrid Renewables LLC,OR,WND,0,"34,458"
Gateway Generating Station,Pacific Gas & Electric Co.,CA,NG,"188,217","143,139"
Gateway Generating Station,Pacific Gas & Electric Co.,CA,OBG,0,0
Gateway Generating Station,Pacific Gas & Electric Co.,CA,NG,"2,416,569","240,800"
Gateway Generating Station,Pacific Gas & Electric Co.,CA,OBG,0,0
Post Oak Wind LLC,Mesquite Wind LLC,TX,WND,0,"35,674"
Buffalo Gap 2 Wind Farm,AES Distributed Energy,TX,WND,0,"28,689"
Biglow Canyon Wind Farm,Portland General Electric Co,OR,WND,0,"47,778"
NedPower Mount Storm,Clearway Energy Operating LLC,WV,WND,0,"67,751"
Western 102 Power Plant,Nevada Gold Mines,NV,NG,"422,877","51,042"
Western 102 Power Plant,Nevada Gold Mines,NV,SUN,0,60
Pomeroy Wind Farm,MidAmerican Energy Co,IA,WND,0,"79,784"
Emporia Energy Center,"Evergy Kansas Central, Inc",KS,NG,"887,782","78,526"
Tesoro SLC Cogeneration Plant,Tesoro Refng Marketing Co Mntn Region,UT,NG,"190,638","17,995"
Tesoro SLC Cogeneration Plant,Tesoro Refng Marketing Co Mntn Region,UT,OG,0,0
Colusa Generating Station,Pacific Gas & Electric Co.,CA,NG,"382,894","175,434"
Colusa Generating Station,Pacific Gas & Electric Co.,CA,OBG,0,0
Colusa Generating Station,Pacific Gas & Electric Co.,CA,NG,"2,375,659","230,084"
Colusa Generating Station,Pacific Gas & Electric Co.,CA,OBG,0,0
Cow Branch,"Cow Branch Wind Power, LLC",MO,WND,0,"5,489"
Conception,"CR Clearing, LLC",MO,WND,0,"7,152"
Loess Hills,Loess Hills Wind Farm LLC,MO,WND,0,678
Catawba River Pollution Control,City of Morganton - (NC),NC,DFO,19,1
Bluegrass Ridge,"Wind Capital Holdings, LLC",MO,WND,0,"6,706"
John W Turk Jr Power Plant,Southwestern Electric Power Co,AR,NG,"8,763",967
John W Turk Jr Power Plant,Southwestern Electric Power Co,AR,SUB,"171,313","324,160"
J Lamar Stall Unit,Southwestern Electric Power Co,LA,NG,0,"120,639"
J Lamar Stall Unit,Southwestern Electric Power Co,LA,NG,"2,323,722","279,545"
Roscoe Wind Farm LLC,"RWE Renewables Americas, LLC",TX,WND,0,"37,911"
Dry Fork Station,Basin Electric Power Coop,WY,SUB,"191,683","280,362"
Dry Fork Station,Basin Electric Power Coop,WY,WO,"1,148",600
Sandy Creek Energy Station,Sandy Creek Energy Associates LP,TX,NG,0,0
Sandy Creek Energy Station,Sandy Creek Energy Associates LP,TX,SUB,"209,388","369,714"
Logan Wind Energy,Logan Wind Energy LLC,CO,WND,0,"38,961"
Old Trail Wind Farm,Old Trail Wind Farm LLC,IL,WND,0,"53,906"
Fenton Wind Farm,"EDF Renewable Asset Holdings, Inc.",MN,WND,0,"28,129"
Mountain Home,"Hot Springs Windfarm, LLC",ID,WND,0,"4,788"
"Bennett Creek Windfarm LLC ""Mountain Hom",Bennett Creek Windfarm LLC,ID,WND,0,"4,981"
Bennett Creek Windfarm LLC - Mountain Home,Bennett Creek Windfarm LLC,ID,WND,.,.
Osceola Windpower LLC,Osceola Windpower LLC,IA,WND,0,"30,811"
Butler Ridge,Butler Ridge Wind Energy Center,WI,WND,0,"11,728"
Wessington Springs,Wessington Wind,SD,WND,0,"19,946"
North Allegheny Windpower Project,Duke Energy Renewables Services,PA,WND,0,0
Pattern Gulf Wind,Pattern Operators LP,TX,WND,0,"48,796"
NIH Cogeneration Facility,National Institutes of Health,MD,NG,"195,751","16,913"
Tatanka Wind Power LLC,Acciona Wind Energy USA LLC,ND,WND,0,"17,925"
Longview Power Plant,"Longview Power, LLC",WV,BIT,"179,310","500,251"
Longview Power Plant,"Longview Power, LLC",WV,NG,"3,681",441
El Nido Facility,Merced Power LLC,CA,PG,0,0
El Nido Facility,Merced Power LLC,CA,WDS,0,0
Spanish Fork Wind Park 2 LLC,"Spanish Fork Wind Park 2, LLC",UT,WND,0,"3,271"
Mountain Wind Power LLC,Mountain Wind Power LLC,WY,WND,0,"14,616"
Mountain Wind Power II LLC,Mountain Wind Power II LLC,WY,WND,0,"18,310"
Capricorn Ridge Wind LLC,Capricorn Ridge Wind LLC,TX,WND,0,"155,271"
Fowler Ridge Wind Farm LLC,AE Power Services LLC,IN,WND,0,"155,693"
Cloud County Wind Farm,"Cloud County Windfarm, LLC",KS,WND,0,"26,832"
Virginia Tech Power Plant,Virginia Polytechnic Inst and State Unv,VA,BIT,0,0
Virginia Tech Power Plant,Virginia Polytechnic Inst and State Unv,VA,DFO,"1,007",-19
Virginia Tech Power Plant,Virginia Polytechnic Inst and State Unv,VA,NG,"119,333",-398
Virginia Tech Power Plant,Virginia Polytechnic Inst and State Unv,VA,WDS,0,0
Spiritwood Station,Great River Energy,ND,LIG,0,0
Spiritwood Station,Great River Energy,ND,NG,"245,711","11,950"
Spiritwood Station,Great River Energy,ND,PG,0,0
Spiritwood Station,Great River Energy,ND,RC,"19,044","12,411"
Buffalo Ridge I LLC,Avangrid Renewables LLC,SD,WND,0,"10,900"
Penascal Wind Power LLC,Avangrid Renewables LLC,TX,WND,0,"24,859"
Pioneer Prairie Wind Farm,"Pioneer Prairie Wind Farm I, LLC",IA,WND,0,"62,698"
Kleen Energy Systems Project,"Kleen Energy Systems, LLC",CT,DFO,0,"4,984"
Kleen Energy Systems Project,"Kleen Energy Systems, LLC",CT,NG,"13,620","37,289"
Kleen Energy Systems Project,"Kleen Energy Systems, LLC",CT,DFO,"16,977","8,735"
Kleen Energy Systems Project,"Kleen Energy Systems, LLC",CT,NG,"707,764","64,121"
Panoche Energy Center,"Panoche Energy Center, LLC",CA,NG,"1,069,300","124,181"
Bear Garden,Virginia Electric & Power Co,VA,DFO,0,0
Bear Garden,Virginia Electric & Power Co,VA,NG,0,0
Bear Garden,Virginia Electric & Power Co,VA,DFO,716,576
Bear Garden,Virginia Electric & Power Co,VA,NG,"2,084,793","301,790"
Virginia City Hybrid Energy Center,Virginia Electric & Power Co,VA,BIT,"73,330","110,677"
Virginia City Hybrid Energy Center,Virginia Electric & Power Co,VA,DFO,"1,666",837
Virginia City Hybrid Energy Center,Virginia Electric & Power Co,VA,WC,0,0
Virginia City Hybrid Energy Center,Virginia Electric & Power Co,VA,WDS,"11,979","10,753"
Solana Generating Station,Arizona Solar One LLC,AZ,SUN,0,"28,208"
Kibby Wind Facility,"Helix Maine Wind Development, LLC",ME,WND,0,"28,972"
OREG 1 Inc,Ormat Nevada Inc,MT,WH,0,"13,670"
CPV St Charles Energy Center,CPV Maryland LLC,MD,NG,"42,190","112,080"
CPV St Charles Energy Center,CPV Maryland LLC,MD,NG,"2,109,707","195,629"
Marble River Wind Farm,"Marble River, LLC",NY,WND,0,"35,316"
OREG 2 Inc,Ormat Nevada Inc,MT,WH,0,"10,468"
Chester Diversion Hydroelectric Project,Fall River Rural Elec Coop Inc,ID,WAT,0,87
Ameresco Ox Mountain,AMERESCO Ox Mountain Energy LLC,CA,LFG,"132,461","6,965"
Dave Gates Generating Station,NorthWestern Energy (MT wind/thermal),MT,DFO,"11,652","6,196"
Dave Gates Generating Station,NorthWestern Energy (MT wind/thermal),MT,NG,"641,731","61,658"
Osceola Windpower II,Osceola Windpower II,IA,WND,0,"14,399"
FPL Energy Crystal Lake Wind LLC,FPL Energy Crystal Lake Wind LLC,IA,WND,0,"46,465"
FPL Energy Story Wind LLC,FPL Energy Story Wind LLC,IA,WND,0,"46,253"
FPL Energy Crystal Lake Wind II LLC,FPL Energy Crystal Lake Wind II LLC,IA,WND,0,"52,977"
Biotech LS 0836,Washington State University,WA,DFO,0,0
Cassia Wind,"Cassia Wind Farm, LLC",ID,WND,0,"2,123"
Cassia Gulch,"Cassia Gulch Wind Park, LLC",ID,WND,0,"4,665"
Brookfield Power Glen Falls Hydro,Erie Boulevard Hydropower LP,NY,WAT,0,"5,904"
CPV Valley Energy Center,"CPV Valley, LLC",NY,DFO,0,0
CPV Valley Energy Center,"CPV Valley, LLC",NY,NG,"261,785","189,521"
CPV Valley Energy Center,"CPV Valley, LLC",NY,DFO,0,0
CPV Valley Energy Center,"CPV Valley, LLC",NY,NG,"3,043,933","296,349"
Forward Wind Energy Center,Wisconsin Public Service Corp,WI,WND,0,"11,206"
Coolidge Generation Station,Salt River Project,AZ,NG,"127,019","11,807"
Happy Jack Windpower Project,Duke Energy Renewables Services,WY,WND,0,"5,240"
Notrees Windpower Hybrid,Duke Energy Renewables Services,TX,MWH,399,-164
Notrees Windpower Hybrid,Duke Energy Renewables Services,TX,WND,0,"17,161"
West Deptford Energy Station,West Deptford Energy LLC,NJ,NG,"21,876","97,412"
West Deptford Energy Station,West Deptford Energy LLC,NJ,NG,"1,909,987","167,699"
Bayonne Energy Center,Bayonne Energy Center LLC,NJ,DFO,"1,205",703
Bayonne Energy Center,Bayonne Energy Center LLC,NJ,NG,"386,696","40,914"
Pyron Wind Farm LLC Hybrid,"RWE Renewables Americas, LLC",TX,MWH,685,-213
Pyron Wind Farm LLC Hybrid,"RWE Renewables Americas, LLC",TX,WND,0,"53,624"
Pueblo Airport Generating Station,Black Hills Service Company LLC,CO,NG,0,"23,581"
Pueblo Airport Generating Station,Black Hills Service Company LLC,CO,NG,"804,953","73,964"
Pueblo Airport Generating Station,Black Hills Service Company LLC,CO,NG,"403,907","33,298"
Oakfield Wind Project,Onward Energy,ME,WND,0,"31,691"
Waste Management Columbia Ridge LFGTE,WM Renewable Energy LLC,OR,LFG,"135,542","5,911"
Waste Management King George LFGTE,WM Renewable Energy LLC,VA,LFG,"257,341","7,529"
Canyon Power Plant,City of Anaheim - (CA),CA,NG,"130,992","13,247"
Langley Gulch Power Plant,Idaho Power Co,ID,NG,0,"75,428"
Langley Gulch Power Plant,Idaho Power Co,ID,NG,"1,484,948","139,161"
Ratcliffe,Mississippi Power Co,MS,NG,"39,613","116,288"
Ratcliffe,Mississippi Power Co,MS,NG,"2,326,540","231,670"
Archer Daniels Midland Columbus,Archer Daniels Midland Co,NE,AB,0,0
Archer Daniels Midland Columbus,Archer Daniels Midland Co,NE,BIT,0,0
Archer Daniels Midland Columbus,Archer Daniels Midland Co,NE,NG,0,0
Archer Daniels Midland Columbus,Archer Daniels Midland Co,NE,OBS,0,0
Archer Daniels Midland Columbus,Archer Daniels Midland Co,NE,SUB,"65,146","26,174"
Archer Daniels Midland Columbus,Archer Daniels Midland Co,NE,TDF,0,0
Archer Daniels Midland Columbus,Archer Daniels Midland Co,NE,WDS,0,0
Nobles Wind Project,Northern States Power Co - Minnesota,MN,WND,0,"45,536"
Merricourt Wind Energy Center,Otter Tail Power Co,ND,WND,0,"47,557"
NaturEner Glacier Wind Energy 1,NaturEner Glacier Wind Energy 1 LLC,MT,WND,0,"18,590"
NaturEner Glacier Wind Energy 2,NaturEner Glacier Wind Energy 2 LLC,MT,WND,0,"20,976"
Granite City Works,United States Steel Granite City Works,IL,BFG,0,0
Granite City Works,United States Steel Granite City Works,IL,NG,"305,941","18,920"
Granite City Works,United States Steel Granite City Works,IL,PUR,"340,204","18,335"
Ivanpah 2,NRG Energy Services,CA,NG,"32,990",595
Ivanpah 2,NRG Energy Services,CA,SUN,0,"11,191"
Ivanpah 1,NRG Energy Services,CA,NG,"29,790",501
Ivanpah 1,NRG Energy Services,CA,SUN,0,"6,405"
Ivanpah 3,NRG Energy Services,CA,NG,"25,200",356
Ivanpah 3,NRG Energy Services,CA,SUN,0,"10,470"
Milford Wind Corridor I LLC,"Milford Wind Corridor Phase I, LLC (Longroad)",UT,WND,0,"31,323"
Sheffield Wind,"Evergreen Wind, LLC",VT,WND,0,"3,701"
Kaheawa Wind Power II LLC,"Evergreen Wind, LLC",HI,MWH,0,0
Kaheawa Wind Power II LLC,"Evergreen Wind, LLC",HI,WND,0,"2,763"
Kahuku Wind Power LLC,"Evergreen Wind, LLC",HI,MWH,0,0
Kahuku Wind Power LLC,"Evergreen Wind, LLC",HI,WND,0,"2,559"
Campbell Hill Windpower,Duke Energy Renewables Services,WY,WND,0,"27,865"
Silver Sage Windpower,Duke Energy Renewables Services,WY,WND,0,"9,944"
Streator Cayuga Ridge South,Avangrid Renewables LLC,IL,WND,0,"68,227"
Penascal II Wind Project LLC,Avangrid Renewables LLC,TX,WND,0,"22,719"
Dry Lake Wind LLC,Avangrid Renewables LLC,AZ,WND,0,"9,957"
Milford Wind Corridor Stage II LLC,Milford Wind Corridor Stage II LLC,UT,WND,0,"13,403"
Quilt Block Wind Farm LLC,Quilt Block Wind Farm LLC,WI,WND,0,"31,706"
UCI Facilities Management Central Plant,University of California Irvine,CA,NG,0,0
UCI Facilities Management Central Plant,University of California Irvine,CA,NG,"104,530","9,559"
OREG 4 Peetz,Ormat Nevada Inc,CO,WH,0,57
Tuana Springs,"Tuana Springs Energy, LLC",ID,WND,0,"3,743"
Savannah River Site Biomass Cogen,Ameresco,SC,DFO,53,12
Savannah River Site Biomass Cogen,Ameresco,SC,TDF,506,563
Savannah River Site Biomass Cogen,Ameresco,SC,WDS,"23,976","8,010"
Beech Ridge Energy LLC,Invenergy Services LLC,WV,WND,0,"20,696"
White River Lock and Dam 1,,AR,WAT,0,"1,064"
White River Lock and Dam 2,,AR,WAT,0,"1,064"
White River Lock and Dam 3,,AR,WAT,0,"2,128"
University of Delaware Wind Turbine,First State Marine Wind,DE,WND,0,239
Cricket Valley Energy,Cricket Valley Energy Center LLC,NY,NG,"40,244","68,888"
Cricket Valley Energy,Cricket Valley Energy Center LLC,NY,NG,"1,300,114","122,381"
Lost Creek Wind Energy Facility,Pattern Operators LP,MO,WND,0,"33,776"
Exelon Solar Chicago,"Luminace Solar Chicago, LLC",IL,SUN,0,260
Spring Valley Wind Project,Pattern Operators LP,NV,WND,0,"23,477"
Day County Wind LLC,Day County Wind LLC,SD,WND,0,"30,299"
Lower Snake River Wind Energy Project,Puget Sound Energy Inc,WA,WND,0,"43,038"
Glacier Hills,Wisconsin Electric Power Co,WI,WND,0,"29,866"
Wyandot Solar Farm,Wyandot Solar LLC,OH,SUN,0,268
Thomson Reuters Data Center Bldg ES101,Thomson Corp,MN,DFO,1,1
Thomson Reuters Data Center Bldg H,Thomson Corp,MN,DFO,1,1
Cedar Creek II,AE Power Services LLC,CO,WND,0,"48,984"
Papalote Creek II LLC,"RWE Renewables Americas, LLC",TX,WND,0,"40,145"
Crayola Solar Project,UGI Development Co,PA,SUN,0,66
Roth Rock Wind Farm LLC,Roth Rock Wind Farm LLC,MD,WND,0,"11,978"
"Roth Rock North Wind Farm, LLC",Roth Rock Wind Farm LLC,MD,WND,0,"2,994"
Deerhaven Renewable,Gainesville Regional Utilities,FL,NG,"2,188",149
Deerhaven Renewable,Gainesville Regional Utilities,FL,WDS,"54,726","36,248"
Mililani South Solar Farm,Mililani I Solar LLC,HI,MWH,"2,953",-81
Mililani South Solar Farm,Mililani I Solar LLC,HI,SUN,0,"4,609"
PA Solar Park,Consolidated Edison Development Inc.,PA,SUN,0,539
Iowa Lakes Community College Wind Farm,Iowa Lakes Community College,IA,WND,0,340
Marsh Landing Generating Station,Marsh Landing LLC,CA,NG,"252,169","24,088"
Crescent Dunes Solar Energy,Tonopah Solar Energy LLC,NV,SUN,0,"4,556"
OREG 3 Inc,Ormat Nevada Inc,MN,WH,0,"3,489"
Criterion,Criterion Power Partners LLC,MD,WND,0,"30,039"
Cedar Point Wind,Cedar Point LLC,CO,WND,0,"49,426"
San Luis Valley Solar Ranch,Avangrid Renewables LLC,CO,SUN,0,"3,754"
Big Horn Wind II,Avangrid Renewables LLC,WA,WND,0,"8,940"
Juniper Canyon I Wind Project,Avangrid Renewables LLC,WA,WND,0,"18,872"
FPL Energy Illinois Wind LLC Hybrid,FPL Energy Illinois Wind LLC,IL,MWH,"2,254",264
FPL Energy Illinois Wind LLC Hybrid,FPL Energy Illinois Wind LLC,IL,WND,0,"58,287"
Top of the World Windpower Project,Duke Energy Renewables Services,WY,WND,0,"21,354"
Mojave Solar Project,Mojave Solar LLC,CA,SUN,0,"10,231"
Crossroads Wind Farm,Oklahoma Gas & Electric Co,OK,WND,0,"26,164"
Dover Sun Park,"Arevon Energy, Inc.",DE,SUN,0,426
Panoche Valley Solar Farm,Consolidated Edison Development Inc.,CA,SUN,0,"15,110"
Elk City LLC,Elk City LLC,OK,WND,0,"38,608"
CityCenter Central Plant Cogen Units,CityCenter Land LLC,NV,NG,"52,152","4,990"
Garrison Energy Center LLC,Garrison Energy Center LLC,DE,DFO,0,205
Garrison Energy Center LLC,Garrison Energy Center LLC,DE,NG,"2,027","24,323"
Garrison Energy Center LLC,Garrison Energy Center LLC,DE,DFO,778,393
Garrison Energy Center LLC,Garrison Energy Center LLC,DE,NG,"510,776","46,538"
Agua Caliente Solar Project,Agua Caliente Solar,AZ,SUN,0,"43,048"
Lakefield Wind Project LLC,"EDF Renewable Asset Holdings, Inc.",MN,WND,0,"33,008"
AV Solar Ranch One,AV Solar Ranch 1 LLC,CA,SUN,0,"34,870"
"Poseidon Wind, LLC","Axium Arizona Renewables, LLC",AZ,WND,0,"10,529"
New England Wind LLC,Avangrid Renewables LLC,MA,WND,0,"3,295"
Genesis Solar Energy Project,Genesis Solar LLC,CA,SUN,0,"4,204"
Smithland Hydroelectric Plant,"American Mun Power-Ohio, Inc",KY,WAT,0,"35,244"
Gratiot Wind Park,DTE Electric Company,MI,WND,0,"21,019"
Buffalo Ridge II LLC,Avangrid Renewables LLC,SD,WND,0,"28,020"
Silver State Solar Power North,"Silver State Solar Power North, LLC",NV,SUN,0,"6,590"
Pine Tree Acres WM LFGTE,WM Renewable Energy LLC,MI,LFG,"142,297","6,029"
Laurel Mountain Hybrid,AES Distributed Energy,WV,MWH,"1,054",-326
Laurel Mountain Hybrid,AES Distributed Energy,WV,WND,0,"23,157"
Blue Creek Wind Project,Avangrid Renewables LLC,OH,WND,0,"78,832"
Crystal Lake 3 LLC,Crystal Lake 3 LLC,IA,WND,0,"19,172"
Garden Wind LLC,Garden Wind LLC,IA,WND,0,"38,640"
John L. Featherstone Plant,Hudson Ranch Power I LLC,CA,GEO,0,"37,449"
"Sentinel Energy Center, LLC",Sentinel Energy Center LLC,CA,NG,"812,021","90,235"
Mariposa Energy Project,Diamond Generating Corporation,CA,NG,"256,656","27,493"
Rolling Hills Wind Farm,MidAmerican Energy Co,IA,WND,0,"125,218"
Ocotillo Express LLC,Pattern Operators LP,CA,WND,0,"19,315"
Walnut Creek Energy Park,Walnut Creek LLC,CA,NG,"412,473","46,926"
Trinity Hills,Trinity Hills Wind Farm LLC,TX,WND,0,"54,144"
North Hurlburt Wind LLC,Caithness Shepherds Flat LLC,OR,WND,0,"34,851"
Kawailoa Wind,Kawailoa Wind LLC,HI,WND,0,"8,572"
Bingham Wind,Onward Energy,ME,WND,0,"41,025"
South Hurlburt Wind LLC,Caithness Shepherds Flat LLC,OR,WND,0,"36,612"
Horseshoe Bend Wind LLC,Caithness Shepherds Flat LLC,OR,WND,0,"35,574"
Garland Canal Power Plant,Shoshone Irrigation District,WY,WAT,0,0
Algonquin Power Sanger LLC,Algonquin Power Sanger LLC,CA,NG,0,0
Algonquin Power Sanger LLC,Algonquin Power Sanger LLC,CA,NG,0,0
CCCSD Wastewater Treatment Plnt,Central Contra Costa Sanitary District,CA,NG,"29,266","2,023"
Battery Energy Storage System,Golden Valley Elec Assn Inc,AK,MWH,202,-178
University of California San Diego Hybri,University of California San Diego,CA,MWH,70,-10
University of California San Diego Hybri,University of California San Diego,CA,NG,0,488
University of California San Diego Hybri,University of California San Diego,CA,NG,"211,518","18,748"
Oxnard Paper Mill,"New-Indy, Oxnard LLC",CA,NG,"185,133","17,633"
Long Island Solar Farm LLC,Long Island Solar Farm LLC,NY,SUN,0,"1,885"
"Hatch Solar Energy Center I, LLC","Hatch Solar Energy Center I, LLC",NM,SUN,0,512
Pinnacle Wind Force LLC,"Pinnacle Wind, LLC",WV,WND,0,"23,946"
Cana Gas Processing Plant,"EnLink Midstream Services, LLC",OK,DFO,"1,359",822
Cana Gas Processing Plant,"EnLink Midstream Services, LLC",OK,NG,0,0
"Fort Hill 1, 2, 3 & 4",Connecticut Mun Elec Engy Coop,CT,DFO,123,67
Water Treatment 1 & 2,Connecticut Mun Elec Engy Coop,CT,DFO,66,39
Hidalgo Wind Farm LLC,Hidalgo Wind Farm LLC,TX,WND,0,"57,860"
Paulding Wind Farm II,Paulding Wind Farm II LLC,OH,WND,0,"29,567"
Bright Stalk Wind Farm I,Lexington Chenoa Wind Farm LLC,IL,WND,0,"70,831"
Norwich WWTP,City of Norwich - (CT),CT,DFO,0,0
Meadow Lake Wind Farm V LLC,Meadow Lake Wind Farm V LLC,IN,WND,0,"33,058"
Gaston Memorial Hospital,City of Gastonia,NC,DFO,0,0
Gaston Memorial Hospital,City of Gastonia,NC,NG,0,0
Long Creek Waste Water Plant,City of Gastonia,NC,DFO,36,18
"Vestas Towers America, Inc.","CS Wind America, Inc.",CO,WND,0,91
Prairie Rose Wind Farm,"Enel Green Power NA, Inc.",MN,WND,0,"48,851"
Henkel U.S. Operations Corporation,Henkel U.S. Operations Corporation,NY,WND,0,50
Oregon State University Energy Center,Oregon State University,OR,DFO,0,0
Oregon State University Energy Center,Oregon State University,OR,NG,"25,229",0
Oregon State University Energy Center,Oregon State University,OR,DFO,0,0
Oregon State University Energy Center,Oregon State University,OR,NG,"36,547","3,811"
East Blackland Solar Project 1,Duke Energy Renewables Services,TX,SUN,0,"15,714"
Astoria Energy II,Astoria Energy II LLC,NY,DFO,0,"2,626"
Astoria Energy II,Astoria Energy II LLC,NY,NG,"90,121","116,549"
Astoria Energy II,Astoria Energy II LLC,NY,DFO,"9,101","5,034"
Astoria Energy II,Astoria Energy II LLC,NY,NG,"2,172,241","214,579"
Oakdale Renewable Energy Plant,University of Iowa,IA,NG,59,0
"Post Rock Wind Power Project, LLC",Pattern Operators LP,KS,WND,0,"31,952"
Goodsprings Waste Heat Recovery,Nevada Power Co,NV,NG,0,0
Goodsprings Waste Heat Recovery,Nevada Power Co,NV,WH,0,"2,598"
Topaz Solar Farm,Topaz Solar Farms LLC,CA,SUN,0,"66,881"
Signal Hill West Unit,"Signal Hill Petroleum, Inc",CA,NG,0,0
Signal Hill West Unit,"Signal Hill Petroleum, Inc",CA,OG,"45,002","3,017"
Cheyenne Prairie Generating Station,Black Hills Service Company LLC,WY,NG,0,"10,398"
Cheyenne Prairie Generating Station,Black Hills Service Company LLC,WY,NG,"323,507","33,117"
Cheyenne Prairie Generating Station,Black Hills Service Company LLC,WY,NG,"3,824",276
Watkins Manufacturing Co.,Watkins Manufacturing Corporation,CA,NG,"1,064",91
Berkshire Wind Power Project,Massachusetts Mun Wholes Electric Co,MA,WND,0,"4,490"
Lake Hodges Hydroelectric Facility,San Diego County Water Auth,CA,WAT,86,-86
Laurel Hill Wind,Duke Energy Renewables Services,PA,WND,0,"11,932"
Los Vientos Wind 1A,Duke Energy Renewables Services,TX,WND,0,"35,603"
Los Vientos Wind 1B,Duke Energy Renewables Services,TX,WND,0,"14,024"
Mount Saint Mary's,Constellation Solar Horizons LLC,MD,SUN,0,704
Cimarron Wind Energy LLC,Cimarron Wind Energy LLC,KS,WND,0,"30,377"
Kingman 1,Brookfield Renewable Trading and Marketing LP,AZ,SUN,0,37
Kingman 1,Brookfield Renewable Trading and Marketing LP,AZ,WND,0,"1,128"
Flat Ridge 2 Wind Energy LLC,AE Power Services LLC,KS,WND,0,"80,620"
US GSA Heating and Transmission,US GSA Heating and Transmission,DC,DFO,0,0
US GSA Heating and Transmission,US GSA Heating and Transmission,DC,NG,"40,965","2,443"
St Joseph Energy Center,St Joseph Energy Center LLC,IN,NG,"42,800","173,687"
St Joseph Energy Center,St Joseph Energy Center LLC,IN,NG,"3,335,711","359,919"
Magic Valley Wind Farm I LLC,"RWE Renewables Americas, LLC",TX,WND,0,"31,225"
Middlebury College,Middlebury College Biomass,VT,DFO,0,0
Middlebury College,Middlebury College Biomass,VT,NG,"7,623",90
Middlebury College,Middlebury College Biomass,VT,RFO,0,0
Middlebury College,Middlebury College Biomass,VT,WDS,"2,677",273
Woodbridge Energy Center,Woodbridge Energy Center,NJ,NG,"69,671","149,015"
Woodbridge Energy Center,Woodbridge Energy Center,NJ,NG,"2,588,676","243,184"
Wabash Valley Power IGCC,"Wabash Valley Power Assn, Inc",IN,NG,"210,909","21,251"
Wabash Valley Power IGCC,"Wabash Valley Power Assn, Inc",IN,OTH,0,0
Wabash Valley Power IGCC,"Wabash Valley Power Assn, Inc",IN,SGP,0,0
Sigel Wind Park,DTE Electric Company,MI,WND,0,"23,257"
Minden Wind Park,DTE Electric Company,MI,WND,0,"10,229"
McKinley Wind Park,DTE Electric Company,MI,WND,0,"5,083"
North Hollywood,Los Angeles Department of Water & Power,CA,WAT,0,0
North Hollywood,Los Angeles Department of Water & Power,CA,WAT,0,0
Caney River Wind Project,Caney River Wind Project,KS,WND,0,"48,793"
Moapa Southern Paiute,"Arevon Energy, Inc.",NV,SUN,0,"33,569"
Eclipse Wind Farm,MidAmerican Energy Co,IA,WND,0,"2,380"
Lake Charles Polymers,Equistar Chemicals LP,LA,NG,"150,170","10,988"
Lake Charles Polymers,Equistar Chemicals LP,LA,NG,"67,085","7,750"
Lake Charles Polymers,Equistar Chemicals LP,LA,OG,0,0
Martinsville LFG Generator,City of Martinsville - (VA),VA,LFG,0,0
Martinsville LFG Generator,City of Martinsville - (VA),VA,NG,623,67
Concord Energy,Concord Energy LLC,NC,DFO,0,0
Concord Energy,Concord Energy LLC,NC,LFG,"146,130","5,009"
Palm Beach Renewable Energy Facility 2,Solid Waste Authority of Palm Beach Co,FL,MSB,"51,844","20,007"
Palm Beach Renewable Energy Facility 2,Solid Waste Authority of Palm Beach Co,FL,MSN,"33,147","24,452"
Palm Beach Renewable Energy Facility 2,Solid Waste Authority of Palm Beach Co,FL,NG,"8,434",501
El Segundo Energy Center LLC,"El Segundo Energy Center, LLC",CA,NG,0,"7,351"
El Segundo Energy Center LLC,"El Segundo Energy Center, LLC",CA,NG,"248,075","21,916"
Central Utility Plant Cincinnati,University of Cincinnati,OH,DFO,0,3
Central Utility Plant Cincinnati,University of Cincinnati,OH,NG,"47,128","1,348"
Central Utility Plant Cincinnati,University of Cincinnati,OH,DFO,111,54
Central Utility Plant Cincinnati,University of Cincinnati,OH,NG,"188,709","16,680"
Central Utility Plant Cincinnati,University of Cincinnati,OH,DFO,3,2
Piedmont Green Power,Piedmont Green Power LLC,GA,OBL,17,6
Piedmont Green Power,Piedmont Green Power LLC,GA,WDS,"51,786","37,364"
Grand Ridge Solar Farm,Invenergy Services LLC,IL,SUN,0,"1,033"
Tule Wind LLC,Avangrid Renewables LLC,CA,WND,0,"28,652"
Sidney MT Plant,Sidney Sugars Incorporated,MT,LIG,0,0
Sidney MT Plant,Sidney Sugars Incorporated,MT,NG,0,0
Sidney MT Plant,Sidney Sugars Incorporated,MT,PG,0,0
Sidney MT Plant,Sidney Sugars Incorporated,MT,WDS,0,0
Sonoco Products Co,Sonoco Products Co,SC,BIT,0,0
Sonoco Products Co,Sonoco Products Co,SC,NG,"40,083",748
Sonoco Products Co,Sonoco Products Co,SC,WDS,"29,800","5,188"
SIUC,Southern Illinois University Carbondale,IL,DFO,0,0
SIUC,Southern Illinois University Carbondale,IL,BIT,"3,541",0
SIUC,Southern Illinois University Carbondale,IL,NG,0,0
East Campus Utility Plant,University of Cincinnati,OH,DFO,11,5
East Campus Utility Plant,University of Cincinnati,OH,OBL,0,0
East Campus Utility Plant,University of Cincinnati,OH,BIT,0,0
East Campus Utility Plant,University of Cincinnati,OH,DFO,0,0
East Campus Utility Plant,University of Cincinnati,OH,NG,0,0
Western Sugar Coop - Scottsbluff,Western Sugar Cooperative,NE,NG,"193,752","1,648"
Western Sugar Coop - Scottsbluff,Western Sugar Cooperative,NE,SUB,0,0
ADA Carbon Solutions Red River,"ADA Carbon Solutions (Red River), LLC",LA,NG,0,0
ADA Carbon Solutions Red River,"ADA Carbon Solutions (Red River), LLC",LA,WH,0,"8,705"
MSC Sebewaing,Michigan Sugar Company,MI,BIT,"4,381",102
MSC Sebewaing,Michigan Sugar Company,MI,NG,"42,693",42
MSC Croswell,Michigan Sugar Company,MI,ANT,.,.
MSC Croswell,Michigan Sugar Company,MI,BIT,0,0
MSC Croswell,Michigan Sugar Company,MI,NG,"109,185",0
Roquette America,Roquette America,IA,NG,0,0
Roquette America,Roquette America,IA,NG,"107,361","8,833"
Roquette America,Roquette America,IA,BIT,"5,901",0
Roquette America,Roquette America,IA,PC,"6,593",0
Southeast Steam Plant,University of Minnesota Central Utilities,MN,DFO,.,.
Southeast Steam Plant,Veolia Energy,MN,DFO,718,0
Southeast Steam Plant,University of Minnesota Central Utilities,MN,NG,.,.
Southeast Steam Plant,Veolia Energy,MN,NG,"42,110",0
Southeast Steam Plant,University of Minnesota Central Utilities,MN,SUB,.,.
Southeast Steam Plant,Veolia Energy,MN,SUB,666,0
Lodi Energy Center,Northern California Power Agny,CA,NG,0,"53,823"
Lodi Energy Center,Northern California Power Agny,CA,NG,"1,033,001","101,196"
Kingdom Community Wind,Green Mountain Power Corp,VT,WND,0,"8,608"
Stephens Ranch Wind Energy LLC,Stephens Ranch Wind Energy LLC,TX,WND,0,"93,319"
Canadian Hills Wind,Canadian Hills Wind LLC,OK,WND,0,"20,288"
NaturEner Rim Rock Energy,NaturEner Rim Rock Energy LLC,MT,WND,0,"62,400"
Temple Power Station,Temple Generation Holdings LLC,TX,NG,"371,049","291,267"
Temple Power Station,Temple Generation Holdings LLC,TX,NG,"4,573,419","416,113"
Granite Reliable Power,NexteraEnergy,NH,WND,0,"15,870"
Rayburn Energy Station LLC,Rayburn Energy Station LLC,TX,NG,"233,201","143,733"
Rayburn Energy Station LLC,Rayburn Energy Station LLC,TX,NG,"2,291,172","200,427"
Brea Expansion Plant,Brea Power II,CA,LFG,0,"5,843"
Brea Expansion Plant,Brea Power II,CA,LFG,"407,326","15,397"
California Ridge Wind Energy LLC,SunEdison LLC,IL,WND,0,"64,557"
IKEA Tampa 042,IKEA Property Inc,FL,SUN,0,90
IKEA Round Rock 027,IKEA Property Inc,TX,SUN,0,127
High Mesa,"High Mesa Energy, LLC",ID,WND,0,"10,965"
Mt Wachusett Community College,Mt Wachusett Community College,MA,WND,0,517
Block Island Wind Farm,Deepwater Wind Block Island LLC,RI,WND,0,"12,043"
Chisholm View Wind Project,Chisholm View Wind Project,OK,WND,0,"67,419"
Works 53,PPG Ind Fiber Glass Prdcts Inc,NC,DFO,0,0
Vitro Flat Glass LLC,Vitro Flat Glass LLC,CA,DFO,0,0
"Irwindale Brew Yard, LLC","Irwindale Brew Yard, LLC",CA,NG,0,0
"Irwindale Brew Yard, LLC","Irwindale Brew Yard, LLC",CA,OBG,164,-14
"Irwindale Brew Yard, LLC","Irwindale Brew Yard, LLC",CA,SUN,0,184
Molson Coors Shenandoah Brewery,Molson Coors Shenandoah Brewery,VA,OBG,"6,978",576
SABIC Innovative Plastics Mt. Vernon,"SABIC IP Mt. Vernon, LLC",IN,BIT,0,0
SABIC Innovative Plastics Mt. Vernon,"SABIC IP Mt. Vernon, LLC",IN,NG,"474,976","37,483"
"PCA, Filer City Mill","PCA, Filer City Mill",MI,BIT,0,0
"PCA, Filer City Mill","PCA, Filer City Mill",MI,NG,"292,345","9,511"
"PCA, Filer City Mill","PCA, Filer City Mill",MI,OBG,0,0
El Dorado Refinery,Frontier El Dorado Refinery LLC,KS,NG,"320,026","24,623"
Newark Energy Center,Hartree Partners LP,NJ,NG,"1,496","78,010"
Newark Energy Center,Hartree Partners LP,NJ,NG,"1,500,904","132,569"
Western Sugar Coop- Ft Morgan,Western Sugar Cooperative,CO,NG,"158,797","1,513"
Western Sugar Coop- Ft Morgan,Western Sugar Cooperative,CO,SUB,0,0
Keystone Solar,"Altus Power America Management, LLC",PA,SUN,0,223
El Cabo Wind,Avangrid Renewables LLC,NM,WND,0,"100,333"
Montague Wind Power Facility LLC,Avangrid Renewables LLC,OR,WND,0,"27,216"
Kern Oil & Refining Co,Kern Oil & Refining Co,CA,NG,"37,275","2,832"
Foundation Superior Farms,Foundation CA Fund VI Manager LLC,CA,WND,0,84
Foundation Wal-Mart Red Bluff,Foundation CA Fund VI Manager LLC,CA,WND,0,187
Cellu Tissue,"Dunn Paper East Hartford, LLC",CT,NG,"11,140","1,052"
Echo Wind Park,DTE Electric Company,MI,WND,0,"38,496"
Limon Wind I,Limon,CO,WND,0,"38,027"
Limon Wind II,Limon,CO,WND,0,"32,908"
Otter Creek Ethanol Poet - Ashton,Otter Creek Ethanol LLC - Poet Ashton,IA,NG,"43,194","3,916"
Central Energy Plant USU,Utah State University,UT,DFO,0,0
Central Energy Plant USU,Utah State University,UT,NG,"42,804","3,272"
Central Energy Plant USU,Utah State University,UT,RFO,0,0
Summit Street Power Plant,Kent State University,OH,DFO,0,0
Summit Street Power Plant,Kent State University,OH,NG,"52,300","4,071"
Groton Wind LLC,Avangrid Renewables LLC,NH,WND,0,"10,606"
Twin Rivers Paper Co LLC,Twin Rivers Paper Co LLC,ME,PUR,0,"8,728"
Central Utility Plant - Texas A&M,"Texas A&M, Utilities & Energy Services",TX,DFO,0,0
Central Utility Plant - Texas A&M,"Texas A&M, Utilities & Energy Services",TX,NG,"94,549","2,869"
Central Utility Plant - Texas A&M,"Texas A&M, Utilities & Energy Services",TX,DFO,0,0
Central Utility Plant - Texas A&M,"Texas A&M, Utilities & Energy Services",TX,NG,0,0
Eastern Maine Medical Center,Eastern Maine Medical Center,ME,DFO,0,0
Eastern Maine Medical Center,Eastern Maine Medical Center,ME,NG,"33,879","2,498"
Perrin Ranch Wind LLC,Perrin Ranch Wind LLC,AZ,WND,0,"13,538"
SUNY Old Westbury College,SUNY Old Westbury College,NY,NG,.,.
UCONN Cogen Facility,University of Connecticut,CT,DFO,0,18
UCONN Cogen Facility,University of Connecticut,CT,NG,"15,133",634
UCONN Cogen Facility,University of Connecticut,CT,DFO,626,315
UCONN Cogen Facility,University of Connecticut,CT,NG,"103,440","9,684"
CSUF Trigeneration,California State University at Fullerton,CA,NG,"30,316","2,985"
CSUF Trigeneration,California State University at Fullerton,CA,SUN,0,392
Kishwaukee CHP Plant,Four Rivers Sanitation Authority,IL,NG,141,11
Kishwaukee CHP Plant,Four Rivers Sanitation Authority,IL,OBG,"12,806",610
MTSU Power Co-Gen Plant,Middle Tennessee State University,TN,NG,"59,946","3,623"
MTSU Power Co-Gen Plant,Middle Tennessee State University,TN,DFO,0,0
UNH 7.9 MW Plant,Emcor Energy Services,NH,DFO,53,24
UNH 7.9 MW Plant,Emcor Energy Services,NH,LFG,"61,365","3,519"
UNH 7.9 MW Plant,Emcor Energy Services,NH,NG,"18,936","1,488"
Prairie Horizon Agri Energy,Prairie Horizon Agri Energy LLC,KS,NG,"123,152",0
Rand Whitney CHP Plant,Rand Whitney Containerboard L.P.,CT,DFO,0,0
Rand Whitney CHP Plant,Rand Whitney Containerboard L.P.,CT,NG,"159,408","12,096"
US Magnesium,US Magnesium,UT,DFO,0,0
US Magnesium,US Magnesium,UT,NG,"12,503",0
Bonanza BioEnergy LLC,Bonanza BioEnergy LLC,KS,NG,"94,390",425
West Campus Steam Plant,Penn State University,PA,DFO,0,0
West Campus Steam Plant,Penn State University,PA,NG,"37,836","3,485"
West Campus Steam Plant,Penn State University,PA,DFO,0,0
West Campus Steam Plant,Penn State University,PA,NG,"126,080","1,601"
East Campus Steam Plant,Penn State University,PA,DFO,0,0
East Campus Steam Plant,Penn State University,PA,NG,"57,685","4,995"
POET Biorefining Lake Crystal,POET Biorefining Lake Crystal,MN,DFO,156,126
POET Biorefining Lake Crystal,POET Biorefining Lake Crystal,MN,NG,"62,983",117
Parnassus Central Utility Plant,University of California-San Francisco,CA,DFO,0,0
Parnassus Central Utility Plant,University of California-San Francisco,CA,NG,"5,108",648
Parnassus Central Utility Plant,University of California-San Francisco,CA,DFO,0,0
Parnassus Central Utility Plant,University of California-San Francisco,CA,NG,"69,857","5,100"
Arizona State University CHP,Energy Center Phoenix LLC,AZ,NG,"40,331","2,968"
Arizona State University CHP,Energy Center Phoenix LLC,AZ,NG,0,0
Grand Ave Plant,Yolo County of,MO,BIT,0,0
Grand Ave Plant,Yolo County of,MO,NG,"318,416","3,691"
Central Utility Plant at White Oak,GSA Metropolitan Service Center,MD,DFO,0,0
Central Utility Plant at White Oak,GSA Metropolitan Service Center,MD,NG,811,0
Central Utility Plant at White Oak,GSA Metropolitan Service Center,MD,DFO,0,0
Central Utility Plant at White Oak,GSA Metropolitan Service Center,MD,NG,"48,003","3,662"
Central Utility Plant at White Oak,GSA Metropolitan Service Center,MD,DFO,0,0
Central Utility Plant at White Oak,GSA Metropolitan Service Center,MD,NG,"53,177","4,356"
Central Utility Plant at White Oak,GSA Metropolitan Service Center,MD,DFO,11,6
Central Utility Plant at White Oak,GSA Metropolitan Service Center,MD,NG,52,5
West Greenwich Solar,Consolidated Edison Development Inc.,RI,SUN,0,72
Lee Combined Cycle Plant,Duke Energy Progress - (NC),NC,DFO,0,0
Lee Combined Cycle Plant,Duke Energy Progress - (NC),NC,NG,"647,076","214,853"
Lee Combined Cycle Plant,Duke Energy Progress - (NC),NC,DFO,0,0
Lee Combined Cycle Plant,Duke Energy Progress - (NC),NC,NG,"3,212,122","322,148"
J.R. Simplot Company,J.R. Simplot Company,CA,WH,0,0
Hoag Hospital Cogen Plant,Hoag Memorial Presbyterian Hospital,CA,NG,"20,686",0
Milford Solar Farm,Milford Solar LLC,DE,SUN,0,763
Marshalltown Generating Station,Interstate Power and Light Co,IA,MWH,0,0
Marshalltown Generating Station,Interstate Power and Light Co,IA,NG,0,"130,819"
Marshalltown Generating Station,Interstate Power and Light Co,IA,NG,"2,261,782","241,404"
Marshalltown Generating Station,Interstate Power and Light Co,IA,SUN,0,0
Georgia Mountain Community Wind Farm,Greenbacker Renewable Energy Corporation,VT,WND,0,"2,044"
Pattern Panhandle Wind LLC,Pattern Operators LP,TX,WND,0,"50,174"
C&H Sugar Plant,C&H Sugar Company Inc,CA,PUR,0,"4,507"
Los Alamos PV Site,Los Alamos County,NM,MWH,0,0
Los Alamos PV Site,Los Alamos County,NM,SUN,0,26
Central Utilities Plant LAX 2,LAX Airport,CA,NG,"34,929","3,013"
Brunswick County Power Station,Virginia Electric & Power Co,VA,NG,0,0
Brunswick County Power Station,Virginia Electric & Power Co,VA,NG,"6,335,330","942,926"
NCAH Central Utility Plant,National Centers for Animal Health,IA,NG,"13,123",819
NCAH Central Utility Plant,National Centers for Animal Health,IA,DFO,7,5
Lanikuhana Solar LLC,Lanikuhana Solar LLC,HI,SUN,0,"1,812"
Lake Charles Plant,Rain CII Carbon LLC,LA,PC,0,0
Lake Charles Plant,Rain CII Carbon LLC,LA,WH,0,"7,327"
PWD Northeast WPCP Biogas Cogen Plant,Philadelphia Water Department,PA,NG,"2,702",253
PWD Northeast WPCP Biogas Cogen Plant,Philadelphia Water Department,PA,OBG,"32,474","1,814"
Tuscola Bay Wind,Tuscola Bay Wind LLC,MI,WND,0,"33,288"
Triton East and West Cogen,Triton College,IL,NG,52,14
JBER Landfill Gas Power Plant,"Doyon Utilities, LLC",AK,LFG,"79,004","4,146"
JBER Landfill Gas Power Plant,"Doyon Utilities, LLC",AK,NG,7,1
Solar Star 1,"Solar Star California XIX, LLC",CA,SUN,0,"44,333"
Solar Star 2,"Solar Star California XX, LLC",CA,SUN,0,"37,238"
Central Energy Facility,Clemson University - Main Campus,SC,NG,0,0
Volkswagen Solar System,"SR Enterprise South, LLC",TN,SUN,0,636
Pantex,Pantex (NNSA),TX,WND,0,0
Maryland Solar,"Arevon Energy, Inc.",MD,SUN,0,813
Hamilton Liberty,Hamilton Liberty O&M LLC,PA,NG,"3,528,263","536,176"
Hamilton Patriot Generation Plant,"Hamilton Operating Services, LLC",PA,NG,"3,988,755","619,897"
LSU Cogen,LSU and A&M College,LA,NG,"129,535","10,361"
Sunshine Gas Producers,Sunshine Gas Producers LLC,CA,LFG,"322,499","11,910"
Red Rock Hydro Plant,Western Minnesota Mun Pwr Agny,IA,WAT,0,63
CBS Studio Center,Crestmark Bank,CA,NG,0,0
Buffalo Dunes Wind Project,Buffalo Dunes Wind Project LLC,KS,WND,0,"65,719"
Dart Container Corp,Dart Container Corp,PA,LFG,"128,331","4,457"
MAS ASB Cogen Plant,"Cube District Energy, LLC",GA,LFG,"1,167",64
MAS ASB Cogen Plant,"Cube District Energy, LLC",GA,NG,"27,241","3,026"
Stoltze CoGen1,F H Stoltze Land & Lumber Co,MT,WDS,"3,863",984
Mountain View Solar,NextEra Energy Mountain View Solar,NV,SUN,0,"2,497"
"Indy Solar I, LLC",Onward Energy,IN,SUN,0,572
"Indy Solar III, LLC",Onward Energy,IN,SUN,0,434
"Indy Solar II, LLC",Onward Energy,IN,SUN,0,552
Mesquite Generating Station Block 1,Salt River Project,AZ,NG,"261,368","143,405"
Mesquite Generating Station Block 1,Salt River Project,AZ,NG,"2,130,779","189,184"
Cottage Street Solar Facility,Western Massachusetts Electric Company,MA,SUN,0,187
Eagle Valley Clean Energy LLC Biomass,Eagle Valley Clean Energy LLC,CO,WDS,"4,605","4,264"
Pheasant Run Wind LLC,Pheasant Run Wind LLC,MI,WND,0,"24,330"
Princeton University Cogeneration,Trustees of Princeton University,NJ,DFO,0,0
Princeton University Cogeneration,Trustees of Princeton University,NJ,NG,"29,588","2,683"
Princeton University Cogeneration,Trustees of Princeton University,NJ,SUN,0,461
Tuscola Wind II LLC,Tuscola Wind II LLC,MI,WND,0,"27,897"
DGS Central Utility Plant,State of CA DGS BPM,CA,DFO,0,0
DGS Central Utility Plant,State of CA DGS BPM,CA,DFO,0,0
DGS Central Utility Plant,State of CA DGS BPM,CA,NG,0,0
Steele Flats Wind Project LLC,Steele Flats Wind Project LLC,NE,WND,0,"18,266"
"Grandview Wind Farm, LLC","RWE Renewables Americas, LLC",TX,WND,0,"70,061"
HTW Plant 303 COGEN,The University of Utah,UT,NG,"50,576","4,401"
Patriot Wind Farm,Avangrid Renewables LLC,TX,WND,0,"30,855"
Carter Hydro,Northern Colorado Water Conservancy District,CO,WAT,0,245
Lightning Dock Geothermal,"Lightning Dock Geothermal HI-01, LLC",NM,GEO,.,.
"Lightning Dock Geothermal HI-01, LLC","Lightning Dock Geothermal HI-01, LLC",NM,GEO,0,"3,852"
KRS I Anahola Solar Hybrid,Kauai Island Utility Cooperative,HI,MWH,0,0
KRS I Anahola Solar Hybrid,Kauai Island Utility Cooperative,HI,SUN,0,"1,333"
KRS II Koloa Solar,Kauai Island Utility Cooperative,HI,SUN,0,"1,488"
Silver State Solar Power South,"Silver State Solar Power South, LLC",NV,SUN,0,"32,136"
RC Thomas Hydroelectric Project,"East Texas Electric Coop, Inc",TX,WAT,0,"13,635"
Courtenay Wind Farm,Northern States Power Co - Minnesota,ND,WND,0,"65,159"
Cape Cod Air Force Station - 6 SWS,US Air Force,MA,WND,0,589
Frito Lay Incorporated,Frito Lay Incorporated Dayville,CT,NG,"31,440","2,034"
Hancock Wind Plant,Onward Energy,ME,WND,0,"12,033"
Apple Blossom Wind Farm,"Apple Blossom Wind, LLC",MI,WND,0,"25,991"
Black Oak Wind Farm,"Black Oak Wind, LLC",MN,WND,0,"20,565"
Walnut Ridge Wind Farm,"BHE Renewables, LLC",IL,WND,0,"69,510"
Grande Prairie Wind Farm,"BHE Renewables, LLC",NE,WND,0,"77,529"
L V Sutton Combined Cycle,Duke Energy Progress - (NC),NC,DFO,0,0
L V Sutton Combined Cycle,Duke Energy Progress - (NC),NC,NG,0,"136,763"
L V Sutton Combined Cycle,Duke Energy Progress - (NC),NC,DFO,0,0
L V Sutton Combined Cycle,Duke Energy Progress - (NC),NC,NG,"2,527,038","226,677"
L V Sutton Combined Cycle,Duke Energy Progress - (NC),NC,DFO,45,-4
L V Sutton Combined Cycle,Duke Energy Progress - (NC),NC,NG,18,0
Brookfield,DTE Electric Company,MI,WND,0,"23,866"
Miami Wind Energy Center,Invenergy Services LLC,TX,WND,0,"47,443"
Buckeye Wind Energy Center,Invenergy Services LLC,KS,WND,0,"54,568"
Roosevelt County,Boralex US Operations LLC,NM,WND,0,"84,182"
Longhorn Wind,Boralex US Operations LLC,TX,WND,0,"56,776"
TX Hereford Wind,Boralex US Operations LLC,TX,WND,.,.
TX Hereford Wind,"EDF Renewable Asset Holdings, Inc.",TX,WND,0,"48,450"
Cassadaga Wind Farm,"RWE Renewables Americas, LLC",NY,WND,0,"16,847"
Scioto Ridge Wind Farm,"RWE Renewables Americas, LLC",OH,WND,0,"61,851"
Red Horse 2,Red Horse 2,AZ,SUN,0,"7,611"
Red Horse 2,Red Horse 2,AZ,WND,0,"5,437"
Na Pua Makani Wind Project,Na Pua Makani Power Partners LLC,HI,WND,0,"4,258"
Rentech Nitrogen Pasadena Cogeneration,PCI Nitrogen LLC,TX,WH,0,"1,849"
Fusion Solar Center LLC,"Fusion Solar Centre, L.L.C",CT,SUN,0,"1,122"
Highland Wind Project (IA),MidAmerican Energy Co,IA,WND,0,"125,910"
Temple SEGF,Temple University,PA,NG,40,2
Prosperity Energy Storage Facility Hybri,Public Service Co of NM,NM,MWH,0,0
Prosperity Energy Storage Facility Hybri,Public Service Co of NM,NM,SUN,0,44
Balko Wind LLC,Balko Wind LLC,OK,WND,0,"71,675"
Tri-County Water Hydropower Project,Tri-County Water Conservancy District,CO,WAT,0,349
Kingfisher Wind LLC,Kingfisher Wind LLC,OK,WND,0,"66,376"
Fourmile Ridge,"Fourmile Wind Energy, LLC",MD,WND,0,"13,806"
Copper Mountain Solar 3,Consolidated Edison Development Inc.,NV,SUN,0,"34,688"
Sugar Creek Wind One LLC,Sugar Creek Wind One LLC,IL,WND,0,"57,659"
Lincoln Land Wind,"Lincoln Land Wind, LLC",IL,WND,0,"83,549"
Shell Chemical Appalachia LLC,Shell Chemical Appalachia LLC,PA,NG,"130,048","49,406"
Shell Chemical Appalachia LLC,Shell Chemical Appalachia LLC,PA,NG,"1,056,356","91,643"
Butler Solar Power Project,Missouri Jnt Muni.Pwr Elec. Ut. Comm.,MO,SUN,0,203
Copenhagen Wind Farm,"EDF Renewable Asset Holdings, Inc.",NY,WND,0,"18,372"
Akron WRF,City of Akron,OH,OBG,"10,666",659
Dept of Corrections NCCI Wind,Dept of Corrections NCCI Wind,MA,WND,0,242
Goodwell Wind Project LLC,"Enel Green Power NA, Inc.",OK,WND,0,"56,094"
Carlsbad Energy Center,NRG California Peaker Operations LLC,CA,NG,"262,896","26,045"
"Potomac Energy Center, LLC",Potomac Energy Center LLC,VA,NG,"47,058","181,563"
"Potomac Energy Center, LLC",Potomac Energy Center LLC,VA,NG,"3,349,503","328,660"
Walt Bailey Bioenergy Facility,DC Water,DC,NG,750,40
Walt Bailey Bioenergy Facility,DC Water,DC,OBG,"169,743","4,945"
Shannon Wind,Shannon Wind LLC,TX,WND,0,"33,893"
Radfords Run Wind Farm,"RWE Renewables Americas, LLC",IL,WND,0,"102,275"
Stella Wind Farm,"RWE Renewables Americas, LLC",TX,WND,0,"47,063"
Drift Sand Wind Project LLC,"Enel Green Power NA, Inc.",OK,WND,0,"21,142"
Bruennings Breeze Wind Farm,"RWE Renewables Americas, LLC",TX,WND,0,"49,717"
"Colbeck's Corner, LLC","RWE Renewables Americas, LLC",TX,WND,0,"65,181"
Jericho Power,Jericho Power LLC,NH,WND,0,"1,981"
"SC 1 Data Center, Phase 2",Xeres Ventures LLC,CA,DFO,4,0
Limon III Wind LLC,Limon,CO,WND,0,"53,073"
Springfield Solar 1 LLC,"Strata Manager, LLC",MO,SUN,0,427
Fair Wind,"Fair Wind Power Partners, LLC",MD,WND,0,"9,032"
AgriReNew,AgriReNew,IA,OBG,0,0
Mulberry Farm LLC,Onward Energy,TN,SUN,0,895
Selmer Farm LLC,Onward Energy,TN,SUN,0,919
Alamo 6,"BHE Renewables, LLC",TX,SUN,0,"15,210"
Wildcat Point Generation Facility,Old Dominion Electric Coop,MD,NG,"25,412","87,338"
Wildcat Point Generation Facility,Old Dominion Electric Coop,MD,NG,"1,675,340","158,598"
Passadumkeag Windpark LLC,Southern Power Co,ME,WND,0,"11,440"
Cogeneration 2,University of Arizona,AZ,NG,"42,955","3,517"
Lorenzo Wind,"Lorenzo Wind, LLC",TX,WND,0,"26,918"
Fluvanna,Fluvanna Wind Energy LLC,TX,WND,0,"41,033"
Goodnight,"FGE Goodnight I, LLC",TX,WND,.,.
Hale Community Wind Farm,Southwestern Public Service Co,TX,WND,0,"155,508"
Caprock Solar 1 LLC,Duke Energy Renewables Services,NM,SUN,0,"3,441"
Johnston LFG Turbine Plant,Rhode Island LFG Genco,RI,LFG,0,"5,694"
Johnston LFG Turbine Plant,Rhode Island LFG Genco,RI,LFG,"423,494","15,572"
Rattlesnake Creek Wind Project,"Rattlesnake Creek Wind Project, LLC",NE,WND,0,"55,056"
Northwest Ohio Wind,"Northwest Ohio Wind, LLC",OH,MWH,0,0
Northwest Ohio Wind,"Northwest Ohio Wind, LLC",OH,SUN,0,130
Northwest Ohio Wind,"Northwest Ohio Wind, LLC",OH,WND,0,"30,897"
WED Coventry 2,"WED Coventry Two, LLC",RI,WND,0,581
Beacon Solar Plant Site 5,Arevon Asset Management,CA,SUN,0,"4,961"
Beacon Solar Plant Site 2,Arevon Asset Management,CA,SUN,0,"6,392"
WED Coventry 6,Greenbacker Renewable Energy Corporation,RI,WND,0,795
Hecate Energy Beacon Solar 1,AES Distributed Energy,CA,SUN,0,"6,558"
Hecate Energy Beacon Solar 3,AES Distributed Energy,CA,SUN,0,"6,581"
Hecate Energy Beacon Solar 4,AES Distributed Energy,CA,SUN,0,"5,341"
Los Vientos Windpower III,Duke Energy Renewables Services,TX,WND,0,"44,080"
Los Vientos Windpower IV,Duke Energy Renewables Services,TX,WND,0,"44,654"
Kings Mountain Energy Center,"Carolina Power Partners, LLC",NC,NG,"74,290","100,722"
Kings Mountain Energy Center,"Carolina Power Partners, LLC",NC,NG,"1,731,648","172,479"
Middletown Energy Center,"Ohio Power Partners, LLC",OH,NG,"246,899","114,596"
Middletown Energy Center,"Ohio Power Partners, LLC",OH,NG,"1,607,086","169,229"
Golden Acorn Casino,"Foundation HA Energy Generation, LLC",CA,WND,0,435
Anheuser-Busch #2,"Foundation HA Energy Generation, LLC",CA,WND,0,55
Mesquite Creek Wind,Duke Energy Renewables Services,TX,WND,0,"43,827"
Gila River Power Block 1,Salt River Project,AZ,NG,"75,011","78,594"
Gila River Power Block 1,Salt River Project,AZ,NG,"1,496,515","118,631"
Broshco Fabricated Products,Broshco Fabricated Products,OH,NG,"3,836",341
Wapsie Valley Creamery Back Up Generator,Wapsie Valley Creamery,IA,DFO,0,0
"East Kansas Agri-Energy, LLC","East Kansas Agri-Energy, LLC",KS,WH,0,415
South Plains Wind Phase I,"Evergreen Wind, LLC",TX,WND,0,"50,825"
"Enterprise Solar, LLC",Clearway Renewable Operation & Maintenance LLC,UT,SUN,0,"10,474"
"Escalante Solar I, LLC",Clearway Renewable Operation & Maintenance LLC,UT,SUN,0,"9,373"
"Escalante Solar II, LLC",Clearway Renewable Operation & Maintenance LLC,UT,SUN,0,"9,385"
"Escalante Solar III, LLC",Clearway Renewable Operation & Maintenance LLC,UT,SUN,0,"8,929"
Red Gate Power Plant,"South Texas Electric Coop, Inc",TX,NG,"193,828","22,891"
Blue Ridge Generating,"North American Biofuels, LLC",KY,LFG,"13,151",437
Backus Microgrid Project,Connecticut Mun Elec Engy Coop,CT,DFO,138,82
Zimmerman Energy,Landfill Energy Systems,IN,LFG,"111,729","4,592"
Logans Gap Wind LLC,Pattern Operators LP,TX,WND,0,"49,804"
Waxdale,"S.C. Johnson & Son, Inc.",WI,LFG,"57,052","1,717"
Waxdale,"S.C. Johnson & Son, Inc.",WI,NG,"30,376","2,032"
Waxdale,"S.C. Johnson & Son, Inc.",WI,SUN,0,30
Waxdale,"S.C. Johnson & Son, Inc.",WI,WND,0,651
P Plant,Qualcomm Incorporated,CA,NG,"30,636","2,810"
Q Plant,Qualcomm Incorporated,CA,NG,0,0
W Plant,Qualcomm Incorporated,CA,NG,"29,960","2,906"
"Kay Wind, LLC",Southern Power Co,OK,WND,0,"73,210"
Palo Duro Wind,Palo Duro Wind,TX,WND,0,"79,064"
Antares-GRE 314 East Lyme LLC,MN8 Energy LLC,CT,SUN,0,103
BYUI Central Energy Facility,Brigham Young Univ Idaho,ID,DFO,0,0
BYUI Central Energy Facility,Brigham Young Univ Idaho,ID,NG,"42,559","3,545"
Wright Solar Park,Wright Solar Park LLC,CA,SUN,0,"14,798"
Bannock County LFG to Energy,Bannock County Landfill,ID,LFG,"22,176","1,079"
Borden Solar Farm,"41MB 8me, LLC",CA,SUN,0,"4,880"
Fowler Ridge IV Wind Farm LLC,Pattern Operators LP,IN,WND,0,"44,245"
Rutherford Farm,Southern Power Co,NC,SUN,0,"8,875"
Town of Williamson Landfill PV,MN8 Energy LLC,NY,SUN,0,28
TX Jumbo Road Wind,"TX Jumbo Road Wind, LLC",TX,WND,0,"76,382"
Jericho Rise Wind Farm LLC,Jericho Rise Wind Farm LLC,NY,WND,0,"13,031"
Midwest Energy Community Solar Array,Midwest Energy Inc - (KS),KS,SUN,0,91
Clinton LFGTE,"Wabash Valley Power Assn, Inc",IL,LFG,"31,845","1,668"
Comanche Solar,Onward Energy,CO,SUN,0,"14,767"
Innovative Solar 37 LLC,Dominion Renewable Energy,NC,SUN,0,"5,820"
Innovative Solar 47,MN8 Energy LLC,NC,SUN,0,"4,062"
Innovative Solar 54,John Laing US Solar Corp.,NC,SUN,0,"6,654"
Innovative Solar 46,Cypress Creek Renewables,NC,SUN,0,"8,355"
Innovative Solar 67,John Laing US Solar Corp.,NC,SUN,0,"4,011"
Foxconn Ohio,Foxconn,OH,SUN,0,96
"Lindahl Wind Project, LLC","Enel Green Power NA, Inc.",ND,WND,0,"33,838"
Gulf Coast Solar Center I,"Arevon Energy, Inc.",FL,SUN,0,"3,520"
Gulf Coast Solar Center II,"Arevon Energy, Inc.",FL,SUN,0,"5,104"
Gulf Coast Solar Center III,"Arevon Energy, Inc.",FL,SUN,0,"6,107"
NBC Field's Point Wind Farm,Narragansett Bay Commission,RI,WND,0,522
Coastal Virginia Offshore Wind (CVOW) Pi,Virginia Electric & Power Co,VA,WND,0,"5,276"
"Pavant Solar, LLC",Onward Energy,UT,SUN,0,"3,953"
Steel Sun,CleanCapital Holdings,NY,SUN,0,65
St. Paul Intl Airport Red & Blue Parking,Metropolitan Airports Commission,MN,SUN,0,92
"San Roman Wind I, LLC","Acciona Energy USA Global, LLC",TX,WND,0,"21,372"
Holdrege Solar Center,"Adapture Renewables, Inc.",NE,SUN,0,221
IKEA St. Louis 410,IKEA Property Inc,MO,SUN,0,0
Framingham State University Plant,Framingham State University,MA,DFO,9,5
Framingham State University Plant,Framingham State University,MA,NG,0,0
Framingham State University Plant,Framingham State University,MA,SUN,0,2
Macon Solar Power Project,Missouri Jnt Muni.Pwr Elec. Ut. Comm.,MO,SUN,0,79
Pryor Mountain Wind,PacifiCorp,MT,WND,0,"70,553"
Oregon Clean Energy Center,Oregon Clean Energy Center,OH,NG,"180,753","222,795"
Oregon Clean Energy Center,Oregon Clean Energy Center,OH,NG,"3,801,282","397,511"
Oregon Clean Energy Center,Oregon Clean Energy Center,OH,NG,0,0
Carroll County Energy,Carroll County Energy LLC,OH,NG,"467,400","200,777"
Carroll County Energy,Carroll County Energy LLC,OH,NG,"2,989,394","304,983"
Waynoka Gas Processing Plant,Targa Pipeline Mid-Continent West OK LLC,OK,NG,"12,345","1,321"
Gila River Power Block 3,Salt River Project,AZ,NG,160,"89,885"
Gila River Power Block 3,Salt River Project,AZ,NG,"1,791,141","152,115"
Mountain Home Energy Center,Energy Systems Group LLC,TN,DFO,0,0
Mountain Home Energy Center,Energy Systems Group LLC,TN,LFG,0,0
Mountain Home Energy Center,Energy Systems Group LLC,TN,NG,0,0
Wolf Hollow II,"Constellation Power, Inc",TX,NG,"1,692,358","255,433"
Wolf Hollow II,"Constellation Power, Inc",TX,NG,"2,841,557","428,885"
Sunshine Valley Solar,EDP Renewables North America LLC,NV,SUN,0,"13,221"
"Playa Solar 1, LLC","EDF Renewable Asset Holdings, Inc.",NV,SUN,0,"8,350"
Spring Hill Road,AES Distributed Energy,MA,SUN,0,60
Great Bay Solar 1,Great Bay Solar I LLC,MD,SUN,0,"7,527"
North Star Solar Project,North Star Solar PV LLC,MN,SUN,0,"5,120"
OlivePV,Indiana Michigan Power Co,IN,SUN,0,161
Deer Creek PV,Indiana Michigan Power Co,IN,SUN,0,88
HP Hood CT,HP Hood LLC,VA,NG,"85,871","8,094"
Twin Branch PV,Indiana Michigan Power Co,IN,SUN,0,47
Fort Benning Solar Facility,Georgia Power Co,AL,SUN,0,"3,721"
Kings Bay Solar Facility,Georgia Power Co,GA,SUN,0,"3,467"
"Little Bear Solar 1, LLC","Little Bear Solar 1, LLC (Longroad)",CA,SUN,0,"3,677"
Marshall Solar Energy Project,Marshall Solar Energy Project,MN,SUN,0,"2,797"
Marine Corps Logistics Base Solar,Georgia Power Co,GA,SUN,0,"4,015"
North Rosamond Solar LLC,"North Rosamond Solar, LLC",CA,SUN,0,"19,846"
Exelon West Medway II LLC,"Constellation Power, Inc",MA,KER,0,0
Exelon West Medway II LLC,"Constellation Power, Inc",MA,NG,"45,058","3,945"
Bloom Wind,CP Bloom Wind LLC,KS,WND,0,"49,149"
Butler Solar Project 103,Southern Power Co,GA,SUN,0,"12,574"
Cardinal Point Wind,Cardinal Point LLC,IL,WND,0,"44,025"
New Frontier Wind,Meadowlark Wind I LLC,ND,WND,0,"30,250"
Western Branch High School,Virginia Electric & Power Co,VA,SUN,0,63
Moxie Freedom Generation Plant,Moxie Freedom LLC,PA,NG,"4,876,420","777,204"
Philip Morris,Virginia Electric & Power Co,VA,SUN,0,0
Greensville County Power Station,Virginia Electric & Power Co,VA,NG,0,0
Greensville County Power Station,Virginia Electric & Power Co,VA,NG,"7,010,362","1,129,588"
Nellis Solar PV II,Nevada Power Co,NV,SUN,0,"1,750"
"Great Valley Solar Portfolio Holdings, L",Consolidated Edison Development Inc.,CA,SUN,0,"20,636"
"Iron Springs Solar, LLC",Clearway Renewable Operation & Maintenance LLC,UT,SUN,0,"9,744"
Rattlesnake Den,SunEdison LLC,TX,WND,0,"59,924"
"Granite Mountain Solar West, LLC",Clearway Renewable Operation & Maintenance LLC,UT,SUN,0,"5,392"
"Granite Mountain Solar East, LLC",Clearway Renewable Operation & Maintenance LLC,UT,SUN,0,"9,248"
SR Camden,"SR Camden, LLC",AR,SUN,0,949
AES Warrior Run Energy Storage Project,AES Tait LLC,MD,MWH,486,-116
Antrim Wind,Antrim Wind Energy LLC,NH,WND,0,"7,833"
Grand Ridge Battery Projects,Invenergy Services LLC,IL,MWH,604,-552
Elevation Solar C,AES Distributed Energy,CA,SUN,0,"5,161"
Latigo Wind Park,AES Distributed Energy,UT,WND,0,"15,477"
"Desert Wind Farm, LLC",Avangrid Renewables LLC,NC,WND,0,"53,780"
Bearkat,"Bearkat Wind Energy 1, LLC",TX,WND,0,"47,068"
Golden West Power Partners LLC,"Golden West Power Partners, LLC",CO,WND,0,"55,979"
RE Astoria,RE Astoria LLC,CA,SUN,0,"12,351"
RE Astoria 2,RE Astoria 2 LLC,CA,SUN,0,"9,576"
Babcock Solar Energy Center Hybrid,Florida Power & Light Co,FL,MWH,858,-371
Babcock Solar Energy Center Hybrid,Florida Power & Light Co,FL,SUN,0,"8,891"
RE Roserock,Southern Power Co,TX,SUN,0,"25,220"
Murphy Flat Solar,"Murphy Flat Power, LLC",ID,SUN,0,"1,199"
Orchard Ranch Solar,"Orchard Ranch Solar, LLC",ID,SUN,0,"1,002"
American Falls Solar,American Falls Solar LLC,ID,SUN,0,"1,450"
American Falls Solar II,"American Falls Solar II, LLC",ID,SUN,0,"1,440"
Manatee Solar Energy Center,Florida Power & Light Co,FL,MWH,"3,921","-2,918"
Manatee Solar Energy Center,Florida Power & Light Co,FL,SUN,0,"7,194"
MESA 1,PUD No 1 of Snohomish County,WA,MWH,0,0
Domino Farms Solar,DTE Electric Company,MI,SUN,0,24
Greenwood Solar Farm,DTE Electric Company,MI,SUN,0,28
Waipio Solar,"Waipio PV, LLC",HI,SUN,0,"4,977"
Pecan Solar,Dominion Renewable Energy,NC,SUN,0,"7,126"
"CA Flats Solar 130, LLC","California Flats Solar 130, LLC",CA,SUN,0,"13,519"
"CA Flats Solar 150, LLC","Arevon Energy, Inc.",CA,SUN,0,"14,925"
UI RCP New Haven Fuel Cell,United Illuminating Co,CT,NG,"16,005","1,409"
"Cuyama Solar, LLC","Cuyama Solar, LLC",CA,SUN,0,"4,862"
Buckthorn Westex,"Buckthorn Westex, LLC",TX,SUN,0,"21,247"
Shoreham Solar Commons,Duke Energy Renewables Services,NY,SUN,0,"1,531"
UI RCP Bridgeport Seaside,United Illuminating Co,CT,NG,"12,603","1,792"
UI RCP Bridgeport Seaside,United Illuminating Co,CT,SUN,0,0
"River Bend Solar, LLC","River Bend Solar, LLC",AL,SUN,0,"6,174"
Citrus Solar Energy Center Hybrid,Florida Power & Light Co,FL,MWH,130,-47
Citrus Solar Energy Center Hybrid,Florida Power & Light Co,FL,SUN,0,"8,132"
"Live Oak Solar, LLC","Live Oak Solar, LLC",GA,SUN,0,"6,587"
Grand View Solar Two,"Grand View PV Solar Two, LLC",ID,SUN,0,"5,659"
South Plains II,Onward Energy,TX,WND,0,"80,353"
Sunflower Wind Project,Onward Energy,ND,WND,0,"28,753"
"Blythe Solar II, LLC","Blythe Solar II, LLC",CA,MWH,"7,277",-470
"Blythe Solar II, LLC","Blythe Solar II, LLC",CA,SUN,0,"17,606"
"Blythe Solar III, LLC Hybrid","Blythe Solar III, LLC",CA,MWH,"7,191",-652
"Blythe Solar III, LLC Hybrid","Blythe Solar III, LLC",CA,SUN,0,"17,526"
"Blythe Solar IV, LLC","Blythe Solar IV, LLC",CA,MWH,"3,311",-509
"Blythe Solar IV, LLC","Blythe Solar IV, LLC",CA,SUN,0,"16,513"
"Javelina Wind Energy, LLC","Javelina Wind Energy, LLC",TX,WND,0,"59,789"
Western Michigan Solar Gardens,Consumers Energy Co - (MI),MI,SUN,0,15
Grand Valley Solar Gardens,Consumers Energy Co - (MI),MI,SUN,0,37
Granby Hydro,Northern Water Hydropower Enterprise,CO,WAT,0,211
Colorado Bend II,"Constellation Power, Inc",TX,NG,"1,576,617","240,282"
Colorado Bend II,"Constellation Power, Inc",TX,NG,"2,784,751","424,406"
Castle Gap Solar Hybrid,Upton County Solar 2 LLC,TX,MWH,612,-64
Castle Gap Solar Hybrid,Upton County Solar 2 LLC,TX,SUN,0,"25,380"
Kawailoa Solar,"Kawailoa Solar, LLC",HI,SUN,0,"3,461"
Harpster Wind,"OEE XVII, LLC",OH,WND,0,266
"Eastern Shore Solar, LLC",Dominion Renewable Energy,VA,SUN,0,"5,546"
Big Sand Draw Plant,Denbury Inc,WY,NG,"30,454","3,348"
New Creek Wind,"New Creek Wind, LLC",WV,WND,0,"37,917"
"Broadview Energy JN, LLC",Pattern Operators LP,NM,WND,0,"52,998"
"Innovative Solar 43, LLC",Cypress Creek Renewables,NC,SUN,0,"4,811"
"Broadview Energy KW, LLC",Pattern Operators LP,NM,WND,0,"41,327"
Solverde 1,AES Distributed Energy,CA,SUN,0,"9,763"
Antelope DSR 1,AES Distributed Energy,CA,SUN,0,"5,303"
Cotton Plains Wind Farm,"Cotton Plains Wind I, LLC",TX,WND,0,"14,490"
Rocksprings,"Rocksprings Val Verde Wind, LLC",TX,WND,0,"34,242"
Frontier Windpower,Duke Energy Renewables Services,OK,WND,0,"40,727"
Midway Solar Farm II,Dominion Renewable Energy,CA,SUN,0,"3,797"
Bluestem,"Bluestem Wind Energy, LLC",OK,WND,0,"56,975"
Alta Luna,"TPE Alta Luna, LLC",NM,SUN,0,"2,781"
Playa Solar 2,"EDF Renewable Asset Holdings, Inc.",NV,SUN,0,"15,217"
Durham AWTF,Clean Water Services,OR,OBG,"10,603",640
Bacliff,PHR Holdings LLC,TX,NG,"136,902","11,566"
Blue Cloud Wind Energy LLC,"RWE Renewables Americas, LLC",TX,WND,0,"44,273"
"Canyon Wind Project, LLC","Canyon Wind Project, LLC",TX,WND,0,"30,072"
Southbridge Solar,AES Distributed Energy,MA,SUN,0,68
Keys Energy Center,"PSEG Keys Energy Center, LLC",MD,NG,"28,112","134,984"
Keys Energy Center,"PSEG Keys Energy Center, LLC",MD,NG,"2,580,754","225,941"
Sumrall II Solar Farm,Onward Energy,MS,SUN,0,"5,915"
"San Isabel Solar, LLC","San Isabel Solar, LLC",CO,SUN,0,"4,337"
Sumrall I Solar Farm,"MS Solar 2, LLC",MS,SUN,0,"6,181"
"Mesquite Solar 2, LLC",Consolidated Edison Development Inc.,AZ,SUN,0,"12,832"
"Mesquite Solar 3, LLC",Consolidated Edison Development Inc.,AZ,SUN,0,"23,846"
"Grady Wind Energy Center, LLC",Pattern Operators LP,NM,WND,0,"67,827"
"Willow Spring Solar, LLC",Willow Spring Solar LLC,CA,SUN,0,"13,794"
Schofield Generating Station,Hawaiian Electric Co Inc,HI,DFO,"9,259","6,112"
Schofield Generating Station,Hawaiian Electric Co Inc,HI,OBL,"2,504","1,535"
"Ringer Hill Wind Farm, LLC",Ringer Hill Wind LLC,PA,WND,0,"13,352"
"Grove Solar Center, LLC",Cypress Creek Renewables,OR,SUN,0,310
"Hyline Solar Center, LLC",Cypress Creek Renewables,OR,SUN,0,415
"Open Range Solar Center, LLC",Cypress Creek Renewables,OR,SUN,0,559
"Railroad Solar Center, LLC",Cypress Creek Renewables,OR,SUN,0,241
"Thunderegg Solar Center, LLC",Cypress Creek Renewables,OR,SUN,0,446
"Vale Air Solar Center, LLC",Cypress Creek Renewables,OR,SUN,0,476
Midway Solar Farm 1,"83WI 8ME, LLC",CA,SUN,0,"6,624"
Providence Solar,"Providence Solar Center, LLC",TN,SUN,0,"1,044"
Albany Green Energy,"Albany Green Energy, LLC",GA,NG,"1,422",69
Albany Green Energy,"Albany Green Energy, LLC",GA,OBS,0,0
Albany Green Energy,"Albany Green Energy, LLC",GA,WDS,"71,877","30,163"
Okeechobee Clean Energy Center,Florida Power & Light Co,FL,DFO,0,0
Okeechobee Clean Energy Center,Florida Power & Light Co,FL,NG,0,"370,503"
Okeechobee Clean Energy Center,Florida Power & Light Co,FL,DFO,0,0
Okeechobee Clean Energy Center,Florida Power & Light Co,FL,NG,"6,797,026","742,660"
Demille Solar Farm,DTE Electric Company,MI,SUN,0,294
"Hill AFB LFG Facility, Bldg #737",Ameresco Federal Solutions,UT,LFG,"22,088","1,175"
Bison Solar LLC,Bison Solar LLC,CO,SUN,0,"2,938"
"Boulder Solar Power, LLC",Southern Power Co,NV,SUN,0,"12,252"
Brady II Wind Energy Center,"Brady Wind II, LLC",ND,WND,0,"45,022"
South Field Energy,"South Field Energy, LLC",OH,NG,"896,722","345,602"
South Field Energy,"South Field Energy, LLC",OH,NG,"4,311,452","494,924"
Lackawanna Energy Center,Invenergy Services LLC,PA,NG,"5,399,766","886,486"
Old Settler Wind,"Old Settler Wind, LLC",TX,WND,0,"43,189"
Hummel Station LLC,"Hummel Station, LLC",PA,NG,"103,935","260,693"
Hummel Station LLC,"Hummel Station, LLC",PA,NG,"5,027,260","521,272"
Lamesa Solar,Southern Power Co,TX,SUN,0,"10,447"
"Clean Energy Future-Lordstown, LLC","Clean Energy Future-Lordstown, LLC",OH,NG,"127,466","224,463"
"Clean Energy Future-Lordstown, LLC","Clean Energy Future-Lordstown, LLC",OH,NG,"3,813,920","406,382"
"Shoe Creek Solar, LLC",Cypress Creek Renewables,NC,SUN,0,"7,463"
Monroe Solar Facility,"Duke Energy Carolinas, LLC",NC,SUN,0,"6,621"
Invenergy Nelson Expansion LLC,Invenergy Services LLC,IL,DFO,0,0
Invenergy Nelson Expansion LLC,Invenergy Services LLC,IL,NG,"219,689","21,705"
Beech Ridge Energy Storage,Invenergy Services LLC,WV,MWH,604,-586
"Chaves Solar, LLC",Chaves Solar LLC,NM,SUN,0,"7,362"
"Roswell Solar, LLC","Roswell Solar, LLC",NM,SUN,0,"8,577"
Bethel Wind Farm LLC,Southern Power Co,TX,WND,0,"92,045"
Three Peaks Power,Three Peaks Power LLC,UT,SUN,0,"5,693"
East Pecos Solar,Southern Power Co,TX,SUN,0,"16,973"
Salem Smart Power Center,Portland General Electric Co,OR,MWH,16,-15
Tenaska Westmoreland Generating Station,"Tenaska Pennsylvania Partners, LLC",PA,NG,"96,605","211,410"
Tenaska Westmoreland Generating Station,"Tenaska Pennsylvania Partners, LLC",PA,NG,"3,974,343","451,984"
Red Rock,Arizona Public Service Co,AZ,MWH,.,.
Red Rock,Arizona Public Service Co,AZ,SUN,0,"3,702"
Paulding Wind Farm III,Paulding Wind Farm III LLC,OH,WND,0,"29,772"
Green River Wind Farm,"Green River Wind Farm Phase 1, LLC",IL,WND,0,"47,384"
Springbok 3 Solar Farm Hybrid,64KT 8me LLC,CA,MWH,0,0
Springbok 3 Solar Farm Hybrid,64KT 8me LLC,CA,SUN,0,"12,816"
"Tyler Bluff Wind Project, LLC",Southern Power Co,TX,WND,0,"31,172"
Crowned Ridge Wind Energy Center,"Crowned Ridge Wind, LLC",SD,WND,0,"67,199"
Blazing Star Wind Farm 1,Northern States Power Co - Minnesota,MN,WND,0,"70,249"
Crocker Wind Farm,"Crocker Wind Farm, LLC",SD,WND,0,"50,881"
Stafford Hill Solar Hybrid,Green Mountain Power Corp,VT,MWH,0,0
Stafford Hill Solar Hybrid,Green Mountain Power Corp,VT,SUN,0,9
Innovative Solar 42,"Innovative Solar 42, LLC",NC,SUN,0,"8,016"
Innovative Solar 31,MN8 Energy LLC,NC,SUN,0,"3,510"
"Grant Plains Wind, LLC",Southern Power Co,OK,WND,0,"38,216"
GMP Solar - Richmond,Green Mountain Power Corp,VT,SUN,0,36
"NorWest Energy 2, LLC",Cypress Creek Renewables,OR,SUN,0,555
GRP Franklin Renewable Energy Facility,"GRP Franklin Renewable Energy Facility, LLC",GA,WDS,"40,213","26,808"
Big Level Wind,Big Level Wind LLC,PA,WND,0,"25,512"
Hattiesburg Solar Farm,"Hattiesburg Farm, LLC",MS,SUN,0,"5,666"
Hazlehurst II,"SR South Loving, LLC",GA,SUN,0,"5,273"
Selmer I,"Selmer North Solar I, LLC",TN,SUN,0,743
Selmer II,"Selmer North Solar II, LLC",TN,SUN,0,447
Millington Solar Farm,"SR Millington, LLC",TN,SUN,0,"3,858"
GMP Solar - Panton Hybrid,Green Mountain Power Corp,VT,MWH,50,17
GMP Solar - Panton Hybrid,Green Mountain Power Corp,VT,SUN,0,189
El Cajon Energy Storage,San Diego Gas & Electric Co,CA,MWH,342,-52
Escondido Energy Storage,San Diego Gas & Electric Co,CA,MWH,"1,078",-169
White Wing Solar,"Leeward Asset Management, LLC",AZ,SUN,.,.
"Great Western Wind Energy, LLC","EDF Renewable Asset Holdings, Inc.",OK,WND,0,"68,096"
Upton County Solar,Consolidated Edison Development Inc.,TX,SUN,0,0
LaFayette Solar Farm,Boralex US Operations LLC,AL,SUN,0,"9,534"
Kelly Creek Wind Project,"EDF Renewable Asset Holdings, Inc.",IL,WND,0,"61,913"
CPV Fairview Energy Center,"CPV Fairview, LLC",PA,NG,"413,075","257,710"
CPV Fairview Energy Center,"CPV Fairview, LLC",PA,OG,0,0
CPV Fairview Energy Center,"CPV Fairview, LLC",PA,NG,"4,248,035","484,982"
CPV Fairview Energy Center,"CPV Fairview, LLC",PA,OG,0,0
"Golden Fields Solar I, LLC",MN8 Energy LLC,CA,SUN,0,"7,540"
"Solar Star California, XLI, LLC",MN8 Energy LLC,CA,SUN,0,"7,494"
Rush Springs Wind,Rush Springs Wind Project,OK,WND,0,"71,586"
Voyager Wind I,Terra-Gen Operating Co-Wind,CA,WND,0,"30,339"
Baron Winds Farm,"RWE Renewables Americas, LLC",NY,WND,0,"33,867"
Summit Farms Solar,Dominion Renewable Energy,NC,SUN,0,"4,902"
Rush Creek Wind,Public Service Co of Colorado,CO,WND,0,"155,377"
"Ninnescah Wind Energy, LLC",Ninnescah Wind Energy LLC,KS,WND,0,"56,912"
Brantley Solar,John Laing US Solar Corp.,NC,SUN,0,"6,344"
Fox Creek Solar,John Laing US Solar Corp.,NC,SUN,0,"5,146"
Kingman Wind,"Kingman Wind Energy, LLC",KS,WND,0,"52,504"
Townsite Solar Project Hybrid,"Townsite Solar, LLC",NV,MWH,"8,848","-1,266"
Townsite Solar Project Hybrid,"Townsite Solar, LLC",NV,SUN,0,"17,166"
Rock Creek Wind Project,"Enel Green Power NA, Inc.",MO,WND,0,"75,233"
"Salt Fork Wind Project, LLC",Southern Power Co,TX,WND,0,"54,916"
Moffett Solar Project,Dominion Renewable Energy,SC,SUN,0,"7,843"
Ridgeland Solar Project,Dominion Renewable Energy,SC,SUN,0,"1,053"
Osborn Wind Energy,Osborn Wind Energy LLC,MO,WND,0,"33,065"
Tannery Road Landfill,"Tannery Road Solar, LLC",NY,SUN,0,37
Pearl Solar,"BHE Renewables, LLC",TX,SUN,0,"6,392"
"Cimarron Bend Wind Project I, LLC","Cimarron Bend Wind Project I, LLC",KS,WND,0,"57,008"
"Cimarron Bend Wind Project II, LLC","Cimarron Bend Wind Project II, LLC",KS,WND,0,"58,274"
Western Plains Wind Farm,"Evergy Kansas Central, Inc",KS,WND,0,"80,576"
"Blue Summit Storage, LLC","Blue Summit Storage, LLC",TX,MWH,852,-192
Stanton Energy Reliability Center Hybrid,"Wellhead Services, Inc",CA,MWH,37,-28
Stanton Energy Reliability Center Hybrid,"Wellhead Services, Inc",CA,NG,0,0
Wind Colebrook South,Wind Colebrook South,CT,WND,0,"1,306"
Howell Solar,MN8 Energy LLC,NJ,SUN,0,303
Raritan Solar,MN8 Energy LLC,NJ,SUN,0,331
Bordentown Solar,MN8 Energy LLC,NJ,SUN,0,273
Longview Solar,MN8 Energy LLC,MD,SUN,0,"1,028"
Church Hill,MN8 Energy LLC,MD,SUN,0,295
"Rattlesnake Power, LLC","Rattlesnake Power, LLC",TX,WND,0,"47,076"
Simcoe Solar,Simcoe Solar,ID,SUN,0,"1,307"
Gila River Power Block 2,Salt River Project,AZ,NG,515,"112,558"
Gila River Power Block 2,Salt River Project,AZ,NG,"2,128,547","200,240"
"American Kings Solar, LLC",MN8 Energy LLC,CA,SUN,0,"11,173"
Tungsten Mountain,Tungsten Mountain,NV,GEO,0,"32,489"
Tungsten Mountain,Tungsten Mountain,NV,SUN,0,"1,209"
Bluebell Solar,"Bluebell Solar, LLC",TX,SUN,0,"4,180"
Colgreen North Shore Solar Farm,"Sunpin Holdings, LLC",CA,SUN,0,"9,461"
"Sun Streams, LLC",EDP Renewables North America LLC,AZ,SUN,0,"19,683"
Temple Solar Arrays,"UGI Energy Services, LLC",PA,SUN,0,54
Emmitsburg Solar Arrays,"UGI Energy Services, LLC",MD,SUN,0,105
SR Houston,"SR Houston Holdings, LLC",MS,SUN,0,185
Astra Wind Farm,Astra Wind LLC,TX,WND,0,"45,231"
Prairie Wind Farm,MidAmerican Energy Co,IA,WND,0,"53,076"
GMP Solar - Hartford,Green Mountain Power Corp,VT,SUN,0,127
GMP Solar - Williston,Green Mountain Power Corp,VT,SUN,0,91
GMP Solar - Williamstown,Green Mountain Power Corp,VT,SUN,0,104
"Deerfield Wind Energy, LLC","Deerfield Wind Energy, LLC",MI,WND,0,"52,396"
"Boulder Solar II, LLC",Invenergy Services LLC,NV,SUN,0,"5,935"
Warren DPC Solar,SoCore Energy LLC,WI,SUN,0,105
Liberty Pole DPC Solar,SoCore Energy LLC,WI,SUN,0,29
Downsville DPC Solar,SoCore Energy LLC,WI,SUN,0,50
Mt. Hope DPC Solar,SoCore Energy LLC,WI,SUN,0,61
Medford DPC Solar,SoCore Energy LLC,WI,SUN,0,24
Whistling Winds DPC Solar,SoCore Energy LLC,WI,SUN,0,52
Willow Springs Wind Farm,"Willow Springs Windfarm, LLC",TX,WND,0,"66,242"
Dermott Wind,"Dermott Wind, LLC",TX,WND,0,"68,572"
Salem Harbor Power Development LP,Salem Harbor Power Development LP,MA,NG,"14,183","32,306"
Salem Harbor Power Development LP,Salem Harbor Power Development LP,MA,NG,"687,933","62,080"
"Oliver Wind III, LLC","Oliver Wind III, LLC",ND,WND,0,"28,848"
Ohio Northern University Solar Site,"AEP Onsite Partners, LLC",OH,SUN,0,76
Clyde Solar Array,"AEP Onsite Partners, LLC",OH,SUN,0,78
Montgomery County,Entergy Texas Inc.,TX,NG,0,"167,748"
Montgomery County,Entergy Texas Inc.,TX,NG,"3,384,840","298,219"
St. Charles Power Station (LA),Entergy Louisiana LLC,LA,NG,0,"184,052"
St. Charles Power Station (LA),Entergy Louisiana LLC,LA,NG,"2,885,261","243,976"
Lake Charles Power,Entergy Louisiana LLC,LA,NG,0,"176,551"
Lake Charles Power,Entergy Louisiana LLC,LA,NG,"3,295,132","320,822"
New Orleans Power,"Entergy New Orleans, LLC",LA,NG,"143,872","5,784"
New Auburn DPC Solar,SoCore Energy LLC,WI,SUN,0,73
Hyperion Treatment Plant CHP Plant,Constellation New Energy Inc.,CA,NG,"60,000","5,091"
Hyperion Treatment Plant CHP Plant,Constellation New Energy Inc.,CA,OBG,"155,000","7,330"
Buckthorn Wind,"Buckthorn Wind Project, LLC",TX,WND,0,"27,401"
Santa Rita Wind Energy,"BHE Renewables, LLC",TX,WND,0,"99,936"
SolaireHolman Solar Project,"SolaireHolman 1, LLC",TX,SUN,0,"7,473"
Sterling I Wind Farm,AEM Wind LLC,NM,WND,0,"9,340"
Reading Wind Project,Southern Power Co,KS,WND,0,"35,947"
Cactus Flats Wind Energy Project,Southern Power Co,TX,WND,0,"36,803"
Chestnut Solar,Dominion Renewable Energy,NC,SUN,0,"8,269"
Indian River Solar Center,Florida Power & Light Co,FL,SUN,0,"8,674"
Horizon Solar Energy Center,Florida Power & Light Co,FL,SUN,0,"8,314"
Coral Farms Solar Energy Center,Florida Power & Light Co,FL,SUN,0,"8,381"
Hammock Solar,Florida Power & Light Co,FL,SUN,0,"8,722"
Hickory Run Energy Station,"Hickory Run Energy, LLC",PA,NG,0,0
Hickory Run Energy Station,"Hickory Run Energy, LLC",PA,NG,0,0
Blue Cypress Solar Energy Center,Florida Power & Light Co,FL,SUN,0,"8,292"
Heart of Texas Wind Project,Scout Clean Energy LLC,TX,WND,0,"50,410"
Birdsboro Power,Birdsboro Power LLC,PA,NG,"1,511,352","245,184"
Deerfield Wind LLC,Avangrid Renewables LLC,VT,WND,0,"6,025"
Twin Buttes II Wind,Avangrid Renewables LLC,CO,WND,0,"18,806"
"Roaring Brook, LLC",Avangrid Renewables LLC,NY,WND,0,"6,097"
La Joya NM,Avangrid Renewables LLC,NM,WND,0,"96,592"
Tatanka Ridge,Tatanka Ridge LLC,SD,WND,0,"39,977"
Coyote Ridge,Coyote Ridge LLC,SD,WND,0,"28,030"
Solar Star Oregon II,Avangrid Renewables LLC,OR,SUN,0,"3,031"
Wildflower Solar Energy Center,Florida Power & Light Co,FL,SUN,0,"8,830"
Barefoot Bay Solar Energy Center,Florida Power & Light Co,FL,SUN,0,"7,317"
Loggerhead Solar Energy Center,Florida Power & Light Co,FL,SUN,0,"7,885"
AES Lawai Solar Hybrid,AES Distributed Energy,HI,MWH,"1,729",-43
AES Lawai Solar Hybrid,AES Distributed Energy,HI,SUN,0,"2,520"
Saratoga Wind Farm,Madison Gas & Electric Co,IA,WND,0,"20,331"
Orient Wind Farm,MidAmerican Energy Co,IA,WND,0,"149,759"
Beaver Creek Wind,MidAmerican Energy Co,IA,WND,0,"104,242"
Luning Energy,Liberty Utilities (CalPeco Electric) LLC,NV,SUN,0,"5,138"
Independence Solar Farm,MC Power Companies Inc,MO,SUN,0,195
Battle Mountain Solar Project,Consolidated Edison Development Inc.,NV,MWH,"1,573",-186
Battle Mountain Solar Project,Consolidated Edison Development Inc.,NV,SUN,0,"9,243"
"Burke Wind, LLC",Burke Wind LLC,ND,WND,0,"66,903"
Pine River Wind Park,DTE Electric Company,MI,WND,0,"32,377"
Astoria Station,Otter Tail Power Co,SD,NG,"557,867","60,491"
Big Timber Wind Farm,Consolidated Edison Development Inc.,MT,WND,0,"7,733"
Harvest Ridge Wind Farm,Harvest Ridge Wind Farm,IL,WND,0,"68,745"
"Eland Solar & Storage Center, Phase 1 Hy",68SF 8me LLC,CA,MWH,.,.
"Eland Solar & Storage Center, Phase 1 Hy",68SF 8me LLC,CA,SUN,.,.
EE Waianae Solar Project,EE Waianae Solar Project LLC,HI,SUN,0,"2,786"
Pima Energy Storage System,Pima Energy Storage System,AZ,MWH,0,0
Mount Signal Solar Farm V,"Imperial Valley Solar 3, LLC",CA,SUN,0,"38,340"
"AES ES Alamitos, LLC","AES ES Alamitos, LLC",CA,MWH,"5,227",-918
Flat Top Wind I,"BHE Renewables, LLC",TX,WND,0,"62,134"
GRP Madison Renewable Energy Facility,"GRP Madison Renewable Energy Facility, LLC",GA,WDS,"46,810","31,206"
Redbed Plains Wind Farm,Redbed Plains Wind Farm LLC,OK,WND,0,"28,799"
Golden Hills North Wind Energy Center,"Golden Hills Interconnection Wind, LLC",CA,WND,0,"4,885"
Rock Falls Wind Farm LLC,Public Service Co of Oklahoma,OK,WND,0,"34,648"
Stuttgart Solar,"Stuttgart Solar, LLC",AR,SUN,0,"7,769"
Antelope Expansion 2,AES Distributed Energy,CA,SUN,0,"12,090"
Kayenta Solar Project,"NGI-Kayenta Solar Lessor I, LLC",AZ,SUN,0,"4,366"
Thunder Ranch Wind Project,"Thunder Ranch Wind Project, LLC",OK,WND,0,"71,229"
Red Dirt Wind Project,"Red Dirt Wind Project, LLC",OK,WND,0,"55,403"
Gray Hawk Solar,"Gray Hawk Solar, LLC",AZ,SUN,0,"6,737"
"River Bend Solar, LLC","Adapture Renewables, Inc.",MT,SUN,0,80
"South Mills Solar, LLC","Adapture Renewables, Inc.",MT,SUN,0,205
"Green Meadow Solar, LLC","Adapture Renewables, Inc.",MT,SUN,0,156
Bluff Point Wind Facility,"Bluff Point Wind, LLC",IN,WND,0,"36,836"
Long Ridge Energy Generation,Long Ridge Energy Generation LLC,OH,NG,"2,280,464","359,788"
Hog Creek Wind Project,Hog Creek Wind Project LLC,OH,WND,0,"21,356"
"Great Divide Solar, LLC","Adapture Renewables, Inc.",MT,SUN,0,204
"Black Eagle Solar, LLC","Adapture Renewables, Inc.",MT,SUN,0,151
"Magpie Solar, LLC","Adapture Renewables, Inc.",MT,SUN,0,165
Karankawa Wind LLC,Avangrid Renewables LLC,TX,WND,0,"57,856"
Otter Creek Wind Farm LLC,Avangrid Renewables LLC,IL,WND,0,"45,934"
RE Maplewood,Onward Energy,TX,SUN,0,"30,738"
Mount Signal Solar Farm II,MN8 Energy LLC,CA,SUN,0,"21,480"
Red Pine Wind Project,"EDF Renewable Asset Holdings, Inc.",MN,WND,0,"60,818"
Fallbrook Energy Storage,San Diego Gas & Electric Co,CA,MWH,.,.
Top Gun Energy Storage,San Diego Gas & Electric Co,CA,MWH,"2,257",-398
Midway Solar - TX,Midway Solar,TX,SUN,0,"19,913"
Sweetwater Solar,Sweetwater Solar LLC,WY,SUN,0,"6,202"
Foard City Wind,"Foard City Wind, LLC",TX,WND,0,"84,134"
Essex Solar Center,"Arevon Energy, Inc.",VA,SUN,0,"1,455"
Cottonwood Wind Energy Center,Cottonwood Wind Project,NE,WND,0,"27,320"
Gopher Creek Wind Farm,Fluvanna Wind Energy 2 LLC,TX,WND,0,"44,272"
"Southampton Solar, LLC",Dominion Renewable Energy,VA,SUN,0,0
Beacon BESS 1,Los Angeles Department of Water & Power,CA,MWH,357,-84
RE Gaskell West 2 LLC,RE Gaskell West LLC,CA,SUN,0,"6,054"
Palmer Solar Center,"Arevon Energy, Inc.",VA,SUN,0,456
Martin Solar Center,"Arevon Energy, Inc.",VA,SUN,0,498
Cameron Solar,"Cameron Solar, LLC",SC,SUN,0,"2,661"
Estill Solar,"Estill Solar I, LLC",SC,SUN,0,"1,985"
Hampton Solar 2,"Hampton Solar II, LLC",SC,SUN,0,"2,561"
CED Foster,Consolidated Edison Development Inc.,RI,SUN,0,73
Porter Way Community Solar Garden,"AEP Onsite Partners, LLC",MN,SUN,0,150
"Bullock Solar, LLC",Cypress Creek Renewables,NC,SUN,0,"5,787"
Bladen Solar,Cypress Creek Renewables,NC,SUN,0,"6,972"
Upland Prairie,Interstate Power and Light Co,IA,WND,0,"88,293"
English Farms,Interstate Power and Light Co,IA,WND,0,"45,403"
Voyager Wind II,Terra-Gen Operating Co-Wind,CA,WND,0,"34,481"
Voyager Wind III,Terra-Gen Operating Co-Wind,CA,WND,0,"10,605"
Independence II Solar Farm,MC Power Companies Inc,MO,SUN,0,579
"Heartland Divide Wind Project, LLC","Heartland Divide Wind Project, LLC",IA,WND,0,"33,158"
NC 102 Project LLC,NC 102 Project LLC,NC,SUN,0,"7,818"
Techren Solar I LLC,Techren Solar I LLC,NV,SUN,0,"11,078"
Cyril,"Western Farmers Elec Coop, Inc",OK,SUN,0,404
Hinton,"Western Farmers Elec Coop, Inc",OK,SUN,0,74
Marietta,"Western Farmers Elec Coop, Inc",OK,SUN,0,128
Pine Ridge,"Western Farmers Elec Coop, Inc",OK,SUN,0,125
Tuttle,"Western Farmers Elec Coop, Inc",OK,SUN,0,234
Dundas Solar Holdings LLC CSG,"Altus Power America Management, LLC",MN,SUN,0,316
Waterville CSG Solar Holdings LLC,"Altus Power America Management, LLC",MN,SUN,0,260
Denison Solar Array,"AEP Onsite Partners, LLC",OH,SUN,0,45
Turtle Creek Wind Farm LLC,Turtle Creek Wind Farm LLC,IA,WND,0,"52,613"
Denton Energy Center,City of Denton - (TX),TX,NG,"149,984","17,578"
LA3 West Baton Rouge Solar Facility,Sol Systems,LA,SUN,0,"5,969"
Robins Air Force Base Solar,Georgia Power Co,GA,SUN,0,"16,333"
Blazing Star 2 Wind Farm,Northern States Power Co - Minnesota,MN,WND,0,"69,738"
Alafia Solar,Tampa Electric Co,FL,SUN,0,"5,731"
Balm Solar,Tampa Electric Co,FL,SUN,0,"6,527"
Bonnie Mine Solar,Tampa Electric Co,FL,SUN,0,"2,880"
Grange Hall Solar,Tampa Electric Co,FL,SUN,0,"5,263"
Lake Hancock Solar,Tampa Electric Co,FL,SUN,0,"4,504"
Vista Energy Storage System ,"Vista Energy Storage, LLC",CA,MWH,"1,824",-315
Lithia Solar,Tampa Electric Co,FL,SUN,0,"6,394"
Mountain View Solar (FL),Tampa Electric Co,FL,SUN,0,"5,058"
Payne Creek Solar,Tampa Electric Co,FL,SUN,0,"6,036"
Peace Creek Solar,Tampa Electric Co,FL,SUN,0,"5,120"
Wimauma Solar,Tampa Electric Co,FL,SUN,0,"7,237"
Wimauma Solar and Battery Storage,Tampa Electric Co,FL,SUN,.,.
Sherburne Community Solar,"AEP Onsite Partners, LLC",MN,SUN,0,286
Arkwright Summit Wind Farm LLC,Arkwright Summit Wind Farm LLC,NY,WND,0,"23,520"
Wildcat Ranch Wind Project,"Wildcat Ranch Wind Project, LLC",TX,WND,0,"52,839"
Pinal Central Energy Center Hybrid,"Pinal Central Energy Center, LLC",AZ,MWH,618,-88
Pinal Central Energy Center Hybrid,"Pinal Central Energy Center, LLC",AZ,SUN,0,"1,486"
Buckleberry Solar,John Laing US Solar Corp.,NC,SUN,0,"5,635"
Twiggs Solar,Onward Energy,GA,SUN,0,"24,395"
Lamesa II,"Lamesa Solar II, L.L.C.",TX,SUN,0,"6,818"
Seabrook Solar,Dominion Energy Inc.,SC,SUN,0,"4,809"
Baldwin,Electrodes,CA,MWH,32,-4
Haywood Solar,"Haywood Solar, SMLLC",TN,SUN,0,223
Hilltopper Wind Project,"Hilltopper Wind Project, LLC",IL,WND,0,"54,251"
Woods Hill Solar,"Woods Hill Solar, LLC",CT,SUN,0,715
"Foxtail Wind, LLC","Foxtail Wind, LLC",ND,WND,0,"45,411"
Wistaria Ranch Solar,Consolidated Edison Development Inc.,CA,SUN,0,"16,087"
Meadow Lake Wind Farm VI LLC,Meadow Lake Wind Farm VI LLC,IN,WND,0,"64,393"
Sunshine Gateway Solar Energy Center,Florida Power & Light Co,FL,MWH,"1,561",-253
Sunshine Gateway Solar Energy Center,Florida Power & Light Co,FL,SUN,0,"9,155"
Miami Dade Solar Energy Center,Florida Power & Light Co,FL,SUN,0,"9,446"
Pioneer Trail Solar Energy Center,Florida Power & Light Co,FL,SUN,0,"8,555"
Interstate Solar Energy Center,Florida Power & Light Co,FL,SUN,0,"8,222"
"Palmas Wind, LLC","Acciona Energy USA Global, LLC",TX,WND,0,"30,769"
"Midway Wind, LLC","Midway Wind, LLC",TX,WND,0,"38,903"
North 301 Solar,"North 301 Solar, LLC       ",NC,SUN,0,"1,989"
Live Oak Wind Project,Engie North America,TX,WND,0,"56,737"
Upstream Wind Energy LLC,Invenergy Services LLC,NE,WND,0,"55,196"
Camilla Solar Energy Project,Invenergy Services LLC,GA,SUN,0,"23,391"
Bishop Hill III,Invenergy Services LLC,IL,WND,0,"36,816"
"Diamond Vista Wind Project, LLC","Enel Green Power Diamond Vista Wind Project, LLC",KS,WND,0,"44,775"
"Shaw Creek Solar, LLC",Shaw Creek Solar,SC,SUN,0,"10,026"
"Cascade Energy Storage, LLC",Engie North America,CA,MWH,.,.
Hamilton Solar Power Plant,"Duke Energy Florida, LLC",FL,SUN,0,"9,133"
Titan Solar,"Titan Solar, LLC",CO,SUN,0,"5,868"
"Ranchland Solar, LLC","Ranchland Solar, LLC",NC,SUN,0,"6,932"
"Minco Wind IV, LLC","Minco Wind IV, LLC",OK,WND,0,"27,710"
FECC Solar Benton,"Today's Power, Inc.",AR,SUN,0,55
Eagle Shadow Mountain Solar Farm,325MK 8me LLC,NV,SUN,0,"44,464"
"Stillwater Wind, LLC",Pattern Operators LP,MT,WND,0,"26,628"
AES ES GILBERT,"AES ES GILBERT, LLC",AZ,MWH,0,0
"Rio Bravo Windpower, LLC","Rio Bravo Windpower, LLC",TX,WND,0,"20,762"
Wildhorse Mountain Wind Facility,Southern Power Co,OK,WND,0,"36,120"
"Persimmon Creek Wind Farm 1, LLC","Evergy Kansas Central, Inc",OK,WND,0,"58,628"
Sholes Wind Energy Center,"Sholes Wind Energy Center, LLC",NE,WND,0,"57,839"
NRG Chalk Point CT,NRG Chalk Point CT,MD,DFO,0,-36
NRG Chalk Point CT,NRG Chalk Point CT,MD,NG,0,-4
"Stryker 22, L.L.C.","Stryker 22, L.L.C.",NJ,MWH,"4,019",-533
Plumsted 537 LLC,Plumsted 537 LLC,NJ,MWH,"3,196",-396
Phoebe Solar,"Phoebe Energy Project, LLC",TX,SUN,0,"27,134"
Ivester Wind Farm,MidAmerican Energy Co,IA,WND,0,"24,409"
McGinness Hills 3,Ormat Nevada Inc,NV,GEO,0,"54,310"
Pegasus Wind,"Pegasus Wind, LLC",MI,WND,0,"34,464"
Galloway 1 Solar Farm,225DD 8me LLC,TX,SUN,0,"24,570"
Tahoka Wind,"Tahoka Wind, LLC",TX,WND,0,"87,242"
Casa Mesa Wind Energy Center Hybrid,"Casa Mesa Wind, LLC",NM,MWH,34,-13
Casa Mesa Wind Energy Center Hybrid,"Casa Mesa Wind, LLC",NM,WND,0,"13,010"
"Armadillo Flats Wind Project, LLC","Armadillo Flats Wind Project, LLC",OK,WND,0,"60,417"
Techren Solar II LLC,Techren Solar II LLC,NV,SUN,0,"25,593"
Techren Solar III LLC,Techren Solar III LLC,NV,SUN,0,"3,174"
Techren Solar IV LLC,Techren Solar IV LLC,NV,SUN,0,"2,865"
Adams Nielson Solar,"Strata Manager, LLC",WA,SUN,0,931
"Pratt Wind, LLC","Pratt Wind, LLC",KS,WND,0,"66,395"
"Coolidge Solar 1, LLC","Coolidge Solar I, LLC",VT,SUN,0,226
Holstein 1 Solar Farm,Duke Energy Renewables Services,TX,SUN,0,"19,026"
"Torrecillas Wind Energy, LLC","Torrecillas Wind Energy, LLC",TX,WND,0,"55,806"
"Blue Summit II Wind, LLC","Blue Summit II Wind, LLC",TX,WND,0,"26,867"
Peony Solar,"Peony Solar, LLC",SC,SUN,0,"3,760"
Columbia Solar Power Plant,"Duke Energy Florida, LLC",FL,SUN,0,"8,010"
"Solomon Forks Wind Project, LLC",Engie North America,KS,WND,0,"71,965"
Colonial Trail West,Dominion Energy Inc.,VA,SUN,0,"14,058"
Spring Grove I,Dominion Energy Inc.,VA,SUN,0,"7,407"
Citrus Ridge Solar,"FL Solar 5, LLC",FL,SUN,0,"5,144"
"Pioneer Solar (CO), LLC","Pioneer Solar (CO), LLC",CO,SUN,0,"11,197"
San Pablo Raceway,AES Distributed Energy,CA,SUN,0,"13,469"
Pleinmont Solar 1,AES Distributed Energy,VA,SUN,0,"6,555"
Pleinmont Solar 2,AES Distributed Energy,VA,SUN,0,"20,589"
Highlander Solar Energy Station 1,AES Distributed Energy,VA,SUN,0,"13,755"
Mustang Two,RE Mustang Two LLC,CA,SUN,0,"13,439"
Nautilus Lindstrom Solar (CSG),Nautilus Solar Solutions,MN,SUN,0,117
Nautilus Saint Cloud Solar (CSG),Nautilus Solar Solutions,MN,SUN,0,212
Nautilus Winsted Solar (CSG),Nautilus Solar Solutions,MN,SUN,0,182
Glaciers Edge Wind Project,"EDF Renewable Asset Holdings, Inc.",IA,WND,0,"65,725"
Santa Rita East,Invenergy Services LLC,TX,WND,0,"84,792"
Citizens Imperial Solar,Citizens Enterprises Corporation,CA,SUN,0,"2,954"
Hazlehurst III,"SR Hazlehurst III, LLC",GA,SUN,0,"4,108"
SR Terrell,"SR Terrell, LLC",GA,SUN,0,"10,474"
Whispering Willow North,Interstate Power and Light Co,IA,WND,0,"61,255"
Richland,Interstate Power and Light Co,IA,WND,0,"41,372"
Golden Plains,Interstate Power and Light Co,IA,WND,0,"51,446"
Southwick Solar PV,NSTAR Electric Company,MA,SUN,0,178
Montague Site 36-Grosolar,NSTAR Electric Company,MA,SUN,0,187
Kossuth,Wisconsin Power & Light Co,IA,WND,0,"39,692"
"WED Green Hill, LLC","WED Green Hill, LLC",RI,WND,0,571
"WED Shun I, LLC","WED Shun I, LLC",RI,WND,0,662
Strauss Wind Farm,Strauss Wind LLC,CA,WND,0,"27,061"
AES Alamitos Energy Center,"AES Alamitos Energy, LLC",CA,NG,0,"123,972"
AES Alamitos Energy Center,"AES Alamitos Energy, LLC",CA,NG,"2,347,710","230,649"
AES Huntington Beach Energy Project,"AES Huntington Beach Energy, LLC",CA,NG,0,"124,055"
AES Huntington Beach Energy Project,"AES Huntington Beach Energy, LLC",CA,NG,"2,317,900","226,546"
Arbor Hill Wind Farm,MidAmerican Energy Co,IA,WND,0,"92,207"
North English,MidAmerican Energy Co,IA,WND,0,"110,393"
Rambler,Duke Energy Renewables Services,TX,SUN,0,"22,667"
Amadeus Wind Farm,Amadeus Wind LLC,TX,WND,0,"59,510"
Meridian III,"SR Meridian III, LLC",MS,SUN,0,"6,884"
Meridian II,"SR Meridian II, LLC",MS,SUN,0,418
Snipesville,"SR Snipesville, LLC",GA,SUN,0,"10,755"
SR Jonesborough,"SR Jonesborough II, LLC",TN,SUN,0,254
Diablo Energy Storage,"Diablo Energy Storage, LLC",CA,MWH,"16,471","-2,208"
"Desert Harvest, LLC","Desert Harvest, LLC",CA,SUN,0,"10,291"
"Maverick Solar, LLC","Maverick Solar, LLC",CA,SUN,0,"18,437"
Blue Water Energy Center,DTE Electric Company,MI,NG,.,.
Blue Water Energy Center,DTE Electric Company,MI,NG,.,.
Hillcrest Solar,"Hillcrest Solar I, LLC",OH,SUN,0,"10,627"
Hibiscus Solar Energy Center,Florida Power & Light Co,FL,SUN,0,"8,599"
Reloj del Sol Wind Farm,Reloj del Sol Wind Farm LLC,TX,WND,0,"17,751"
"East Fork Wind Project, LLC",Engie North America,KS,WND,0,"54,794"
"Seymour Hills Wind Project, LLC",Engie North America,TX,WND,0,"10,548"
Prevailing Wind Park,AES Distributed Energy,SD,WND,0,"62,878"
Arrow Canyon Solar Hybrid,Arrow Canyon Solar LLC,NV,MWH,"6,997",-723
Arrow Canyon Solar Hybrid,Arrow Canyon Solar LLC,NV,SUN,0,"29,803"
Misae Solar,Misae Lessee LLC,TX,SUN,0,"22,766"
Mesteno,Duke Energy Renewables Services,TX,WND,0,"35,565"
Ranchero Wind Farm LLC,Ranchero Wind Farm LLC,TX,WND,0,"81,057"
"Stoneray Power Partners, LLC","EDF Renewable Asset Holdings, Inc.",MN,WND,0,"22,780"
"Valentine Solar, LLC","EDF Renewable Asset Holdings, Inc.",CA,SUN,0,"15,303"
Polaris Wind Park,DTE Electric Company,MI,WND,0,"43,527"
"Palmer's Creek Wind Farm, LLC","Palmer's Creek Wind Farm, LLC",MN,WND,0,"10,482"
Richmond NMCA,AES Distributed Energy,RI,SUN,0,214
Founders Homestead Farms Solar,AES Distributed Energy,RI,SUN,0,207
Macy's MD Joppa Solar Project,"Northstar Macy's Maryland 2015, LLC",MD,SUN,0,0
"Aulander Holloman Solar, LLC","Aulander Holloman Solar, LLC",NC,SUN,0,"10,390"
Lockett Windfarm,"Lockett Windfarm, LLC",TX,WND,0,"50,832"
Nobles 2 Wind Project,"Nobles 2 Power Partners, LLC",MN,WND,0,"76,757"
SR Arlington II,"SR Arlington II MT, LLC",GA,SUN,0,"13,328"
I25 Battery Storage,"United Power, Inc",CO,MWH,19,-19
"Dougherty County Solar, LLC","Dougherty County Solar, LLC",GA,SUN,0,"17,602"
Grazing Yak Solar,"Grazing Yak Solar, LLC",CO,SUN,0,"4,357"
Moody Air Force Base Solar,Georgia Power Co,GA,SUN,0,"5,970"
"Emmons-Logan Wind, LLC","Emmons-Logan Wind, LLC",ND,WND,0,"59,140"
GMP Solar/Storage-Milton Hybrid,Green Mountain Power Corp,VT,MWH,34,60
GMP Solar/Storage-Milton Hybrid,Green Mountain Power Corp,VT,SUN,0,116
GMP Solar/Storage-Ferrisburgh Hybrid,Green Mountain Power Corp,VT,MWH,32,69
GMP Solar/Storage-Ferrisburgh Hybrid,Green Mountain Power Corp,VT,SUN,0,105
GMP Solar/Storage-Essex Hybrid,Green Mountain Power Corp,VT,MWH,31,58
GMP Solar/Storage-Essex Hybrid,Green Mountain Power Corp,VT,SUN,0,97
Sweetbay Solar Center,Florida Power & Light Co,FL,SUN,0,"7,525"
Sage Solar I-III,CI III VK I TE Partnership LLC,UT,SUN,0,"5,183"
Griffin Trail Wind,"Griffin Trail Wind, LLC",TX,WND,0,"51,546"
West of the Pecos Solar,"RWE Renewables Americas, LLC",TX,SUN,0,"15,861"
Cranell Wind Farm LLC,"RWE Renewables Americas, LLC",TX,WND,0,"56,223"
Peyton Creek Wind Farm LLC,"RWE Renewables Americas, LLC",TX,WND,0,"47,708"
Prairie State Solar Project,"Prairie State Solar, LLC",IL,SUN,0,"9,004"
Assembly Solar Project,"Assembly Solar I, LLC",MI,SUN,0,"2,383"
Willow Creek Wind Power LLC,Willow Creek Wind Power LLC,SD,WND,0,"22,088"
Techren Solar V,Techren Solar V LLC,NV,SUN,0,"5,652"
Meyersdale Battery,GlidePath Power Operations LLC,PA,MWH,412,-316
Busch Ranch II Wind Farm,Black Hills Electric Generation LLC,CO,WND,0,"13,163"
Lapetus,Duke Energy Renewables Services,TX,SUN,0,"9,665"
Muscle Shoals,"Muscle Shoals Solar, LLC",AL,SUN,0,"17,542"
Little Bear 4,"Little Bear Solar 4, LLC (Longroad)",CA,SUN,0,"4,237"
Little Bear 5,"Little Bear Solar 5, LLC (Longroad)",CA,SUN,0,"4,692"
Cove Mountain Solar,Cove Mountain Solar LLC,UT,SUN,0,"6,932"
Cove Mountain Solar 2,Cove Mountain Solar 2 LLC,UT,SUN,0,"13,745"
Kings Point Wind Energy Center,Empire District Electric Co,MO,WND,0,"39,244"
North Fork Ridge Wind Energy Center,Empire District Electric Co,MO,WND,0,"34,739"
Neosho Ridge Wind Energy Center,Empire District Electric Co,KS,WND,0,"87,294"
Beech Ridge II Wind Energy Center,Southern Power Co,WV,WND,0,"11,102"
Taygete Energy Project LLC,Taygete Energy Project LLC,TX,SUN,0,"31,431"
Prairie Queen Wind Farm,Prairie Queen Wind Farm LLC,KS,WND,0,"41,178"
Crossing Trails Wind Power Project LLC.,EDP Renewables North America LLC,CO,WND,0,"31,697"
Echo River Solar,Florida Power & Light Co,FL,MWH,"1,662",-288
Echo River Solar,Florida Power & Light Co,FL,SUN,0,"8,884"
Okeechobee Solar,Florida Power & Light Co,FL,SUN,0,"10,948"
Southfork Solar,Florida Power & Light Co,FL,SUN,0,"8,255"
Skeleton Creek Energy Center Hybrid,Skeleton Creek Energy Center,OK,WND,0,"66,396"
Palmer Solar,Duke Energy Renewables Services,CO,SUN,0,"7,778"
G.S.E. One LLC,GSEone,TX,SUN,0,"7,502"
TB Flats,PacifiCorp,WY,WND,0,"131,988"
Lake Placid Solar Power Plant,"Duke Energy Florida, LLC",FL,MWH,33,-7
Lake Placid Solar Power Plant,"Duke Energy Florida, LLC",FL,SUN,0,"3,527"
Debary Solar Power Plant,"Duke Energy Florida, LLC",FL,SUN,0,"7,628"
Trenton Solar Power Plant,"Duke Energy Florida, LLC",FL,SUN,0,"4,593"
Wilkinson Solar LLC,Dominion Renewable Energy,NC,SUN,0,"7,070"
Aquamarine,Aquamarine Westside LLC,CA,SUN,0,"13,477"
Airport Solar,Airport Solar LLC,OR,SUN,0,"3,075"
"Roadrunner, LLC Hybrid","Roadrunner Solar, LLC",TX,MWH,"1,489",-364
"Roadrunner, LLC Hybrid","Roadrunner Solar, LLC",TX,SUN,0,"62,531"
"High Lonesome Wind Power, LLC Hybrid","High Lonesome Wind Power, LLC",TX,MWH,"1,376",-309
"High Lonesome Wind Power, LLC Hybrid","High Lonesome Wind Power, LLC",TX,WND,0,"88,193"
High Prairie Wind Farm,Union Electric Co - (MO),MO,WND,0,"107,647"
Elkhorn Battery Energy Storage System,Pacific Gas & Electric Co.,CA,MWH,"12,237","-1,899"
"Hill Top Energy Center, LLC","Hill Top Energy Center, LLC",PA,NG,"2,860,394","447,757"
Blue Summit III Wind,"Blue Summit III Wind, LLC",TX,WND,0,"51,411"
Quitman Solar,"Quitman Solar, LLC",GA,SUN,0,"20,271"
Mesquite Star,Mesquite Star LLC,TX,WND,0,"88,832"
Mesquite Star,Mesquite Star Special LLC,TX,WND,.,.
Ekola Flats,PacifiCorp,WY,WND,0,"69,331"
Headwaters Wind Farm II LLC,EDP Renewables North America LLC,IN,WND,0,"59,355"
Outer Cape Community Battery,Eversource,MA,MWH,3,-2
Whitney Hill Wind Power LLC,Whitney Hill Wind Power LLC,IL,WND,0,"14,367"
Commerce ESS,City of San Antonio - (TX),TX,MWH,196,-64
Searcy Solar Hybrid,"Searcy Solar, LLC",AR,MWH,0,0
Searcy Solar Hybrid,"Searcy Solar, LLC",AR,SUN,0,"9,644"
Hidalgo Wind Farm II,Hidalgo Wind Farm II LLC,TX,WND,0,"11,602"
Sage Draw Wind,"Sage Draw Wind, LLC",TX,WND,0,"86,680"
"White Cloud Wind Project, LLC","White Cloud Wind Project, LLC",MO,WND,0,"66,866"
Jumbo Hill Wind Project,Engie North America,TX,WND,0,"45,198"
Blue Heron Solar,Florida Power & Light Co,FL,SUN,0,"8,987"
Cattle Ranch,Florida Power & Light Co,FL,SUN,0,"6,673"
Twin Lakes,Florida Power & Light Co,FL,SUN,0,"7,806"
Babcock Preserve,Florida Power & Light Co,FL,SUN,0,"8,922"
Minuteman Energy Storage,"Minuteman Energy Storage, LLC",MA,MWH,84,-15
Northern Preserve Solar,Florida Power & Light Co,FL,SUN,0,"8,092"
Hunter Solar LLC (UT),Hunter Solar LLC,UT,SUN,0,"12,614"
DWW Solar ll,DWW Solar ll LLC,CT,SUN,0,"1,245"
Sigurd Solar LLC,Sigurd Solar LLC,UT,SUN,0,"8,879"
Maiden Creek Solar Power Plant,"Duke Energy Carolinas, LLC",NC,SUN,0,"7,928"
Gaston Solar Power Plant,"Duke Energy Carolinas, LLC",NC,SUN,0,"2,920"
Hecate Energy Highland LLC,Hecate Energy Highland LLC,OH,SUN,.,.
Skipjack Solar Center,AES Distributed Energy,VA,SUN,0,"16,381"
Crooked Run,"Cubico USA, LLC",NC,SUN,0,"9,608"
Palmetto Plains,"Cubico USA, LLC",SC,SUN,0,"5,572"
Noland Wastewater Treatment Plant Hybrid,"Today's Power, Inc.",AR,MWH,22,-22
Noland Wastewater Treatment Plant Hybrid,"Today's Power, Inc.",AR,SUN,0,278
Westside Wastewater Treatment Plant Hybr,"Today's Power, Inc.",AR,MWH,23,-23
Westside Wastewater Treatment Plant Hybr,"Today's Power, Inc.",AR,SUN,0,307
Plum Creek Wind Project (NE),"Plum Creek Wind, LLC",NE,WND,0,"64,846"
Wildcat Creek Wind Farm LLC,Wildcat Creek Wind Farm LLC,TX,WND,0,"45,396"
Desper Solar,Dominion Renewable Energy,VA,SUN,0,"3,581"
Phoenix Solar South Farms LLC Solar Farm,Phoenix Solar South Farms LLC,IL,SUN,0,197
Wheatridge Hybrid,"Wheatridge Wind Holdings, LLC",OR,MWH,"1,309",-23
Wheatridge Hybrid,"Wheatridge Wind Holdings, LLC",OR,SUN,0,"2,758"
Wheatridge Hybrid,"Wheatridge Wind Holdings, LLC",OR,WND,0,"49,353"
Little Manatee River Solar,Tampa Electric Co,FL,SUN,0,"6,828"
Prospect Storage,GlidePath Power Operations LLC,TX,MWH,37,-26
Prospero Solar,"Prospero Energy Project, LLC (Longroad)",TX,SUN,0,"43,034"
Meherrin Solar,Dominion Renewable Energy,VA,SUN,0,"4,776"
El Campo Wind,"El Campo Wind, LLC (Longroad)",TX,WND,0,"54,157"
Piney Creek Solar,Dominion Energy Inc.,VA,SUN,0,"7,641"
Dry Bridge Solar (Brown University),MN8 Energy LLC,RI,SUN,0,"1,172"
Coniglio Solar,BT Coniglio Solar LLC,TX,SUN,0,"11,521"
"BT Cooke Solar, LLC","Adapture Renewables, Inc.",TX,SUN,0,"6,654"
Kellam Solar,"Kellam Solar, LLC",TX,SUN,0,"5,344"
Blackjack Creek Wind Farm,"RWE Renewables Americas, LLC",TX,WND,0,"56,532"
Ida Grove II,MidAmerican Energy Co,IA,WND,0,"54,221"
Fern Solar LLC,BayWa r.e. Solar Projects LLC,NC,SUN,0,"10,833"
Greasewood Solar,Concho Bluff LLC,TX,SUN,0,"12,756"
BMP Wind (TX),BMP Wind LLC,TX,WND,0,"45,662"
Milford Solar 1,"Milford Solar 1, LLC",UT,SUN,0,"11,027"
Grasshopper Solar,Dominion Energy Inc.,VA,SUN,0,"6,116"
Sadler Solar,Dominion Energy Inc.,VA,SUN,0,"9,229"
Fairbanks Wind Park,DTE Electric Company,MI,WND,0,"16,792"
"Broad River Solar, LLC",Duke Energy Renewables Services,NC,SUN,0,"4,573"
TWE Bowman Solar Project,"TWE Bowman Solar Project, LLC",SC,SUN,0,"5,870"
Maryneal Windpower,Duke Energy Renewables Services,TX,WND,0,"49,939"
Frontier Windpower II,Duke Energy Renewables Services,OK,WND,0,"42,140"
"Mountain Breeze Wind, LLC","Leeward Asset Management, LLC",CO,WND,0,"37,043"
ENGIE Long Draw Solar LLC,Engie North America,TX,SUN,0,"31,380"
Maverick Creek Wind,Algonquin Power Co,TX,WND,0,"112,070"
West Raymond Wind Farm LLC,"RWE Renewables Americas, LLC",TX,WND,0,"63,302"
Marengo Battery Storage LLC,Marengo Battery Storage LLC,IL,MWH,88,-88
Boiling Springs Wind Farm,"RWE Renewables Americas, LLC",OK,WND,0,"40,756"
Rosewater Wind Farm,Rosewater Wind Farm LLC,IN,WND,0,"29,809"
Prairie Wolf Solar LLC,National Grid Renewables,IL,SUN,0,"11,286"
East Line Solar,AES Distributed Energy,AZ,SUN,0,"8,429"
Anoka BESS,"Gopher Energy Storage, LLC",MN,MWH,65,-57
"Raymond Wind Farm, LLC","RWE Renewables Americas, LLC",TX,WND,0,"52,633"
Nassau Solar Center,Florida Power & Light Co,FL,SUN,0,"7,510"
Magnolia Springs Solar Center,Florida Power & Light Co,FL,SUN,0,"8,441"
Trailside Solar Center,Florida Power & Light Co,FL,SUN,0,"7,941"
Rodeo Solar Center,Florida Power & Light Co,FL,SUN,0,"7,076"
Orange Blossom Solar Center,Florida Power & Light Co,FL,SUN,0,"9,098"
Palm Bay Solar,Florida Power & Light Co,FL,SUN,0,"8,736"
Lakeside Solar Center,Florida Power & Light Co,FL,SUN,0,"8,366"
Union Springs Solar Center,Florida Power & Light Co,FL,SUN,0,"8,444"
Pelican Solar Center,Florida Power & Light Co,FL,SUN,0,"9,024"
Egret Solar Center,Florida Power & Light Co,FL,SUN,0,"7,758"
"Jackson Generation, LLC","Jackson Generation, LLC",IL,NG,"4,571,699","760,350"
Oberon IB,Oberon Solar IB,TX,SUN,0,"3,435"
Oberon IA,Oberon Solar IA,TX,SUN,0,"18,231"
Rattlesnake Flat,"Rattlesnake Flat, LLC",WA,WND,0,"25,049"
Athens BESS,"Gopher Energy Storage, LLC",MN,MWH,61,-54
Glen Ullin Energy Center,ALLETE Clean Energy,ND,WND,0,"28,248"
South Peak Wind,ALLETE Clean Energy,MT,WND,0,"25,188"
Deuel Harvest Wind Energy LLC,Southern Power Co,SD,WND,0,"87,442"
Timber Road IV,Paulding Wind Farm IV LLC,OH,WND,0,"29,772"
Fighting Jays Solar Project,"AP Solar 2, LLC",TX,SUN,0,"23,358"
Dickinson Solar,"Dickinson Solar, LLC",PA,SUN,0,98
Guernsey Power Station,Guernsey Power Station LLC,OH,NG,"5,456,529","845,890"
Bluestone Solar,"Bluestone Farm Solar, LLC",VA,SUN,0,"3,208"
Hawtree Solar,"Hawtree Creek Farm Solar, LLC",NC,SUN,0,"4,561"
Cheyenne Ridge Wind Farm,Public Service Co of Colorado,CO,WND,0,"140,973"
Badger Hollow I,Wisconsin Public Service Corp,WI,SUN,0,"6,432"
Thunderhead Wind Energy LLC,Invenergy Services LLC,NE,WND,0,"90,425"
Whitehorn Solar,"Whitehorn Solar, LLC",VA,SUN,0,"3,808"
El Sol BESS,Invenergy Services LLC,AZ,MWH,.,.
Johnson Corner Solar 1,"Lightsource Renewable Energy Asset Management, LLC",KS,SUN,0,"2,291"
Midland Wind,Avangrid Renewables LLC,IL,WND,0,"32,357"
Clear Creek Wind,"Clear Creek Wind, LLC",MO,WND,0,"55,726"
Hardin Solar Energy LLC,Dominion Renewable Energy,OH,SUN,.,.
Hardin Solar Energy LLC,Invenergy Services LLC,OH,SUN,0,"6,940"
"Canadian Breaks, LLC",Canadian Breaks LLC,TX,WND,0,"67,922"
Prineville Solar Energy LLC,Invenergy Services LLC,OR,SUN,0,"2,625"
Millican Solar Energy LLC,Invenergy Services LLC,OR,SUN,0,"3,978"
Palo Alto Wind Farm,MidAmerican Energy Co,IA,WND,0,"111,876"
Clover Creek Solar Community Solar,AES Distributed Energy,UT,SUN,0,"7,518"
Asheville-Rock Hill Battery,Duke Energy Progress - (NC),NC,MWH,51,-16
Gutenberg Solar,Dominion Energy Inc.,NC,SUN,0,"7,840"
Harry Allen Solar Energy LLC,Invenergy Services LLC,NV,SUN,0,"13,623"
Caden Energix Hickory LLC,Caden Energix Hickory LLC,VA,SUN,0,"2,687"
Prairie Hill Wind Project,Engie North America,TX,WND,0,"20,027"
Las Lomas Wind Project,Engie North America,TX,WND,0,"36,010"
Dakota Range III Wind Project,Engie North America,SD,WND,0,"44,683"
Triple H Wind Project,Engie North America,SD,WND,0,"62,039"
King Plains Wind Project,Engie North America,OK,WND,0,"47,199"
Two Creeks Solar,Wisconsin Public Service Corp,WI,SUN,0,"4,846"
Discovery Solar Center,Florida Power & Light Co,FL,SUN,0,"8,670"
Sabal Palm Solar Center,Florida Power & Light Co,FL,SUN,0,"9,611"
Mohave County Wind Farm,Mohave County Wind Farm,AZ,WND,0,"63,199"
Drew Solar LLC,Drew Solar LLC,CA,SUN,0,"16,789"
Iris Solar LLC,Iris Solar LLC,LA,SUN,0,"5,930"
Weaver Wind,"Weaver Wind, LLC (Longroad)",ME,WND,0,"21,215"
Roundhouse Wind Energy Project,"Roundhouse Renewable Energy, LLC",WY,WND,0,"74,148"
Arroyo Solar Energy Storage Hybrid,Arroyo Solar LLC,NM,MWH,"18,219","-1,439"
Arroyo Solar Energy Storage Hybrid,Arroyo Solar LLC,NM,SUN,0,"38,512"
"FL Solar 4, LLC",Onward Energy,FL,SUN,0,"4,935"
Delilah Solar Energy LLC,Invenergy Services LLC,TX,SUN,0,0
Skookumchuck Wind Facility,Southern Power Co,WA,WND,0,"49,662"
Aviator Wind,"Aviator Wind, LLC",TX,WND,0,"135,573"
Samson Solar Energy,Invenergy Services LLC,TX,SUN,0,"17,962"
Impact Solar 1,"Lightsource Renewable Energy Asset Management, LLC",TX,SUN,0,"20,706"
Brightside,Luminant Generation Company LLC,TX,SUN,0,"5,436"
Emerald Grove,Luminant Generation Company LLC,TX,SUN,0,"18,615"
"Lone Tree Wind, LLC","Leeward Asset Management, LLC",IL,WND,0,"24,832"
2W Permian Solar Project Hybrid,"2W Permian Solar, LLC",TX,MWH,342,-223
2W Permian Solar Project Hybrid,"2W Permian Solar, LLC",TX,SUN,0,"52,672"
Aurora Wind Project,"Aurora Wind Project, LLC",ND,WND,0,"74,752"
Delta Energy Park,Lansing Board of Water and Light,MI,NG,0,0
Delta Energy Park,Lansing Board of Water and Light,MI,NG,"542,882","55,355"
Delta Energy Park,Lansing Board of Water and Light,MI,NG,"6,373",650
Crowned Ridge Wind II Energy Center,Northern States Power Co - Minnesota,SD,WND,0,"62,291"
Huntley,"Cubico USA, LLC",SC,SUN,0,"7,004"
Wagyu,"Cubico USA, LLC",TX,SUN,0,"12,072"
Cerro Gordo Wind Farm,Cerro Gordo Wind Farm,IA,WND,0,"12,857"
Chicot Solar,"Chicot Solar, LLC",AR,SUN,0,"11,609"
Athos Solar Project,"SE Athos I, LLC",CA,SUN,0,"30,466"
Titan Solar Project,"SE Titan, LLC",TX,SUN,0,"35,873"
"Diamond Spring, LLC",ALLETE Clean Energy,OK,WND,0,"20,941"
Juno Solar Project,"SE Juno, LLC",TX,SUN,0,"45,492"
Aragorn Solar Project,"SE Aragorn, LLC",TX,SUN,0,"21,330"
HO Clarke Generating,ProEnergy Services,TX,NG,"218,674","22,659"
Galloway 2 Solar Farm,224WB 8me LLC,TX,SUN,0,"12,234"
OE_AZ1,Onward Energy,AZ,SUN,0,"4,127"
OE_GA3,Onward Energy,GA,SUN,0,"6,727"
Bluebell Solar II,"Bluebell Solar II, LLC",TX,SUN,0,"14,917"
Gemini Solar Hybrid,Gemini Solar,NV,MWH,.,.
Gemini Solar Hybrid,Gemini Solar,NV,SUN,.,.
Soda Lake 3,"AMOR IX, LLC",NV,GEO,0,0
Soda Lake 3,"AMOR IX, LLC",NV,GEO,0,"11,742"
Wapello Solar LLC,Wapello Solar LLC,IA,SUN,0,"8,098"
Bennington Wind,Minonk Stewardship Wind LLC,IL,WND,0,"26,179"
"Rancho Seco Solar II, LLC","Rancho Seco Solar II, LLC",CA,SUN,0,"5,720"
"Jordan Creek Wind Farm, LLC","Jordan Creek Wind Farm, LLC",IN,WND,0,"115,877"
Shelby Solar Array,"AEP Onsite Partners, LLC",OH,SUN,0,72
Corriedale Wind Energy,Black Hills Service Company LLC,WY,WND,0,"18,672"
Sun Streams 2,"Sun Streams 2, LLC",AZ,SUN,0,"18,997"
Montague Solar,Avangrid Renewables LLC,OR,SUN,0,"5,289"
Saint Solar,Saint Solar LLC,AZ,SUN,0,"13,603"
"Traverse Wind Project, LLC",Southwestern Electric Power Co,OK,WND,0,"241,615"
Point Wind,Terra-Gen Operating Co-Wind,CA,WND,0,"19,646"
"Sundance Wind Project, LLC",Public Service Co of Oklahoma,OK,WND,0,"49,787"
North Valley,North Valley,NV,GEO,0,"21,602"
North Valley,North Valley,NV,SUN,.,.
"Maverick Wind Project, LLC",Public Service Co of Oklahoma,OK,WND,0,"67,137"
Durrance,Tampa Electric Co,FL,SUN,0,"5,706"
Oso Grande Wind Farm,Tucson Electric Power Co,NM,WND,0,"51,607"
"Copper Mountain Solar 5, LLC",Consolidated Edison Development Inc.,NV,SUN,0,"29,941"
Lund Hill Solar,Avangrid Renewables LLC,WA,SUN,0,"8,611"
Santa Fe Solar Power Plant,"Duke Energy Florida, LLC",FL,SUN,0,"6,541"
Twin Rivers Solar Power Plant,"Duke Energy Florida, LLC",FL,SUN,0,"7,835"
CED Crane Solar,"CED Crane Solar, LLC",TX,SUN,0,"26,111"
Hickory Park Solar Hybrid,"RWE Renewables Americas, LLC",GA,MWH,268,"1,297"
Hickory Park Solar Hybrid,"RWE Renewables Americas, LLC",GA,SUN,0,"28,118"
Assembly Solar II LLC,Assembly Solar II LLC,MI,SUN,0,"5,610"
Chevron - Lost Hills Hybrid,MN8 Energy LLC,CA,SUN,0,"1,765"
Lily Solar,X-Elio North America Inc,SC,SUN,0,"9,384"
Water Strider Solar,Consolidated Edison Development Inc.,VA,SUN,0,"8,638"
Atchison County Wind,Union Electric Co - (MO),MO,WND,0,"39,009"
Sagamore Wind,Southwestern Public Service Co,NM,WND,0,"168,109"
Britton Solar Energy Center,Exus New Mexico,NM,SUN,.,.
Britton Solar Energy Center,"NMRD Data Center, LLC",NM,SUN,0,"7,720"
Harmony Solar,Harmony Florida Solar LLC,FL,SUN,0,"9,042"
Taylor Creek Solar,Taylor Creek Solar LLC,FL,SUN,0,"9,313"
Ponderosa Wind Energy Center,"Ponderosa Wind, LLC",OK,WND,0,"67,912"
Isabella Wind Park,DTE Electric Company,MI,WND,0,"78,815"
"La Chalupa, LLC","Acciona Energy USA Global, LLC",TX,WND,0,"44,614"
Contrail Wind Farm,MidAmerican Energy Co,IA,WND,0,"26,229"
Southern Hills Wind Farm,MidAmerican Energy Co,IA,WND,0,"54,214"
Diamond Trail Wind Farm,MidAmerican Energy Co,IA,WND,0,"68,691"
Coyote Wind LLC,"EDF Renewable Asset Holdings, Inc.",TX,WND,0,"49,581"
"Bitter Ridge Wind Farm, LLC","Bitter Ridge Wind Farm, LLC",IN,WND,0,"43,174"
Sanford Solar,"Sanford Airport Solar, LLC",ME,SUN,0,"2,753"
"University Solar, LLC",AES Distributed Energy,RI,SUN,0,618
Luna Storage,AES Distributed Energy,CA,MWH,"14,906","-2,078"
Crescent Wind Park,Consumers Energy Co - (MI),MI,WND,0,"35,657"
Gratiot Farms Wind Project,Consumers Energy Co - (MI),MI,WND,0,"33,686"
Topaz Generating,ProEnergy Services,TX,NG,"569,541","58,431"
Golden Hill Wind,Avangrid Renewables LLC,OR,WND,0,"36,240"
Elora Solar,Elora Solar,TN,SUN,0,"14,403"
Cool Springs Solar (Hybrid),"Cool Springs Solar, LLC",GA,MWH,"1,992",31
Cool Springs Solar (Hybrid),"Cool Springs Solar, LLC",GA,SUN,0,"31,706"
Slate Hybrid,MN8 Energy LLC,CA,MWH,"12,612","-1,939"
Slate Hybrid,MN8 Energy LLC,CA,SUN,0,"27,661"
Taos Mesa Energy Facility Hybrid,"Taos Mesa Energy Facility, LLC",NM,MWH,718,-117
Taos Mesa Energy Facility Hybrid,"Taos Mesa Energy Facility, LLC",NM,SUN,0,"2,038"
Neptune Energy Center Hybrid,"Neptune Energy Center, LLC",CO,MWH,"12,271","-1,734"
Neptune Energy Center Hybrid,"Neptune Energy Center, LLC",CO,SUN,0,"35,725"
Chisholm Grid Energy Storage System,"Chisholm Grid, LLC",TX,MWH,"4,728",-483
Helena Wind,"Helena Wind, LLC",TX,WND,0,"74,144"
Las Majadas Wind Farm,"Las Majadas Wind Farm, LLC",TX,WND,0,"74,706"
"Greensville County Solar Project, LLC",Dominion Energy Inc.,VA,SUN,0,"4,616"
Gulf Power Blue Indigo Energy,Florida Power & Light Co,FL,SUN,.,.
Gulf Power Blue Indigo Energy,Florida Power & Light Co,FL,SUN,0,"8,755"
Madero Grid,"Madero Grid, LLC",TX,MWH,"6,931",-597
Elm Branch Solar 1,"Lightsource Renewable Energy Asset Management, LLC",TX,SUN,0,"13,949"
Black Bear Solar 1,"Lightsource Renewable Energy Asset Management, LLC",AL,SUN,0,"11,817"
Happy Solar 1,"Lightsource Renewable Energy Asset Management, LLC",AR,SUN,0,"8,641"
Briar Creek Solar 1,"Lightsource Renewable Energy Asset Management, LLC",TX,SUN,0,"13,200"
Bighorn Solar 1,"Lightsource Renewable Energy Asset Management, LLC",CO,SUN,0,"32,507"
Thunder Wolf Energy Center Hybrid,"Thunder Wolf Energy Center, LLC",CO,MWH,"9,671","-1,387"
Thunder Wolf Energy Center Hybrid,"Thunder Wolf Energy Center, LLC",CO,SUN,0,"30,031"
Ellis Solar LLC,174 Power Global Corp.,TX,SUN,0,"7,102"
"Bronco Plains Wind, LLC","Bronco Plains Wind, LLC",CO,WND,0,"80,312"
"Sugar Solar, LLC","Sugar Solar, LLC",NC,SUN,0,"4,965"
"Allora Solar, LLC","Allora Solar, LLC",SC,SUN,0,"9,510"
"Centerfield Cooper Solar, LLC","Centerfield Cooper Solar, LLC",SC,SUN,0,"7,785"
"Lick Creek Solar, LLC","Lick Creek Solar, LLC",NC,SUN,0,"5,757"
"Highest Power Solar, LLC","Highest Power Solar, LLC",NC,SUN,0,"5,259"
"Gunsight Solar, LLC","Gunsight Solar, LLC",SC,SUN,0,"10,651"
Partin Solar,"Partin Solar, LLC",NC,SUN,0,"1,681"
Gateway Energy Storage System,"Gateway Energy Storage, LLC",CA,MWH,"19,133","-2,859"
High Point Solar LLC,"Acciona Energy USA Global, LLC",IL,SUN,0,"4,813"
Midlands,"Cubico USA, LLC",SC,SUN,0,"6,701"
Sparta Solar,"Sparta Solar, LLC",TX,SUN,.,.
"Trent River Solar, LLC","Trent River Solar, LLC",NC,SUN,0,"7,434"
Solar Blue,"Westlands Solar Blue (OZ) Owner, LLC",CA,MWH,0,0
Solar Blue,"Westlands Solar Blue (OZ) Owner, LLC",CA,SUN,0,"26,482"
Chestnut,"Chestnut Westside, LLC",CA,MWH,0,0
Chestnut,"Chestnut Westside, LLC",CA,SUN,0,"16,075"
"Golden Field Solar III, LLC","Golden Field Solar III, LLC",CA,MWH,.,.
"Golden Field Solar III, LLC","Golden Fields Solar III, LLC",CA,MWH,.,.
"Golden Field Solar III, LLC","Golden Field Solar III, LLC",CA,SUN,0,"25,897"
"Golden Field Solar III, LLC","Golden Fields Solar III, LLC",CA,SUN,.,.
Encino Solar Energy Center,Exus New Mexico,NM,SUN,.,.
Encino Solar Energy Center,"NMRD Data Center, LLC",NM,SUN,0,"7,445"
"Willowbrook Solar I, LLC","RWE Renewables Americas, LLC",OH,SUN,.,.
Samson Solar Energy III LLC,Invenergy Services LLC,TX,SUN,0,"19,330"
Saticoy,"Ventura Energy Storage, LLC",CA,MWH,"11,522","-1,821"
Lily Solar Hybrid,"Lily Solar, LLC",TX,MWH,895,-208
Lily Solar Hybrid,"Lily Solar, LLC",TX,SUN,0,"17,038"
AES Waikoloa Solar Hybrid,AES Distributed Energy,HI,MWH,"2,665",17
AES Waikoloa Solar Hybrid,AES Distributed Energy,HI,SUN,0,"3,423"
Azure Sky Solar,"Azure Sky Solar Project, LLC",TX,MWH,"1,279",-489
Azure Sky Solar,"Azure Sky Solar Project, LLC",TX,SUN,0,"24,103"
"Turquoise Nevada, LLC",Greenbacker Renewable Energy Corporation,NV,SUN,0,"4,726"
Otter Creek Solar,Dominion Energy Inc.,VA,SUN,0,0
Bluegrass Solar,"Bluegrass Solar, LLC",MD,SUN,0,"5,675"
Bluegrass Solar,MN8 Energy LLC,MD,SUN,.,.
Dodge Flat,"Dodge Flat Solar, LLC",NV,MWH,"5,791",-582
Dodge Flat,"Dodge Flat Solar, LLC",NV,SUN,0,"21,376"
Cedar Springs I,"Cedar Springs Wind, LLC",WY,WND,0,"73,821"
Cedar Springs II,PacifiCorp,WY,WND,0,"48,580"
Cedar Springs III,"Cedar Springs Wind III, LLC",WY,WND,0,"47,981"
Troy Solar,Southern Indiana Gas & Elec Co,IN,SUN,0,"2,100"
Cal Flats BESS,"Arevon Energy, Inc.",CA,MWH,"5,594","-1,091"
CPV Three Rivers Energy Center,"CPV Three Rivers, LLC",IL,NG,"2,352,826","440,131"
Titan Solar 1 (CA),"Titan Solar 1, LLC",CA,SUN,0,"8,553"
Dry Lake Solar Energy Center,Nevada Power Co,NV,MWH,.,.
Dry Lake Solar Energy Center,Nevada Power Co,NV,SUN,.,.
Central 40,"Central 40, LLC",CA,SUN,0,"1,823"
Coso Battery Storage,Arevon Asset Management,CA,MWH,"7,356","-1,086"
Bay Tree,Cypress Creek Renewables,NC,SUN,0,"8,654"
Duette Solar Power Plant,"Duke Energy Florida, LLC",FL,SUN,0,"7,657"
Red Cloud Wind LLC,Pattern Operators LP,NM,WND,0,"118,238"
Charlie Creek Solar Power Plant,"Duke Energy Florida, LLC",FL,SUN,0,"7,245"
"Rocket Solar, LLC","Rocket Solar, LLC",UT,SUN,.,.
"Horseshoe Solar, LLC","Horseshoe Solar, LLC",UT,SUN,.,.
Fort Bend Solar LLC,"Acciona Energy USA Global, LLC",TX,SUN,0,"22,838"
Blooming Grove Wind Energy Center,Invenergy Services LLC,IL,WND,0,"84,916"
Iron Star Wind Project,Engie North America,KS,WND,0,"91,119"
Altavista Solar,"Altavista Solar, LLC",VA,SUN,0,"9,743"
West Riverside Energy Center,Wisconsin Power & Light Co,WI,NG,0,"172,728"
West Riverside Energy Center,Wisconsin Power & Light Co,WI,NG,"3,017,664","312,198"
West Riverside Energy Center,Wisconsin Power & Light Co,WI,SUN,0,142
"ANSON Solar Center, LLC",Engie North America,TX,SUN,0,"21,812"
MTSUN,Greenbacker Renewable Energy Corporation,MT,SUN,0,"6,171"
Caddo Wind,ALLETE Clean Energy,OK,WND,0,"31,427"
Clines Corners Wind Farm LLC,Pattern Operators LP,NM,WND,0,"101,204"
Wheatridge 1,Portland General Electric Co,OR,WND,0,"17,023"
Duran Mesa LLC,Pattern Operators LP,NM,WND,0,"34,037"
Tecolote Wind LLC,Pattern Operators LP,NM,WND,0,"83,588"
Cimarron Bend III,"Enel Kansas, LLC",KS,WND,0,"45,537"
Taygete II Energy Project,West Texas Solar Project II LLC,TX,SUN,0,"30,224"
"Route 66 Energy Center, LLC","Route 66 Energy Center, LLC",NM,SUN,0,"8,011"
Sunflower County,"Sunflower County Solar Project, LLC",MS,SUN,0,"7,150"
"Alta Farms II Wind Project, LLC","Alta Farms II Wind Project, LLC",IL,WND,0,"49,572"
Ignacio Grid Energy Storage System,"Ignacio Grid, LLC",TX,MWH,"7,303","-1,072"
Desert Harvest II LLC,Desert Harvest II LLC,CA,MWH,"1,301",-351
Desert Harvest II LLC,Desert Harvest II LLC,CA,SUN,0,"6,614"
"Maverick Solar 4, LLC","Maverick Solar 4, LLC",CA,SUN,0,"11,625"
"Maverick Solar 6, LLC","Maverick Solar 6, LLC",CA,MWH,"4,578",-418
"Maverick Solar 6, LLC","Maverick Solar 6, LLC",CA,SUN,0,"13,500"
"Maverick Solar 7, LLC","Maverick Solar 7, LLC",CA,SUN,0,"15,384"
"Old 300 Solar Center, LLC","Old 300 Solar Center, LLC",TX,SUN,.,.
Sycamore Solar,Dominion Energy Inc.,VA,SUN,0,"4,141"
Irish Creek Wind,"Irish Creek Wind, LLC",KS,WND,0,"61,206"
"Haystack Wind Project, LLC","Haystack Wind Project, LLC",NE,WND,0,"50,899"
"Harts Mill Solar, LLC","Harts Mills Solar, LLC",NC,SUN,0,"6,676"
Bay Trail Solar Power Plant,"Duke Energy Florida, LLC",FL,SUN,0,"7,820"
Sandy Creek Solar Power Plant,"Duke Energy Florida, LLC",FL,SUN,0,"9,111"
Fish Springs,"Fish Springs Ranch Solar, LLC",NV,MWH,"2,793",-253
Fish Springs,"Fish Springs Ranch Solar, LLC",NV,SUN,0,"8,507"
"Western Trail Wind, LLC",Orsted Onshore North America,TX,WND,0,"86,729"
Lancaster Solar GA,"Lancaster Solar GA, LLC",GA,SUN,0,"10,958"
SR Perry,"SR Perry, LLC",GA,SUN,0,"8,058"
Mechanicsville Solar,"Mechanicsville Solar, LLC",VA,SUN,0,"2,698"
"Azure Sky Wind Project, LLC Hybrid","Azure Sky Wind Project, LLC",TX,MWH,.,.
"Azure Sky Wind Project, LLC Hybrid","Azure Sky Wind Project, LLC",TX,WND,0,"86,784"
Priddy Wind Project,Engie North America,TX,WND,0,"82,667"
Albemarle Beach Solar,"Albemarle Beach Solar, LLC",NC,SUN,0,"12,577"
"Rockhaven Wind Project, LLC","Rockhaven Wind Project, LLC",OK,WND,0,"43,237"
Independence Wind Farm,Independence Wind Energy LLC,IA,WND,0,"15,278"
Graphite Solar I,Greenbacker Renewable Energy Corporation,UT,SUN,0,"9,336"
Apex Solar,Apex Solar LLC,MT,SUN,0,"4,543"
SR Lumpkin,"SR Lumpkin, LLC",GA,SUN,0,"13,585"
Assembly Solar III,"Assembly Solar III, LLC",MI,SUN,0,"3,187"
"Fifth Standard Solar PV, LLC (Hybrid)","RWE Renewables Americas, LLC",CA,MWH,"10,305","-1,342"
"Fifth Standard Solar PV, LLC (Hybrid)","RWE Renewables Americas, LLC",CA,SUN,0,"15,662"
Elara Solar,"Lightsource Renewable Energy Asset Management, LLC",TX,SUN,0,"16,839"
Baxley,"SR Baxley, LLC",GA,SUN,0,"3,031"
Pike Solar Hybrid,Duke Energy Renewables Services,CO,SUN,0,"24,160"
"Dressor Plains Solar, LLC","Dressor Plains Solar, LLC",IL,SUN,0,"8,441"
Indiana Crossroads Wind Farm LLC,Indiana Crossroads Wind Farms LLC,IN,WND,0,"90,788"
Hecate Energy Frye Solar LLC,Hecate Energy Frye Solar LLC,TX,SUN,.,.
AES Maui Kuihelani Solar Hybrid,AES Distributed Energy,HI,MWH,.,.
AES Maui Kuihelani Solar Hybrid,AES Distributed Energy,HI,SUN,.,.
AP Sunray LLC,AP Sunray LLC,TX,SUN,.,.
BPL Crown Solar LLC,BPL Crown Solar LLC,TX,SUN,0,"12,998"
BPL Sol Solar LLC,BPL Sol Solar LLC,TX,SUN,0,"12,035"
"SE Athos II, LLC","SE Athos II, LLC",CA,SUN,0,"20,217"
Fort Drum Energy Center,Florida Power & Light Co,FL,SUN,0,"6,047"
Willow Solar Energy Center,Florida Power & Light Co,FL,SUN,0,"8,046"
Soldier Creek Wind,Soldier Creek Wind LLC,KS,WND,0,"79,660"
Bat Cave,Engie North America,TX,MWH,"4,872","-1,138"
North Fork TX,Engie North America,TX,MWH,"4,855","-1,240"
Coachella Hills Wind,Terra-Gen Operating Co-Wind,CA,WND,0,"5,760"
Prospero Solar II,"Prospero Solar II, LLC (Longroad)",TX,SUN,0,"39,645"
Summit Winds,Greenbacker Renewable Energy Corporation,CA,WND,0,"6,883"
Quitman II Solar,"Quitman II Solar, LLC",GA,SUN,0,"19,552"
"Little Blue Wind Project, LLC","Little Blue Wind Project, LLC",NE,WND,0,"59,738"
Farmington Solar,"Farmington Solar, LLC",ME,SUN,0,"1,728"
Horizon Hill Wind Project,"Horizon Hill Wind, LLC",OK,WND,.,.
White Rock West Wind Project,"White Rock Wind West, LLC",OK,WND,0,"25,003"
White Rock East Wind Project,"White Rock Wind East, LLC",OK,WND,0,"1,766"
Mockingbird Solar Center,"Mockingbird Solar Center, LLC",TX,SUN,.,.
Milligan 1 Wind Farm,"Milligan 1 Wind, LLC",NE,WND,0,"48,890"
"Glacier Sands Wind Power, LLC","Glacier Sands Wind Power, LLC",IL,WND,0,"59,272"
Braes Bayou Plant,ProEnergy Services,TX,NG,"217,090","22,148"
Quinebaug Solar,"Quinebaug Solar, LLC",CT,SUN,0,"1,836"
Badger Hollow II,Wisconsin Electric Power Co,WI,SUN,0,"5,319"
Flat Ridge 3,"Flat Ridge 3 Wind Energy, LLC",KS,WND,0,"39,032"
Wilmot Energy Center LLC,Wilmot Energy Center LLC,AZ,MWH,"1,309",-23
Wilmot Energy Center LLC,Wilmot Energy Center LLC,AZ,SUN,0,"14,097"
Point Beach Solar,Point Beach Solar,WI,SUN,0,"6,152"
Black Rock Wind,"Black Rock Wind Force, LLC",WV,WND,0,"40,651"
Brazoria West,"Brazoria West Solar Project, LLC",TX,SUN,0,"23,145"
OE_ALD,OE_ALD,AL,SUN,0,"10,451"
Arlington Energy Center II,Arlington Energy Center II,CA,MWH,"13,982","-2,356"
Arlington Energy Center II,Arlington Energy Center II,CA,SUN,0,"33,426"
Resurgence Solar,Resurgence Solar,CA,MWH,"3,184",-372
Resurgence Solar,Resurgence Solar,CA,SUN,0,"7,172"
OETN1,OE_TN1,TN,SUN,0,"8,026"
Gambit Energy Storage - Angleton Storage,Tesla Inc.,TX,MWH,"5,498","-1,066"
Fort Green Solar Power Plant,"Duke Energy Florida, LLC",FL,SUN,0,"8,994"
Corazon Energy LLC,Corazon Energy LLC,TX,SUN,0,"23,976"
Ranchland Wind Project II,"Ranchland Wind Project II, LLC",TX,WND,0,"39,890"
Ranchland Wind Storage,"Ranchland Wind Storage, LLC",TX,MWH,.,.
Ranchland Wind Project I,"Ranchland Wind Project I, LLC",TX,WND,0,"31,143"
Riverstart Solar Park LLC,Riverstart Solar Park LLC,IN,SUN,0,"9,817"
Arlington Energy Center III,Arlington Energy Center III,CA,MWH,"7,513","-1,263"
Arlington Energy Center III,Arlington Energy Center III,CA,SUN,0,"14,315"
"Central Line Solar, LLC",AES Distributed Energy,AZ,SUN,0,"8,105"
"El Algodon Alto Wind Farm, LLC","El Algodon Alto Wind Farm, LLC",TX,WND,0,"57,772"
Freeborn Wind Farm,Northern States Power Co - Minnesota,MN,WND,0,"61,939"
Hudson - High Desert Hybrid,MN8 Energy LLC,CA,MWH,"3,691",-631
Hudson - High Desert Hybrid,MN8 Energy LLC,CA,SUN,0,"15,439"
"Rabbitbrush Solar, LLC","Leeward Asset Management, LLC",CA,MWH,"1,448",-205
"Rabbitbrush Solar, LLC","Leeward Asset Management, LLC",CA,SUN,0,"12,557"
Jamison Solar (FL),Tampa Electric Co,FL,SUN,0,"6,754"
"Big Plain Solar, LLC","Leeward Asset Management, LLC",OH,SUN,0,"10,667"
Big River Solar,"Big River Solar, LLC",IL,SUN,0,"11,988"
"Borderlands Wind, LLC","Borderlands Wind, LLC",NM,WND,0,"24,765"
TG East,TG East Wind Project LLC,TX,WND,0,"77,694"
Big Bend II Solar,Tampa Electric Co,FL,SUN,0,"4,093"
AES West Oahu Solar Hybrid,AES Distributed Energy,HI,MWH,.,.
AES West Oahu Solar Hybrid,AES Distributed Energy,HI,SUN,.,.
Magnolia Solar,Tampa Electric Co,FL,SUN,0,"6,433"
"AEUG Union Solar, LLC","Acciona Energy USA Global, LLC",OH,SUN,.,.
Heartland Divide II,Heartland Divide II,IA,WND,0,"53,277"
"Sac County Wind, LLC",Sac County Wind,IA,WND,0,"24,556"
Great Prairie Wind,Great Prairie Wind LLC,TX,WND,0,"297,675"
"Blue Jay Solar I, LLC","Blue Jay Solar I, LLC",TX,MWH,950,-396
"Blue Jay Solar I, LLC","Blue Jay Solar I, LLC",TX,SUN,0,"23,665"
"Oak Trail Solar, LLC","Leeward Asset Management, LLC",NC,SUN,0,"12,382"
Plymouth Wind,MidAmerican Energy Co,IA,WND,0,"51,225"
LeConte Energy Storage,"LeConte Energy Storage, LLC",CA,MWH,"8,355","-1,789"
"Stanly Solar, LLC","Stanly Solar, LLC",NC,SUN,0,"5,746"
White Mesa Wind,"White Mesa Wind, LLC",TX,WND,0,"145,224"
Sanborn BESS 1,Terra-Gen Operating Co-BESS,CA,MWH,"8,342","-1,423"
Sanborn BESS 2,Terra-Gen Operating Co-BESS,CA,MWH,"15,383","-2,192"
Holliday Creek Solar,MidAmerican Energy Co,IA,SUN,0,"6,474"
"Elektron Solar, LLC","Elektron Solar, LLC",UT,SUN,.,.
"Castle Solar, LLC","Castle Solar, LLC",UT,SUN,.,.
Glass Sands Wind Facility,Southern Power Co,OK,WND,0,"35,741"
Arbor Hill Solar,MidAmerican Energy Co,IA,SUN,0,"1,042"
Blue Springs,Florida Power & Light Co,FL,SUN,.,.
Blue Springs,Florida Power & Light Co,FL,SUN,0,"8,092"
"Yellowbud Solar, LLC",Yellowbud Solar LLC,OH,SUN,0,"13,920"
"SR Clay, LLC","SR Clay, LLC",GA,SUN,0,"14,597"
"SR Cedar Springs, LLC","SR Cedar Springs, LLC",GA,SUN,0,"10,249"
"SR DeSoto I, LLC","SR DeSoto I, LLC",GA,SUN,0,"17,991"
"SR Turkey Creek, LLC","SR Turkey Creek, LLC",KY,SUN,0,"3,305"
Daggett 2,Daggett Solar Power 2 LLC,CA,MWH,0,0
Daggett 2,Daggett Solar Power 2 LLC,CA,SUN,0,"25,270"
Daggett 3,Daggett Solar Power 3 LLC,CA,MWH,"10,812",-473
Daggett 3,Daggett Solar Power 3 LLC,CA,SUN,0,"39,303"
New Market Solar,New Market Solar,OH,SUN,0,"2,198"
Calhoun Solar,Invenergy Services LLC,MI,SUN,0,"4,421"
"IP Radian, LLC","IP Radian, LLC",TX,SUN,0,"37,217"
Chaparral Springs,"Leeward Asset Management, LLC",CA,SUN,0,"23,400"
"Panorama Wind, LLC","Leeward Asset Management, LLC",CO,WND,0,"45,517"
Edwards Sanborn E3,Terra-Gen Operating Co-Hybrid,CA,MWH,927,-161
Edwards Sanborn E3,Terra-Gen Operating Co-Hybrid,CA,SUN,0,"2,545"
Edwards Sanborn E1A,Terra-Gen Operating Co-Hybrid,CA,MWH,"7,567","-1,654"
Edwards Sanborn E1A,Terra-Gen Operating Co-Hybrid,CA,SUN,0,"16,989"
Edwards Sanborn E2,Terra-Gen Operating Co-Hybrid,CA,MWH,"7,407","-1,479"
Edwards Sanborn E2,Terra-Gen Operating Co-Hybrid,CA,SUN,0,"16,036"
Scarlet Solar (CA),EDP Renewables North America LLC,CA,MWH,.,.
Scarlet Solar (CA),EDP Renewables North America LLC,CA,SUN,.,.
Luciana,"Tulare Solar Center, LLC",CA,SUN,0,"5,074"
Aktina Solar,"Hecate Energy Ramsey, LLC",TX,SUN,0,"45,239"
Edwards Sanborn S3,Terra-Gen Operating Co-Hybrid,CA,MWH,"1,920",-425
Edwards Sanborn S3,Terra-Gen Operating Co-Hybrid,CA,SUN,0,"3,952"
Edwards Sanborn S1,Terra-Gen Operating Co-Hybrid,CA,MWH,"1,070",-196
Edwards Sanborn S1,Terra-Gen Operating Co-Hybrid,CA,SUN,0,"4,548"
"Fall River Solar, LLC",Greenbacker Renewable Energy Corporation,SD,SUN,0,"9,806"
"BigBeau Solar, LLC","Big Beau Solar, LLC  ",CA,MWH,"4,307",-187
"BigBeau Solar, LLC","Big Beau Solar, LLC  ",CA,SUN,0,"13,389"
Cassville Solar,Wisconsin Power & Light Co,WI,SUN,0,"2,623"
Springfield Solar (WI),Wisconsin Power & Light Co,WI,SUN,0,"5,087"
Albany Solar (WI),Wisconsin Power & Light Co,WI,SUN,0,"1,815"
Paddock Solar,Wisconsin Power & Light Co,WI,SUN,0,"1,837"
Wautoma Solar,Wisconsin Power & Light Co,WI,SUN,0,"3,495"
Beaver Dam Solar,Wisconsin Power & Light Co,WI,SUN,0,"2,865"
Grant County,Wisconsin Power & Light Co,WI,SUN,.,.
Onion River,Wisconsin Power & Light Co,WI,SUN,0,"6,068"
Bear Creek,Wisconsin Power & Light Co,WI,SUN,0,"2,502"
North Rock,Wisconsin Power & Light Co,WI,SUN,0,"2,190"
Wood County,Wisconsin Power & Light Co,WI,SUN,0,"7,559"
Crawfish River,Wisconsin Power & Light Co,WI,SUN,0,"2,739"
Mossy Branch Battery Facility,Georgia Power Co,GA,MWH,.,.
"Roseland Solar Project, LLC","Enel Green Power Roseland Solar, LLC",TX,MWH,"1,123",-525
"Roseland Solar Project, LLC","Enel Green Power Roseland Solar, LLC",TX,SUN,0,"58,161"
Oxbow Solar 1,"Lightsource Renewable Energy Asset Management, LLC",LA,SUN,.,.
Bellflower Solar 1,"Lightsource Renewable Energy Asset Management, LLC",IN,SUN,0,"6,453"
Sun Mountain Solar 1,"Lightsource Renewable Energy Asset Management, LLC",CO,SUN,0,"28,504"
Bernard Creek Solar,"Bernard Creek Solar, LLC",TX,SUN,0,"26,658"
Cotton Creek Solar Energy Center,Florida Power & Light Co,FL,SUN,.,.
Cotton Creek Solar Energy Center,Florida Power & Light Co,FL,SUN,0,"10,085"
Sawgrass Solar Energy Center,Florida Power & Light Co,FL,SUN,0,"8,781"
Ghost Orchid Solar Energy Center,Florida Power & Light Co,FL,SUN,0,"7,639"
Sundew,Florida Power & Light Co,FL,SUN,0,"8,382"
Immokalee,Florida Power & Light Co,FL,SUN,0,"8,683"
Elder Branch,Florida Power & Light Co,FL,SUN,0,"8,165"
Grove,Florida Power & Light Co,FL,SUN,0,"7,819"
Hubbard Wind,Hubbard Wind LLC,TX,WND,0,"84,291"
Blythe Mesa Solar II,"Blythe Mesa Solar II, LLC",CA,MWH,"11,115","-1,260"
Blythe Mesa Solar II,"Blythe Mesa Solar II, LLC",CA,SUN,0,"29,307"
Waiawa Solar Power Hybrid,Waiawa Solar Power LLC,HI,MWH,"2,167",-58
Waiawa Solar Power Hybrid,Waiawa Solar Power LLC,HI,SUN,0,"3,953"
"Niyol Wind, LLC","Niyol Wind, LLC",CO,WND,0,"47,781"
Hoot Lake Solar,Otter Tail Power Co,MN,SUN,0,"1,875"
Jicarilla Solar 2,Jicarilla Solar 2 LLC,NM,SUN,0,"6,995"
"Phobos Solar, LLC","Phobos Solar, LLC",NC,SUN,0,"10,112"
"Cabin Creek Solar, LLC","Cabin Creek Solar, LLC",NC,SUN,0,"8,942"
Jayhawk Wind Energy Center,Invenergy Services LLC,KS,WND,0,"39,972"
Crimson,RE Crimson LLC,CA,MWH,"32,072","-4,370"
Lacy Creek Wind Energy Center,"Lacy Creek Wind, LLC",TX,WND,0,"99,406"
Hildreth Solar Power Plant,"Duke Energy Florida, LLC",FL,SUN,0,"7,243"
Bay Ranch Solar Power Plant,"Duke Energy Florida, LLC",FL,SUN,0,"10,037"
High Springs Solar Power Plant,"Duke Energy Florida, LLC",FL,SUN,0,"7,633"
Hardeetown Solar Power Plant,"Duke Energy Florida, LLC",FL,SUN,0,"8,588"
Nestlewood Solar,Vesper Energy Development LLC,OH,SUN,0,"4,223"
"Caden Energix Endless Caverns, LLC","Caden Energix Endless Caverns, LLC",VA,SUN,0,64
"Waverly Solar, LLC","Waverly Solar, LLC",VA,SUN,0,"2,827"
"Hunter Solar, LLC (CO)","Hunter Solar, LLC",CO,SUN,0,"12,034"
Noble Solar,"BT Noble Solar, LLC",TX,MWH,283,-137
Noble Solar,"BT Noble Solar, LLC",TX,SUN,0,"31,020"
Red Barn Energy,Wisconsin Public Service Corp,WI,WND,0,"17,239"
OE_MS6,OE_MS6,MS,MWH,.,.
OE_MS6,OE_MS6,MS,SUN,.,.
Salt City Solar Project - Hybrid,Salt City Solar LLC,OH,SUN,0,"2,722"
Sun Valley Solar Project,Sun Valley Solar LLC,TX,SUN,0,"32,515"
ENGIE Solidago Solar Project - Hybrid,ENGIE Solidago Solar LLC,DE,SUN,0,"2,504"
Powells Creek Solar - Hybrid,"Powells Creek Farm Solar, LLC",VA,SUN,0,"7,663"
Limestone Wind Project,"Limestone Wind Project, LLC",TX,WND,0,"24,720"
Sunnybrook Solar Project - Hybrid,"Sunnybrook Farm Solar, LLC",VA,SUN,0,"4,378"
Horizon Solar,"Leeward Asset Management, LLC",TX,SUN,0,"25,155"
"Cedar Creek Wind, LLC","Cedar Creek Wind, LLC",ID,WND,.,.
Sapphire Sky Wind Energy LLC,Invenergy Services LLC,IL,WND,0,"87,277"
Maplewood Solar,Dominion Renewable Energy,VA,SUN,0,"4,355"
Fort Powhatan Solar,Dominion Renewable Energy,VA,SUN,0,"15,953"
Bedford Solar,Dominion Renewable Energy,VA,SUN,0,"4,375"
Meridian Wind Park,DTE Electric Company,MI,WND,0,"46,794"
CPV Maple Hill Solar,"CPV Maple Hill Solar, LLC",PA,SUN,0,"4,251"
Shakes Solar,Cypress Creek Renewables,TX,SUN,0,"22,330"
Platteview Solar LLC,AES Distributed Energy,NE,SUN,.,.
Appaloosa Run Wind,"Appaloosa Run Wind, LLC",TX,WND,0,"50,894"
"Mulligan Solar, LLC",Mulligan Solar,IL,SUN,0,"4,982"
Ford County Wind Farm LLC,Ford Ridge,IL,WND,0,"42,644"
Mark One Power Station,ProEnergy Services,TX,NG,"121,092","12,182"
Brotman Power Station,ProEnergy Services,TX,NG,"320,537","33,187"
SR Snipesville II,"SR Snipesville II, LLC",GA,SUN,0,"14,892"
"Ledyard Windpower, LLC",Duke Energy Renewables Services,IA,WND,0,"55,648"
Santa Paula Energy Storage LLC,"Santa Paula Energy Storage, LLC",CA,MWH,.,.
"Arche Energy Project, LLC","Lightsource Renewable Energy Asset Management, LLC",OH,SUN,0,"3,974"
Cunningham Storage,"Acciona Energy USA Global, LLC",TX,MWH,"3,935",-695
Bluefield Preserve Solar,Florida Power & Light Co,FL,SUN,0,"8,701"
Chautauqua Solar Energy Center,Florida Power & Light Co,FL,SUN,0,"10,347"
FPL Chipola River Solar Energy Center,Florida Power & Light Co,FL,SUN,0,"6,452"
Everglades Solar Energy Center,Florida Power & Light Co,FL,SUN,0,"9,371"
First City Solar Energy Center,Florida Power & Light Co,FL,SUN,0,"7,388"
FPL Flowers Creek Solar Energy Center,Florida Power & Light Co,FL,SUN,0,"6,047"
Pink Trial Solar Energy Center,Florida Power & Light Co,FL,SUN,0,"8,800"
FPL Shirer Branch Solar Energy Center,Florida Power & Light Co,FL,SUN,0,"10,717"
Wild Azalea Solar Energy Center,Florida Power & Light Co,FL,SUN,0,"10,717"
Anhinga Solar Energy Center,Florida Power & Light Co,FL,SUN,0,"7,033"
Apalachee,Florida Power & Light Co,FL,SUN,0,"8,251"
Blackwater River Solar Energy Center,Florida Power & Light Co,FL,SUN,0,"9,610"
FPL Cavendish Solar Energy Center,Florida Power & Light Co,FL,SUN,0,"7,018"
Separator (Etiwanda) BESS,Southern California Edison Co,CA,MWH,.,.
Cathode (Hinson) BESS,Southern California Edison Co,CA,MWH,.,.
"Big Cypress Solar, LLC","Big Cypress Solar, LLC",AR,SUN,0,"16,912"
"Ball Hill Wind Energy, LLC","Ball Hill Wind Energy, LLC",NY,WND,0,"25,183"
"Bluestone Wind, LLC","Bluestone Wind, LLC",NY,WND,0,"30,586"
Mule Creek Renewable Energy Center,"Duke Energy Florida, LLC",FL,SUN,.,.
25 Mile Creek,"Enel Green Power NA, Inc.",OK,WND,0,"83,853"
Bell Ridge Solar,"Bell Ridge Solar, LLC",FL,SUN,0,"11,095"
"Longbow Solar, LLC","Longbow Acquisition HoldCo, LLC",TX,SUN,0,"10,913"
Number Three Wind Project,Invenergy Services LLC,NY,WND,0,"19,908"
Inertia Wind Project,"Inertia Wind Project, LLC",TX,WND,0,"92,986"
South Fork Wind,Orsted Wind Power North America LLC,NY,WND,.,.
Clearwater Wind I,Clearwater Energy Resources LLC,MT,WND,0,"106,330"
FPL Saw Palmetto Solar Energy Center,Florida Power & Light Co,FL,SUN,0,"10,166"
FPL Cypress Pond Solar,Florida Power & Light Co,FL,SUN,0,"9,282"
FPL Etonia Creek,Florida Power & Light Co,FL,SUN,0,"10,282"
SR McKellar,"SR McKellar, LLC",TN,SUN,0,"5,444"
SR Bell Buckle,"SR Bell Buckle, LLC",TN,SUN,0,"2,647"
"Pisgah Ridge Solar, LLC",Duke Energy Renewables Services,TX,SUN,0,"29,080"
Boaz Microgrid Battery,Wisconsin Power & Light Co,WI,MWH,11,-10
Lumina II Solar Project,"IP Lumina II, LLC",TX,SUN,0,"39,425"
Lumina Solar Project,"IP Lumina, LLC",TX,SUN,0,"39,867"
Texas Solar Nova 1,"Texas Solar Nova 1, LLC",TX,SUN,0,"38,959"
Texas Solar Nova 2,"Texas Solar Nova 2, LLC",TX,SUN,.,.
Nebula Solar,"Rayos del Sol Solar Project, LLC",TX,SUN,0,"15,356"
Vancourt Solar Interconnections,"Rayos del Sol Solar Project, LLC",TX,SUN,0,"4,735"
Sanborn BESS 3,Terra-Gen Operating Co-BESS,CA,MWH,"19,128","-2,720"
Sanborn BESS 4,Terra-Gen Operating Co-BESS,CA,MWH,"4,703",-768
Edwards Sanborn E1B,Terra-Gen Operating Co-Hybrid,CA,MWH,"7,169","-1,537"
Edwards Sanborn E1B,Terra-Gen Operating Co-Hybrid,CA,SUN,0,"16,718"
Edwards Sanborn E4,Terra-Gen Operating Co-Hybrid,CA,MWH,"2,687",-529
Edwards Sanborn E4,Terra-Gen Operating Co-Hybrid,CA,SUN,0,"12,969"
Edwards Sanborn E5,Terra-Gen Operating Co-Hybrid,CA,MWH,0,0
Edwards Sanborn E5,Terra-Gen Operating Co-Hybrid,CA,SUN,0,"7,468"
Edwards Sanborn S4,Terra-Gen Operating Co-Hybrid,CA,MWH,418,-46
Edwards Sanborn S4,Terra-Gen Operating Co-Hybrid,CA,SUN,0,"2,857"
Appaloosa Solar I,Greenbacker Renewable Energy Corporation,UT,SUN,0,"20,038"
Juniper Solar (FL),Tampa Electric Co,FL,SUN,0,"7,778"
Laurel Oaks Solar,Tampa Electric Co,FL,SUN,0,"5,999"
Riverside Solar,Tampa Electric Co,FL,SUN,0,"5,297"
TX10 Hummingbird Storage,Key Capture Energy,TX,MWH,.,.
TX11 Republic Road Storage,Key Capture Energy,TX,MWH,362,-286
TX12 Silicon Hill Storage,Key Capture Energy,TX,MWH,913,-680
TX13 Endurance Park Storage,Key Capture Energy,TX,MWH,"1,954",-396
TX15 Limousin Oak Storage,Key Capture Energy,TX,MWH,.,.
TX19 River Valley Storage 1,Key Capture Energy,TX,MWH,515,-268
TX21 River Valley Storage 2,Key Capture Energy,TX,MWH,528,-263
TX23 Roughneck Storage,Key Capture Energy,TX,MWH,474,-290
Indiana Crossroads Solar Park,Meadow Lake Solar Park,IN,SUN,0,"8,829"
Vikings Energy Farm,"Vikings Energy Farm, LLC",CA,MWH,.,.
Vikings Energy Farm,"Vikings Energy Farm, LLC",CA,SUN,.,.
Northern Wind,Northern States Power Co - Minnesota,MN,WND,0,"24,754"
Great Pathfinder Wind,Great Pathfinder Wind,IA,WND,0,"45,865"
Kossuth County Wind,"Kossuth County Wind, LLC",IA,WND,0,"18,719"
Oberon Solar Project,IP Oberon LLC,CA,MWH,"7,603",-708
Oberon Solar Project,IP Oberon LLC,CA,SUN,0,"24,032"
Oberon II Solar Project,"IP Oberon II, LLC",CA,MWH,"7,348",-650
Oberon II Solar Project,"IP Oberon II, LLC",CA,SUN,0,"23,496"
Driver Solar,"Lightsource Renewable Energy Asset Management, LLC",AR,SUN,.,.
"Sunflower Energy Center, LLC","Sunflower Energy Center, LLC",KS,WND,0,"58,863"
"Sandy Ridge Wind 2, LLC",Algonquin Power Co,PA,WND,0,"22,949"
Deerfield Wind Energy 2,"Deerfield Wind Energy 2, LLC",MI,WND,0,"30,913"
Victory Pass,"Victory Pass I, LLC",CA,MWH,.,.
Victory Pass,"Victory Pass I, LLC",CA,SUN,.,.
Arica Solar,"Arica Solar, LLC",CA,MWH,.,.
Arica Solar,"Arica Solar, LLC",CA,SUN,.,.
Buffalo Ridge Wind,"Buffalo Ridge Wind, LLC",MN,WND,0,"29,313"
Waco Solar,"Waco Solar, LLC",TX,SUN,.,.
Young Wind,"Young Wind, LLC",TX,WND,0,"121,423"
Walleye Wind,"Walleye Wind, LLC",MN,WND,0,"30,665"
"High River Energy Center, LLC","High River Energy Center, LLC",NY,SUN,.,.
"Jackpot Solar, LLC",Duke Energy Renewables Services,ID,SUN,0,"10,337"
Castle Gap Wind,"Castle Gap Wind Power, LLC",TX,WND,0,"51,819"
"Concho Valley Solar, LLC","Concho Valley Solar, LLC",TX,SUN,0,"15,850"
"East Point Energy Center, LLC","East Point Energy Center, LLC",NY,SUN,.,.
Ocotillo Wells,Conductive Power,CA,SUN,0,"5,607"
Sunlight Storage,"Sunlight Storage, LLC",CA,MWH,"10,787","-2,669"
Big Juniper Solar,Florida Power & Light Co,FL,SUN,.,.
Three Creeks,Florida Power & Light Co,FL,SUN,.,.
Sambucus,Florida Power & Light Co,FL,SUN,.,.
Pineapple,Florida Power & Light Co,FL,SUN,0,0
Canoe,Florida Power & Light Co,FL,SUN,0,"6,874"
Sparkleberry,Florida Power & Light Co,FL,SUN,.,.
Prairie Creek FL,Florida Power & Light Co,FL,SUN,0,"3,818"
White Tail,Florida Power & Light Co,FL,SUN,0,"5,401"
Caloosahatchee,Florida Power & Light Co,FL,SUN,0,0
Monarch,Florida Power & Light Co,FL,SUN,0,0
Turnpike,Florida Power & Light Co,FL,SUN,0,"2,753"
Beautyberry,Florida Power & Light Co,FL,SUN,0,"4,413"
Woodyard,Florida Power & Light Co,FL,SUN,.,.
Ibis,Florida Power & Light Co,FL,SUN,0,"3,128"
Silver Palm,Florida Power & Light Co,FL,SUN,0,"4,183"
Pecan Tree,Florida Power & Light Co,FL,SUN,.,.
Terrill Creek,Florida Power & Light Co,FL,SUN,0,0
Georges Lake,Florida Power & Light Co,FL,SUN,.,.
Norton Creek,Florida Power & Light Co,FL,SUN,.,.
Hendry Isles,Florida Power & Light Co,FL,SUN,.,.
Wild Quail,Florida Power & Light Co,FL,SUN,.,.
Mitchell Creek,Florida Power & Light Co,FL,SUN,.,.
Buttonwood,Florida Power & Light Co,FL,SUN,.,.
Honeybell,Florida Power & Light Co,FL,SUN,.,.
Nature Trail,Florida Power & Light Co,FL,SUN,.,.
Orchard,Florida Power & Light Co,FL,SUN,0,0
Hawthorne Creek,Florida Power & Light Co,FL,SUN,.,.
Fourmile Creek,Florida Power & Light Co,FL,SUN,.,.
Sagebrush ESS,Terra-Gen Operating Co-BESS 2,CA,MWH,"6,901","-1,643"
Honeysuckle Solar Farm,"Lightsource Renewable Energy Asset Management, LLC",IN,SUN,.,.
"Porter Solar, LLC (TX)","Porter Solar, LLC",TX,SUN,.,.
Tres Bahias,"Tres Bahias Solar Power, LLC",TX,SUN,0,"20,093"
"Landrace Holdings, LLC","Landrace Holdings, LLC",SC,SUN,0,"6,822"
Storey Solar and Storage,"Storey Energy Center, LLC",AZ,MWH,"8,510",-898
Storey Solar and Storage,"Storey Energy Center, LLC",AZ,SUN,0,"23,872"
Mammoth North Solar,"Mammoth North, LLC",IN,SUN,.,.
"Mesquite Solar 4, LLC",Consolidated Edison Development Inc.,AZ,MWH,199,-4
"Mesquite Solar 4, LLC",Consolidated Edison Development Inc.,AZ,SUN,0,"7,163"
"Mesquite Solar 5, LLC",Consolidated Edison Development Inc.,AZ,MWH,"8,424",-195
"Mesquite Solar 5, LLC",Consolidated Edison Development Inc.,AZ,SUN,0,"7,572"
"Seven Cowboy Wind Project, LLC","Seven Cowboy Wind Project, LLC",OK,WND,0,"64,547"
Starr Solar Ranch,"Lightsource Renewable Energy Asset Management, LLC",TX,SUN,.,.
Prairie Ronde Solar Farm,"Lightsource Renewable Energy Asset Management, LLC",LA,SUN,.,.
Dania Beach 7,Florida Power & Light Co,FL,DFO,0,0
Dania Beach 7,Florida Power & Light Co,FL,NG,0,"229,189"
Dania Beach 7,Florida Power & Light Co,FL,DFO,0,0
Dania Beach 7,Florida Power & Light Co,FL,NG,"4,000,907","415,704"
CED West Side Canal Battery Storage,Consolidated Edison Development Inc.,CA,MWH,"10,798","-2,028"
Second Division Solar,"Lightsource Renewable Energy Asset Management, LLC",TX,SUN,.,.
Desert Peak Energy Storage I,"Desert Peak Energy Storage I, LLC",CA,MWH,666,-184
Desert Peak Energy Storage II,"Desert Peak Energy Storage II, LLC",CA,MWH,"2,368",-273
Great Cove Solar,AES Distributed Energy,PA,SUN,0,"1,600"
Delta Wind Farm (MS),AES Clean Energy,MS,WND,.,.
Chevelon Butte Wind Farm,AES Clean Energy,AZ,WND,0,"22,638"
House Mountain,House Mountain,TX,MWH,.,.
Flower Valley II,Flower Valley II,TX,MWH,"5,981",-703
Swoose II,Swoose II,TX,MWH,"5,631",-641
Crossett Power Management LLC,Crossett Power Management LLC,TX,MWH,"7,730",-822
"Bronco Plains Wind II, LLC","Bronco Plains Wind II, LLC",CO,WND,0,"47,646"
Bird Dog Solar,"Bird Dog Solar, LLC",GA,SUN,0,"5,508"
Blackwater Solar,"Blackwater Solar, LLC",GA,SUN,.,.
Hobnail Solar,"Hobnail Solar, LLC",GA,SUN,0,"9,427"
Brazoria County Solar Project (Danciger),"Brazoria County Solar Project, LLC",TX,SUN,0,"21,692"
"Glover Creek Solar, LLC","Glover Creek Solar, LLC",KY,SUN,.,.
Lancaster Area Battery,AES Distributed Energy,CA,MWH,"13,096","-1,537"
Eight Point Wind,"Eight Point Wind, LLC",NY,WND,0,"28,262"
Eight Point Wind,"Eight Point Wind, LLC",NY,WND,.,.
Kapolei Energy Storage,"Kapolei Energy Storage I, LLC",HI,MWH,"16,387","-1,682"
Moraine Sands Wind Power,"Moraine Sands Wind Power, LLC",IL,WND,0,"52,681"
Babbitt Ranch Energy Center,"Babbitt Ranch Energy Center, LLC",AZ,WND,.,.
Elizabeth Solar Plant,"Horus Louisiana 1, LLC",LA,SUN,.,.
Newport Solar Project,"Newport Solar, LLC",AR,SUN,0,"4,413"
"West Line Solar, LLC","West Line Solar, LLC",AZ,SUN,0,"9,491"
Lake Mabel Solar,Tampa Electric Co,FL,SUN,0,"3,740"
Lake Mabel Solar and Battery Storage,Tampa Electric Co,FL,SUN,.,.
Dover Solar,Tampa Electric Co,FL,SUN,0,"2,858"
Dover Solar and Battery Storage,Tampa Electric Co,FL,SUN,.,.
Zier Solar,Cypress Creek Renewables,TX,MWH,.,.
Zier Solar,Cypress Creek Renewables,TX,SUN,.,.
"High Banks Wind, LLC","High Banks Wind, LLC",KS,WND,0,"161,594"
Red Tailed Hawk Solar LLC,"Acciona Energy USA Global, LLC",TX,SUN,.,.
Jicarilla Solar 1 LLC,Repsol Renewables NA,NM,MWH,"2,405",-207
Jicarilla Solar 1 LLC,Repsol Renewables NA,NM,SUN,0,"6,142"
Revolution,"Crane 2 BESS, LLC",TX,MWH,"6,104","-1,091"
SR Snipesville III,"SR Snipesville III, LLC",GA,SUN,0,"11,043"
SR DeSoto II,"SR DeSoto II, LLC",GA,SUN,0,"9,656"
Clearwater Wind East,"Clearwater Wind East, LLC",MT,WND,0,"13,347"
Clearwater Wind II,"Clearwater Wind II, LLC",MT,WND,0,"28,050"
"Crooked Lake Solar, LLC","Crooked Lake Solar, LLC",AR,SUN,.,.
Maple Flats,Invenergy Services LLC,IL,SUN,.,.
Heartland Farms,Consumers Energy Co - (MI),MI,WND,.,.
Oak Ridge Solar,AES Clean Energy,LA,SUN,0,"17,511"
"Madison Fields Solar Project, LLC","Madison Fields Solar Project, LLC",OH,SUN,0,"8,936"
Ripley,Conductive Power,MD,SUN,0,"2,164"
North Central Valley,"North Central Valley Energy Storage, LLC",CA,MWH,"16,457","-1,405"
Misenheimer Solar LLC,Misenheimer Solar LLC,NC,SUN,0,"1,087"
Pearl River Solar Park LLC,"Pearl River Solar Park, LLC",MS,SUN,.,.
Ragsdale Solar LLC,"Ragsdale Solar, LLC",MS,SUN,.,.
Blue Harvest Solar Park,Blue Harvest Solar Park LLC,OH,SUN,0,"2,564"
Timber Road Solar Park,Timber Road Solar Park,OH,SUN,0,"2,133"
Cutlass Solar II,Cutlass II Solar LLC,TX,SUN,.,.
Eleven Mile Solar Center,"Eleven Mile Solar Center, LLC",AZ,MWH,.,.
Eleven Mile Solar Center,"Eleven Mile Solar Center, LLC",AZ,SUN,.,.
Steel Solar LLC,"Steel Solar, LLC",UT,SUN,.,.
Proxima,"Proxima Solar, LLC",CA,MWH,.,.
Proxima,"Proxima Solar, LLC",CA,SUN,.,.
Blake Solar Plant,"Horus West Virginia 1, LLC",WV,SUN,.,.
Woodruff County Solar,Arkansas Electric Coop Corp,AR,SUN,.,.
Condor Energy Storage LLC,Condor Energy Storage LLC,CA,MWH,.,.
"NMRD Data Center III, LLC",Exus New Mexico,NM,SUN,.,.
"NMRD Data Center III, LLC","NMRD Data Center III, LLC",NM,SUN,0,"6,865"
Cutlass Solar 1 LLC,"Cutlass Solar 1, LLC",TX,SUN,0,"12,509"
Madison Solar,AES Clean Energy,VA,SUN,.,.
"King Creek Wind Farm 1, LLC","King Creek Wind Farm 1, LLC",TX,WND,0,"40,388"
"King Creek Wind Farm 2, LLC","King Creek Wind Farm 2, LLC",TX,WND,0,"47,931"
BPL Files Solar,BPL Files Solar LLC,TX,SUN,0,"16,171"
Superstition Energy Storage,"Superstition Energy Storage, LLC",AZ,MWH,.,.
Sierra Estrella Energy Storage,"Sierra Estrella Energy Storage, LLC",AZ,MWH,.,.
St. Gall Energy Storage I,St. Gall Energy Storage I,TX,MWH,.,.
Callisto I Energy Center,Callisto I Energy Center,TX,MWH,.,.
Yellow Pine Solar,"Yellow Pine Solar, LLC",NV,MWH,"7,295",-980
Yellow Pine Solar,"Yellow Pine Solar, LLC",NV,SUN,0,"17,998"
"Virginia Line Solar, LLC","Virginia Line Solar, LLC",NC,SUN,0,"3,218"
"Wildflower Solar, LLC (MS)",Duke Energy Renewables Services,MS,SUN,.,.
"Cereal City Solar, LLC","Cereal City Solar, LLC",MI,SUN,0,"2,818"
"Goleta Energy Storage, LLC","Goleta Energy Storage, LLC",CA,MWH,.,.
Red Mesa Solar Project,"NTUA Generation - Utah, LLC",UT,SUN,0,"10,672"
Chaves County Solar II,"Chaves County Solar II, LLC",NM,SUN,0,"3,595"
Buena Vista Energy Center,"Buena Vista Energy Center, LLC",NM,MWH,520,-58
Buena Vista Energy Center,"Buena Vista Energy Center, LLC",NM,SUN,0,"25,226"
Grizzly Ridge Solar,Grizzly Ridge Solar LLC,TX,SUN,0,"12,174"
Sonny Solar LLC,Pine Gate Renewables,GA,SUN,0,"5,435"
Five Wells Solar Center - Hybrid,"Five Wells Solar Center, LLC",TX,MWH,.,.
Five Wells Solar Center - Hybrid,"Five Wells Solar Center, LLC",TX,SUN,0,"42,451"
Stanton Battery Energy Storage,"Wellhead Services, Inc",CA,MWH,"8,427",-892
Beaumont BESS,Terra-Gen Operating Co-BESS 2,CA,MWH,.,.
Placerita ESS,Terra-Gen Operating Co-BESS 2,CA,MWH,.,.
Eiffel Solar Project,"Paris Farm Solar, LLC",TX,SUN,0,"30,769"
Menifee Power Bank,"Nova Power, LLC",CA,MWH,.,.
"Sweetland Wind Farm, LLC","Sweetland Wind Farm, LLC",SD,WND,0,"54,852"
Valley Center 85,Terra-Gen Operating Co-BESS 2,CA,MWH,"6,649","-1,708"
Valley Center 54,Terra-Gen Operating Co-BESS 2,CA,MWH,"4,678","-1,059"
Pioneer Hutt Wind Energy,"Pioneer Hutt Wind Energy, LLC",TX,WND,0,"12,205"
Shamrock Wind,Shamrock Wind LLC,TX,WND,0,"63,248"
Chesapeake Solar Project,"Chesapeake Solar Project, LLC",VA,SUN,0,"10,839"
Bulldog Solar LLC,Bulldog Solar LLC,GA,SUN,0,"10,334"
Cane Creek,"Cane Creek Solar, LLC",MS,SUN,.,.
Moonshot,"Moonshot Solar, LLC",MS,SUN,.,.
Winquepin Renewable Energy Center,"Duke Energy Florida, LLC",FL,SUN,.,.
Shady Oaks Wind 2,"Shady Oaks Wind 2, LLC",IL,WND,0,"25,343"
"Black Mesa Solar, LLC","Black Mesa Solar, LLC",ID,SUN,0,"3,395"
San Juan Solar I,"San Juan Solar I, LLC",NM,MWH,.,.
San Juan Solar I,"San Juan Solar I, LLC",NM,SUN,.,.
Sunlight Storage II,Sunlight Storage II,CA,MWH,.,.
Baldy Mesa Solar & Storage,AES Clean Energy,CA,MWH,.,.
Baldy Mesa Solar & Storage,AES Clean Energy,CA,SUN,.,.
Remy Jade Power Station,ProEnergy Services,TX,NG,.,.
Wolf Tank Storage,Wolf Tank Storage LLC,TX,MWH,"3,982","-1,267"
Cald BESS,Cald BESS LLC,CA,MWH,.,.
Resurgence Solar II,Resurgence Solar II,CA,MWH,"2,211",-701
Resurgence Solar II,Resurgence Solar II,CA,SUN,0,"3,839"
Harvest Gold Solar,"Harvest Gold Solar Power, LLC",MS,SUN,.,.
Double Back Diamond,"Double Back Diamond Solar Power, LLC",IL,SUN,.,.
Prairie Mist Solar,"Prairie Mist Solar Project, LLC",AR,SUN,.,.
Sonoran Solar Energy,"Sonoran Solar Energy, LLC",AZ,MWH,"31,372","-3,146"
Sonoran Solar Energy,"Sonoran Solar Energy, LLC",AZ,SUN,0,"58,305"
"Altona Solar, LLC","Birch Creek Power, LLC",MO,SUN,.,.
"Envoy Solar, LLC",Birch Creek Development,MO,MWH,0,0
"Earp Solar, LLC","Birch Creek Power, LLC",IL,SUN,0,0
"Kimmel Road Solar, LLC","Birch Creek Power, LLC",IL,SUN,.,.
Adams Solar LLC PA,Adams Solar LLC (PA),PA,SUN,0,"1,580"
Caden Energix Axton LLC,Caden Energix Axton LLC,VA,SUN,0,"4,763"
McFarland A Solar and Storage,AES Clean Energy,AZ,MWH,"8,351",-399
McFarland A Solar and Storage,AES Clean Energy,AZ,SUN,0,"28,454"
Falmouth Renewable Energy Center,"Duke Energy Florida, LLC",FL,SUN,.,.
Dunn's Bridge 1 Solar,Dunns Bridge Solar Center LLC,IN,SUN,0,"12,109"
Dunns Bridge I Solar,Dunns Bridge Solar Center LLC,IN,SUN,.,.
Tumbleweed Energy Storage,"Tumbleweed Energy Storage, LLC",CA,MWH,.,.
Chickasaw Wind Farm,MidAmerican Energy Co,IA,WND,0,"27,332"
West Ford Flat,West Ford Flat Energy Storage,CA,MWH,.,.
"Brazos Bend BESS, LLC","Brazos Bend BESS, LLC",TX,MWH,.,.
Atrisco Energy Storage,Atrisco Energy Storage LLC,NM,MWH,.,.
Lockhart Solar PV II,Terra-Gen Operating Co-Solar,CA,SUN,0,"8,188"
Beulah Solar,"Beulah Solar, LLC",SC,SUN,0,"5,676"
Saint Energy Storage II LLC,Saint Energy Storage II LLC,AZ,MWH,"7,568","-2,405"
Eastover Solar,"Eastover Solar, LLC",SC,MWH,0,0
Eastover Solar,"Eastover Solar, LLC",SC,SUN,0,"8,444"
Inland Empire Energy Storage,"Strata Manager, LLC",CA,MWH,.,.
Bottleneck Energy Storage,VESI 12 LLC,CA,MWH,.,.
Justin Court Energy Storage,VESI 23 LLC,NJ,MWH,.,.
Delta's Edge Solar,"Cubico USA, LLC",MS,SUN,0,"10,810"
Estrella Solar & Storage,AES Clean Energy,CA,MWH,0,0
Estrella Solar & Storage,AES Clean Energy,CA,SUN,0,"8,837"
Raceway Solar & Storage,AES Clean Energy,CA,MWH,.,.
Raceway Solar & Storage,AES Clean Energy,CA,SUN,.,.
"Fence Post Solar Hybrid Project, LLC","Fence Post Solar Project, LLC",TX,MWH,.,.
"Fence Post Solar Hybrid Project, LLC","Fence Post Solar Project, LLC",TX,SUN,.,.
Borden County BESS,Borden County Battery Energy Storage System LLC,TX,MWH,.,.
Clearwater Wind III,"Clearwater Wind III, LLC",MT,WND,.,.
Sky Ranch Solar,Sky Ranch Solar and Storage,NM,MWH,.,.
Sky Ranch Solar,Sky Ranch Solar and Storage,NM,SUN,.,.
SR Russellville,"SR Russellville, LLC",KY,SUN,.,.
River Ferry Solar 1,"River Ferry Solar 1, LLC",IL,SUN,0,"10,199"
Orion III Solar Project,Ben Milam Solar 3 LLC,TX,SUN,.,.
SR DeSoto III,"SR DeSoto III, LLC",GA,SUN,0,"8,000"
Prairie Creek Solar,Sol Systems,IL,SUN,0,"1,646"
Crystal Hill Solar,Urban Grid Solar,VA,SUN,0,"5,874"
Foxglove Solar,Urban Grid Solar,VA,SUN,.,.
Robin Hollow Solar,"Robin Hollow Solar, LLC",RI,SUN,0,"2,233"
Orion I Solar Project,Ben Milam Solar 1 LLC,TX,SUN,.,.
North Fork Solar Project,"North Fork Solar Project, LLC",OK,SUN,.,.
OE_ESCL,OE_ESCL,NM,SUN,.,.
Roadrunner Wind Farm,"Roadrunner Crossing Wind Farm, LLC",TX,WND,.,.
SR McNeal,"SR McNeal, LLC",AZ,MWH,0,0
SR McNeal,"SR McNeal, LLC",AZ,SUN,0,"3,347"
Orion II Solar Project,Ben Milam Solar 2 LLC,TX,SUN,.,.
Skysol,Skysol Holdco LLC,OR,SUN,0,"3,867"
"Lockhart ESS, LLC",Terra-Gen Operating Co-Solar,CA,MWH,.,.
Sagebrush Solar 2 ESS 40,Terra-Gen Operating Co-BESS 2,CA,MWH,.,.
Sagebrush Solar 2 ESS 59,Terra-Gen Operating Co-BESS 2,CA,MWH,.,.
Prescott Wind Farm,Prescott Wind Energy LLC,IA,WND,.,.
Umbriel Solar,"Umbriel Solar, LLC",TX,SUN,0,"19,528"
Three Corners Solar,"Three Corners Solar, LLC",ME,SUN,.,.
Washington County Solar,"Washington County Solar, LLC",GA,SUN,.,.
"North Bend Wind Project, LLC","North Bend Wind Project, LLC",SD,WND,0,"54,145"
Atrisco Solar LLC,Atrisco Solar LLC,NM,SUN,.,.
Greasewood II LLC,Greasewood II LLC,TX,SUN,.,.
"River Fork Solar, LLC","River Fork Solar, LLC",MI,SUN,.,.
Wild Springs,National Grid Renewables,SD,SUN,.,.
"Copperhead Solar, LLC",National Grid Renewables,TX,MWH,.,.
"Copperhead Solar, LLC",National Grid Renewables,TX,SUN,.,.
CPV Stagecoach Solar,"CPV Stagecoach Solar, LLC",GA,SUN,.,.
Dileo Solar,"Elawan Dileo Solar, LLC",TX,SUN,0,"8,398"
Pitts Dudik Solar,"Elawan Pitts Dudik Solar, LLC",TX,SUN,0,"5,708"
Roundhouse Renewable Energy II,"Roundhouse Renewable Energy II, LLC",WY,WND,0,"53,195"
Decatur Solar,"Washington County Solar, LLC",GA,SUN,.,.
County Line Renewable Energy Center,"Duke Energy Florida, LLC",FL,SUN,.,.
Sunlight Road Solar,"Sunlight Road Solar, LLC",LA,SUN,.,.
"Longbow BESS, LLC","Longbow BESS, LLC",TX,MWH,.,.
Yellow Pine II,"Yellow Pine Solar II, LLC",NV,MWH,.,.
Yellow Pine II,"Yellow Pine Solar II, LLC",NV,SUN,.,.
Paulsell,"Crow Creek Solar, LLC",CA,MWH,.,.
Paulsell,"Crow Creek Solar, LLC",CA,SUN,.,.
Mojave 16/17/18 BESS,Terra-Gen Operating Co-BESS 2,CA,MWH,.,.
Bayou Galion Solar Project,"Bayou Galion Solar Project, LLC",LA,SUN,.,.
"SR Toombs, LLC","SR Toombs I, LLC",GA,SUN,.,.
Great Cove Solar II,AES Clean Energy,PA,SUN,0,"2,444"
Duane Arnold Solar I (50 MW),Interstate Power and Light Co,IA,SUN,.,.
South Cheyenne Solar,Southern Power Co,WY,SUN,.,.
Liberty County Solar Project,"Liberty County Solar Project, LLC",TX,SUN,.,.
Oak Solar,Oak Solar LLC,NC,SUN,0,"5,765"
Foxhound,"Foxhound Solar, LLC",VA,SUN,.,.
Rodeo Ranch Energy Storage,"Rodeo Ranch Energy Storage, LLC",TX,MWH,.,.
Chevelon Butte Phase 2,AES Clean Energy,AZ,WND,.,.
Mohave Energy - Hybrid,Mohave Energy,AZ,MWH,.,.
Mohave Energy - Hybrid,Mohave Energy,AZ,SUN,.,.
Tupelo Solar,"FRP Tupelo Solar, LLC",FL,SUN,.,.
Franklin Battery Storage,Idaho Power Co,ID,MWH,.,.
Franklin Solar Hybrid,Franklin Solar Idaho,ID,SUN,.,.
Gadsden County Solar,"FRP Gadsden County Solar, LLC",FL,SUN,.,.
Columbia County Solar,"FRP Columbia County Solar, LLC",FL,SUN,.,.
Gilchrist County Solar,"FRP Gilchrist County Solar, LLC",FL,SUN,.,.
Anemoi Energy Storage,"Anemoi Energy Storage, LLC",TX,MWH,.,.
Ebony Energy Storage,"Ebony Energy Storage, LLC",TX,MWH,.,.
Fox Squirrel Solar,"EDF Renewable Asset Holdings, Inc.",OH,SUN,0,"8,142"
Mesa Wind Repower,Mesa Wind Repower,CA,WND,.,.
Ganado Solar,"Enel Green Power NA, Inc.",TX,MWH,.,.
Ganado Solar,"Enel Green Power NA, Inc.",TX,SUN,0,"17,203"
Sun Streams 3,"Sun Streams PVS, LLC",AZ,MWH,.,.
Sun Streams 3,"Sun Streams PVS, LLC",AZ,SUN,.,.
Carvers Creek Solar,"Carvers Creek, LLC",VA,SUN,.,.
Cavalier Solar,AES Clean Energy,VA,SUN,.,.
Hopkins Energy LLC,Hopkins Energy LLC,TX,SUN,.,.
"Century Oak Wind Project, LLC","Century Oak Wind Project, LLC",TX,WND,.,.
TAI Huntsville Solar Hybrid,"TAI Huntsville Solar, LLC",AL,SUN,.,.
Cavalry Solar Hybrid,Cavalry Energy Center LLC,IN,MWH,.,.
Cavalry Solar Hybrid,Cavalry Energy Center LLC,IN,SUN,.,.
Walnut Bend Solar Station PV,Walnut Bend Solar Station,AR,SUN,.,.
Creston Solar (50 MW),Interstate Power and Light Co,IA,SUN,.,.
Wever Solar (150MW),Interstate Power and Light Co,IA,SUN,.,.
AES ES Alamitos 2 LLC,AES Clean Energy,CA,MWH,.,.
Markum Solar Farm,"Markum Solar Farm, LLC",TX,SUN,.,.
Cedar Trail,Florida Power & Light Co,FL,SUN,.,.
Holtville,Greenbacker Renewable Energy Corporation,CA,MWH,.,.
Al Pastor Battery Storage Plant,Al Pastor BESS LLC,TX,MWH,.,.
Stampede Solar Hybrid,Stampede Solar Project LLC,TX,MWH,.,.
Stampede Solar Hybrid,Stampede Solar Project LLC,TX,SUN,.,.
Yellowstone County Generating Station,NorthWestern Energy (MT wind/thermal),MT,NG,.,.
Brittlebush Solar,Randolph Solar Park LLC,AZ,SUN,.,.
Hardy Hills Solar Energy LLC,Hardy Hills Solar LLC,IN,SUN,.,.
Westwing,AES Clean Energy,AZ,MWH,.,.
GFTX BESS,Giga Texas Energy LLC,TX,MWH,.,.
Connolly BESS,"BT Connolly Storage, LLC",TX,MWH,.,.
Sherco Solar I,Northern States Power Co - Minnesota,MN,SUN,.,.
Crossett Solar,"Cubico USA, LLC",AR,SUN,.,.
Agave,Arizona Public Service Co,AZ,SUN,.,.
Wolf Run Solar,Wolf Run Solar LLC,IL,SUN,.,.
Morris Ridge Solar,"Morris Ridge Solar Energy Center, LLC",NY,SUN,.,.
Dakota Range Wind,Northern States Power Co - Minnesota,SD,WND,.,.
State-Fuel Level Increment,State-Fuel Level Increment,AK,MWH,0,0
State-Fuel Level Increment,State-Fuel Level Increment,AL,MWH,0,0
State-Fuel Level Increment,State-Fuel Level Increment,AZ,MWH,0,0
State-Fuel Level Increment,State-Fuel Level Increment,AZ,MWH,0,0
State-Fuel Level Increment,State-Fuel Level Increment,CA,MWH,0,0
State-Fuel Level Increment,State-Fuel Level Increment,CA,MWH,0,0
State-Fuel Level Increment,State-Fuel Level Increment,CA,MWH,0,0
State-Fuel Level Increment,State-Fuel Level Increment,CA,MWH,0,0
State-Fuel Level Increment,State-Fuel Level Increment,CA,MWH,0,0
State-Fuel Level Increment,State-Fuel Level Increment,CA,MWH,0,0
State-Fuel Level Increment,State-Fuel Level Increment,CA,MWH,0,0
State-Fuel Level Increment,State-Fuel Level Increment,CO,MWH,0,0
State-Fuel Level Increment,State-Fuel Level Increment,CO,MWH,0,0
State-Fuel Level Increment,State-Fuel Level Increment,CO,MWH,0,0
State-Fuel Level Increment,State-Fuel Level Increment,CT,MWH,0,0
State-Fuel Level Increment,State-Fuel Level Increment,FL,MWH,0,0
State-Fuel Level Increment,State-Fuel Level Increment,FL,MWH,0,0
State-Fuel Level Increment,State-Fuel Level Increment,GA,MWH,0,0
State-Fuel Level Increment,State-Fuel Level Increment,GA,MWH,0,0
State-Fuel Level Increment,State-Fuel Level Increment,HI,MWH,0,0
State-Fuel Level Increment,State-Fuel Level Increment,HI,MWH,0,0
State-Fuel Level Increment,State-Fuel Level Increment,IA,MWH,0,0
State-Fuel Level Increment,State-Fuel Level Increment,ID,MWH,.,.
State-Fuel Level Increment,State-Fuel Level Increment,IL,MWH,0,0
State-Fuel Level Increment,State-Fuel Level Increment,IL,MWH,0,0
State-Fuel Level Increment,State-Fuel Level Increment,IN,MWH,0,0
State-Fuel Level Increment,State-Fuel Level Increment,MA,MWH,0,0
State-Fuel Level Increment,State-Fuel Level Increment,MA,MWH,0,0
State-Fuel Level Increment,State-Fuel Level Increment,MA,MWH,0,0
State-Fuel Level Increment,State-Fuel Level Increment,MA,MWH,0,0
State-Fuel Level Increment,State-Fuel Level Increment,MA,MWH,0,0
State-Fuel Level Increment,State-Fuel Level Increment,MD,MWH,0,0
State-Fuel Level Increment,State-Fuel Level Increment,MD,MWH,0,0
State-Fuel Level Increment,State-Fuel Level Increment,ME,MWH,0,0
State-Fuel Level Increment,State-Fuel Level Increment,MI,MWH,0,0
State-Fuel Level Increment,State-Fuel Level Increment,MN,MWH,0,0
State-Fuel Level Increment,State-Fuel Level Increment,MS,MWH,0,0
State-Fuel Level Increment,State-Fuel Level Increment,NC,MWH,0,0
State-Fuel Level Increment,State-Fuel Level Increment,NC,MWH,0,0
State-Fuel Level Increment,State-Fuel Level Increment,NE,MWH,0,0
State-Fuel Level Increment,State-Fuel Level Increment,NE,MWH,0,0
State-Fuel Level Increment,State-Fuel Level Increment,NH,MWH,0,0
State-Fuel Level Increment,State-Fuel Level Increment,NJ,MWH,0,0
State-Fuel Level Increment,State-Fuel Level Increment,NJ,MWH,0,0
State-Fuel Level Increment,State-Fuel Level Increment,NM,MWH,0,0
State-Fuel Level Increment,State-Fuel Level Increment,NV,MWH,0,0
State-Fuel Level Increment,State-Fuel Level Increment,NY,MWH,0,0
State-Fuel Level Increment,State-Fuel Level Increment,NY,MWH,0,0
State-Fuel Level Increment,State-Fuel Level Increment,NY,MWH,0,0
State-Fuel Level Increment,State-Fuel Level Increment,NY,MWH,0,0
State-Fuel Level Increment,State-Fuel Level Increment,OH,MWH,0,0
State-Fuel Level Increment,State-Fuel Level Increment,OK,MWH,0,0
State-Fuel Level Increment,State-Fuel Level Increment,PA,MWH,0,0
State-Fuel Level Increment,State-Fuel Level Increment,RI,MWH,0,0
State-Fuel Level Increment,State-Fuel Level Increment,SC,MWH,0,0
State-Fuel Level Increment,State-Fuel Level Increment,SD,MWH,0,0
State-Fuel Level Increment,State-Fuel Level Increment,TX,MWH,0,0
State-Fuel Level Increment,State-Fuel Level Increment,TX,MWH,0,0
State-Fuel Level Increment,State-Fuel Level Increment,VA,MWH,0,0
State-Fuel Level Increment,State-Fuel Level Increment,VA,MWH,0,0
State-Fuel Level Increment,State-Fuel Level Increment,VT,MWH,0,0
State-Fuel Level Increment,State-Fuel Level Increment,WA,MWH,0,0
State-Fuel Level Increment,State-Fuel Level Increment,WI,MWH,0,0
State-Fuel Level Increment,State-Fuel Level Increment,WI,MWH,0,0
State-Fuel Level Increment,State-Fuel Level Increment,CA,GEO,0,"122,901"
State-Fuel Level Increment,State-Fuel Level Increment,HI,GEO,0,"12,400"
State-Fuel Level Increment,State-Fuel Level Increment,ID,GEO,0,"6,636"
State-Fuel Level Increment,State-Fuel Level Increment,NV,GEO,0,"198,022"
State-Fuel Level Increment,State-Fuel Level Increment,OR,GEO,0,"15,477"
State-Fuel Level Increment,State-Fuel Level Increment,UT,GEO,0,"18,125"
State-Fuel Level Increment,State-Fuel Level Increment,AK,DFO,0,0
State-Fuel Level Increment,State-Fuel Level Increment,AL,DFO,0,0
State-Fuel Level Increment,State-Fuel Level Increment,AR,DFO,0,0
State-Fuel Level Increment,State-Fuel Level Increment,CT,DFO,0,0
State-Fuel Level Increment,State-Fuel Level Increment,FL,DFO,0,0
State-Fuel Level Increment,State-Fuel Level Increment,FL,DFO,0,0
State-Fuel Level Increment,State-Fuel Level Increment,MA,DFO,247,161
State-Fuel Level Increment,State-Fuel Level Increment,MA,DFO,0,0
State-Fuel Level Increment,State-Fuel Level Increment,MD,DFO,.,.
State-Fuel Level Increment,State-Fuel Level Increment,MN,DFO,0,0
State-Fuel Level Increment,State-Fuel Level Increment,MN,DFO,0,0
State-Fuel Level Increment,State-Fuel Level Increment,MN,DFO,0,0
State-Fuel Level Increment,State-Fuel Level Increment,MS,DFO,0,0
State-Fuel Level Increment,State-Fuel Level Increment,NC,DFO,0,0
State-Fuel Level Increment,State-Fuel Level Increment,NJ,DFO,0,0
State-Fuel Level Increment,State-Fuel Level Increment,NJ,DFO,0,0
State-Fuel Level Increment,State-Fuel Level Increment,NY,DFO,0,0
State-Fuel Level Increment,State-Fuel Level Increment,NY,DFO,0,0
State-Fuel Level Increment,State-Fuel Level Increment,NY,DFO,0,0
State-Fuel Level Increment,State-Fuel Level Increment,NY,DFO,543,94
State-Fuel Level Increment,State-Fuel Level Increment,OK,DFO,0,0
State-Fuel Level Increment,State-Fuel Level Increment,OR,DFO,0,0
State-Fuel Level Increment,State-Fuel Level Increment,OR,DFO,0,0
State-Fuel Level Increment,State-Fuel Level Increment,RI,DFO,0,0
State-Fuel Level Increment,State-Fuel Level Increment,SC,DFO,.,.
State-Fuel Level Increment,State-Fuel Level Increment,TX,DFO,0,0
State-Fuel Level Increment,State-Fuel Level Increment,TX,DFO,0,0
State-Fuel Level Increment,State-Fuel Level Increment,TX,DFO,0,0
State-Fuel Level Increment,State-Fuel Level Increment,VA,DFO,0,0
State-Fuel Level Increment,State-Fuel Level Increment,WI,DFO,0,0
State-Fuel Level Increment,State-Fuel Level Increment,NJ,KER,0,0
State-Fuel Level Increment,State-Fuel Level Increment,NY,KER,0,0
State-Fuel Level Increment,State-Fuel Level Increment,NY,KER,0,0
State-Fuel Level Increment,State-Fuel Level Increment,FL,LFG,0,0
State-Fuel Level Increment,State-Fuel Level Increment,AK,NG,"5,548","12,429"
State-Fuel Level Increment,State-Fuel Level Increment,AL,NG,0,0
State-Fuel Level Increment,State-Fuel Level Increment,AL,NG,"289,971","1,261"
State-Fuel Level Increment,State-Fuel Level Increment,AR,NG,0,0
State-Fuel Level Increment,State-Fuel Level Increment,CA,NG,0,0
State-Fuel Level Increment,State-Fuel Level Increment,CA,NG,0,0
State-Fuel Level Increment,State-Fuel Level Increment,CA,NG,0,0
State-Fuel Level Increment,State-Fuel Level Increment,CA,NG,0,0
State-Fuel Level Increment,State-Fuel Level Increment,CA,NG,0,0
State-Fuel Level Increment,State-Fuel Level Increment,CA,NG,0,0
State-Fuel Level Increment,State-Fuel Level Increment,CO,NG,"28,283","5,662"
State-Fuel Level Increment,State-Fuel Level Increment,CT,NG,0,0
State-Fuel Level Increment,State-Fuel Level Increment,CT,NG,84,"1,441"
State-Fuel Level Increment,State-Fuel Level Increment,FL,NG,0,0
State-Fuel Level Increment,State-Fuel Level Increment,FL,NG,0,0
State-Fuel Level Increment,State-Fuel Level Increment,IA,NG,0,0
State-Fuel Level Increment,State-Fuel Level Increment,ID,NG,"30,376","59,189"
State-Fuel Level Increment,State-Fuel Level Increment,IL,NG,"32,702","84,898"
State-Fuel Level Increment,State-Fuel Level Increment,IN,NG,0,0
State-Fuel Level Increment,State-Fuel Level Increment,LA,NG,0,0
State-Fuel Level Increment,State-Fuel Level Increment,LA,NG,0,0
State-Fuel Level Increment,State-Fuel Level Increment,MA,NG,"31,775","3,272"
State-Fuel Level Increment,State-Fuel Level Increment,MA,NG,"18,894","5,847"
State-Fuel Level Increment,State-Fuel Level Increment,MD,NG,.,.
State-Fuel Level Increment,State-Fuel Level Increment,ME,NG,0,0
State-Fuel Level Increment,State-Fuel Level Increment,MI,NG,"221,423","255,992"
State-Fuel Level Increment,State-Fuel Level Increment,MI,NG,"6,538","8,227"
State-Fuel Level Increment,State-Fuel Level Increment,MI,NG,"167,167","38,067"
State-Fuel Level Increment,State-Fuel Level Increment,MI,NG,0,0
State-Fuel Level Increment,State-Fuel Level Increment,MN,NG,"244,800","86,091"
State-Fuel Level Increment,State-Fuel Level Increment,MN,NG,"104,406","91,304"
State-Fuel Level Increment,State-Fuel Level Increment,MN,NG,"49,149","32,960"
State-Fuel Level Increment,State-Fuel Level Increment,MN,NG,"58,990","1,797"
State-Fuel Level Increment,State-Fuel Level Increment,MO,NG,.,.
State-Fuel Level Increment,State-Fuel Level Increment,MS,NG,0,0
State-Fuel Level Increment,State-Fuel Level Increment,NC,NG,0,0
State-Fuel Level Increment,State-Fuel Level Increment,NE,NG,"9,460","20,752"
State-Fuel Level Increment,State-Fuel Level Increment,NJ,NG,"9,248","2,193"
State-Fuel Level Increment,State-Fuel Level Increment,NJ,NG,0,0
State-Fuel Level Increment,State-Fuel Level Increment,NJ,NG,0,0
State-Fuel Level Increment,State-Fuel Level Increment,NY,NG,0,0
State-Fuel Level Increment,State-Fuel Level Increment,NY,NG,"51,414","19,669"
State-Fuel Level Increment,State-Fuel Level Increment,NY,NG,"91,091","41,865"
State-Fuel Level Increment,State-Fuel Level Increment,NY,NG,"171,420","7,590"
State-Fuel Level Increment,State-Fuel Level Increment,OH,NG,.,.
State-Fuel Level Increment,State-Fuel Level Increment,OK,NG,0,0
State-Fuel Level Increment,State-Fuel Level Increment,OR,NG,"287,148","114,677"
State-Fuel Level Increment,State-Fuel Level Increment,OR,NG,123,0
State-Fuel Level Increment,State-Fuel Level Increment,PA,NG,"50,686","13,609"
State-Fuel Level Increment,State-Fuel Level Increment,PA,NG,"18,743",0
State-Fuel Level Increment,State-Fuel Level Increment,RI,NG,"10,580","75,195"
State-Fuel Level Increment,State-Fuel Level Increment,SC,NG,.,.
State-Fuel Level Increment,State-Fuel Level Increment,SC,NG,0,0
State-Fuel Level Increment,State-Fuel Level Increment,SD,NG,"86,202","60,981"
State-Fuel Level Increment,State-Fuel Level Increment,TX,NG,"31,277","32,135"
State-Fuel Level Increment,State-Fuel Level Increment,TX,NG,"120,634","119,626"
State-Fuel Level Increment,State-Fuel Level Increment,TX,NG,0,0
State-Fuel Level Increment,State-Fuel Level Increment,TX,NG,"88,500","7,349"
State-Fuel Level Increment,State-Fuel Level Increment,TX,NG,0,0
State-Fuel Level Increment,State-Fuel Level Increment,VA,NG,0,0
State-Fuel Level Increment,State-Fuel Level Increment,WA,NG,"165,581","135,252"
State-Fuel Level Increment,State-Fuel Level Increment,WA,NG,0,0
State-Fuel Level Increment,State-Fuel Level Increment,WA,NG,"32,492","60,277"
State-Fuel Level Increment,State-Fuel Level Increment,WI,NG,"67,740","10,664"
State-Fuel Level Increment,State-Fuel Level Increment,WI,NG,"41,362","1,872"
State-Fuel Level Increment,State-Fuel Level Increment,WY,NG,.,.
State-Fuel Level Increment,State-Fuel Level Increment,CA,OBG,0,0
State-Fuel Level Increment,State-Fuel Level Increment,NY,OBL,0,0
State-Fuel Level Increment,State-Fuel Level Increment,LA,OG,"426,591","22,667"
State-Fuel Level Increment,State-Fuel Level Increment,LA,OTH,0,0
State-Fuel Level Increment,State-Fuel Level Increment,AL,NG,0,0
State-Fuel Level Increment,State-Fuel Level Increment,MS,DFO,0,0
State-Fuel Level Increment,State-Fuel Level Increment,OH,H2,0,0
State-Fuel Level Increment,State-Fuel Level Increment,AZ,NG,.,.
State-Fuel Level Increment,State-Fuel Level Increment,FL,NG,"742,874","94,753"
State-Fuel Level Increment,State-Fuel Level Increment,MA,NG,"304,592","37,608"
State-Fuel Level Increment,State-Fuel Level Increment,MO,NG,"1,226,966","169,815"
State-Fuel Level Increment,State-Fuel Level Increment,MS,NG,0,0
State-Fuel Level Increment,State-Fuel Level Increment,NY,BIT,0,0
State-Fuel Level Increment,State-Fuel Level Increment,PA,BIT,0,0
State-Fuel Level Increment,State-Fuel Level Increment,PA,BIT,0,0
State-Fuel Level Increment,State-Fuel Level Increment,AK,DFO,0,0
State-Fuel Level Increment,State-Fuel Level Increment,AL,DFO,0,0
State-Fuel Level Increment,State-Fuel Level Increment,AR,DFO,685,331
State-Fuel Level Increment,State-Fuel Level Increment,CA,DFO,0,0
State-Fuel Level Increment,State-Fuel Level Increment,CT,DFO,23,7
State-Fuel Level Increment,State-Fuel Level Increment,FL,DFO,12,6
State-Fuel Level Increment,State-Fuel Level Increment,FL,DFO,0,0
State-Fuel Level Increment,State-Fuel Level Increment,MA,DFO,166,49
State-Fuel Level Increment,State-Fuel Level Increment,MA,DFO,"1,094",566
State-Fuel Level Increment,State-Fuel Level Increment,MD,DFO,.,.
State-Fuel Level Increment,State-Fuel Level Increment,MN,DFO,0,0
State-Fuel Level Increment,State-Fuel Level Increment,MN,DFO,21,11
State-Fuel Level Increment,State-Fuel Level Increment,MN,DFO,42,23
State-Fuel Level Increment,State-Fuel Level Increment,MS,DFO,0,0
State-Fuel Level Increment,State-Fuel Level Increment,NC,DFO,"1,058",607
State-Fuel Level Increment,State-Fuel Level Increment,NJ,DFO,398,184
State-Fuel Level Increment,State-Fuel Level Increment,NJ,DFO,26,12
State-Fuel Level Increment,State-Fuel Level Increment,NJ,DFO,0,0
State-Fuel Level Increment,State-Fuel Level Increment,NY,DFO,677,435
State-Fuel Level Increment,State-Fuel Level Increment,NY,DFO,80,37
State-Fuel Level Increment,State-Fuel Level Increment,NY,DFO,91,40
State-Fuel Level Increment,State-Fuel Level Increment,NY,DFO,"1,059",586
State-Fuel Level Increment,State-Fuel Level Increment,OK,DFO,0,0
State-Fuel Level Increment,State-Fuel Level Increment,OR,DFO,0,0
State-Fuel Level Increment,State-Fuel Level Increment,OR,DFO,0,0
State-Fuel Level Increment,State-Fuel Level Increment,PA,DFO,0,0
State-Fuel Level Increment,State-Fuel Level Increment,PA,DFO,0,0
State-Fuel Level Increment,State-Fuel Level Increment,RI,DFO,"1,383",579
State-Fuel Level Increment,State-Fuel Level Increment,SC,DFO,.,.
State-Fuel Level Increment,State-Fuel Level Increment,TX,DFO,17,9
State-Fuel Level Increment,State-Fuel Level Increment,TX,DFO,0,0
State-Fuel Level Increment,State-Fuel Level Increment,TX,DFO,0,0
State-Fuel Level Increment,State-Fuel Level Increment,VA,DFO,278,184
State-Fuel Level Increment,State-Fuel Level Increment,WI,DFO,1,0
State-Fuel Level Increment,State-Fuel Level Increment,WI,DFO,0,0
State-Fuel Level Increment,State-Fuel Level Increment,FL,KER,0,0
State-Fuel Level Increment,State-Fuel Level Increment,NJ,KER,0,0
State-Fuel Level Increment,State-Fuel Level Increment,NY,KER,0,0
State-Fuel Level Increment,State-Fuel Level Increment,NY,KER,0,0
State-Fuel Level Increment,State-Fuel Level Increment,FL,LFG,"140,894","4,641"
State-Fuel Level Increment,State-Fuel Level Increment,AK,NG,"1,711,299","164,505"
State-Fuel Level Increment,State-Fuel Level Increment,AL,NG,"2,093,864","216,416"
State-Fuel Level Increment,State-Fuel Level Increment,AL,NG,"131,448","25,177"
State-Fuel Level Increment,State-Fuel Level Increment,AR,NG,"3,469,798","305,908"
State-Fuel Level Increment,State-Fuel Level Increment,CA,NG,"17,852","2,062"
State-Fuel Level Increment,State-Fuel Level Increment,CA,NG,"11,523","1,115"
State-Fuel Level Increment,State-Fuel Level Increment,CA,NG,"92,313","8,751"
State-Fuel Level Increment,State-Fuel Level Increment,CA,NG,"47,568","1,641"
State-Fuel Level Increment,State-Fuel Level Increment,CA,NG,"28,050","2,067"
State-Fuel Level Increment,State-Fuel Level Increment,CA,NG,0,0
State-Fuel Level Increment,State-Fuel Level Increment,CO,NG,"85,352","6,308"
State-Fuel Level Increment,State-Fuel Level Increment,CT,NG,"86,579","5,120"
State-Fuel Level Increment,State-Fuel Level Increment,CT,NG,"122,259","10,658"
State-Fuel Level Increment,State-Fuel Level Increment,FL,NG,"1,979,014","159,219"
State-Fuel Level Increment,State-Fuel Level Increment,FL,NG,"595,391","48,694"
State-Fuel Level Increment,State-Fuel Level Increment,IA,NG,"1,280,466","126,977"
State-Fuel Level Increment,State-Fuel Level Increment,ID,NG,"1,169,247","108,309"
State-Fuel Level Increment,State-Fuel Level Increment,IL,NG,"2,302,034","212,515"
State-Fuel Level Increment,State-Fuel Level Increment,IL,NG,"30,526","1,720"
State-Fuel Level Increment,State-Fuel Level Increment,IN,NG,"884,301","111,282"
State-Fuel Level Increment,State-Fuel Level Increment,LA,NG,"127,201","11,455"
State-Fuel Level Increment,State-Fuel Level Increment,LA,NG,"959,487","77,965"
State-Fuel Level Increment,State-Fuel Level Increment,MA,NG,"18,362",996
State-Fuel Level Increment,State-Fuel Level Increment,MA,NG,"698,800","55,802"
State-Fuel Level Increment,State-Fuel Level Increment,MD,NG,.,.
State-Fuel Level Increment,State-Fuel Level Increment,ME,NG,"845,009","73,698"
State-Fuel Level Increment,State-Fuel Level Increment,MI,NG,"4,443,541","506,982"
State-Fuel Level Increment,State-Fuel Level Increment,MI,NG,"1,331,744","126,998"
State-Fuel Level Increment,State-Fuel Level Increment,MI,NG,"928,307","81,956"
State-Fuel Level Increment,State-Fuel Level Increment,MI,NG,"74,526","5,973"
State-Fuel Level Increment,State-Fuel Level Increment,MN,NG,"1,475,870","146,479"
State-Fuel Level Increment,State-Fuel Level Increment,MN,NG,"1,648,077","158,944"
State-Fuel Level Increment,State-Fuel Level Increment,MN,NG,"698,802","66,494"
State-Fuel Level Increment,State-Fuel Level Increment,MN,NG,"213,300","21,445"
State-Fuel Level Increment,State-Fuel Level Increment,MO,NG,.,.
State-Fuel Level Increment,State-Fuel Level Increment,MS,NG,0,0
State-Fuel Level Increment,State-Fuel Level Increment,NC,NG,0,0
State-Fuel Level Increment,State-Fuel Level Increment,NE,NG,"429,169","34,925"
State-Fuel Level Increment,State-Fuel Level Increment,NJ,NG,"1,169,127","96,542"
State-Fuel Level Increment,State-Fuel Level Increment,NJ,NG,"162,603","13,209"
State-Fuel Level Increment,State-Fuel Level Increment,NJ,NG,"68,897","5,047"
State-Fuel Level Increment,State-Fuel Level Increment,NY,NG,"282,519","33,650"
State-Fuel Level Increment,State-Fuel Level Increment,NY,NG,"837,395","71,270"
State-Fuel Level Increment,State-Fuel Level Increment,NY,NG,"1,439,011","151,411"
State-Fuel Level Increment,State-Fuel Level Increment,NY,NG,"376,732","39,392"
State-Fuel Level Increment,State-Fuel Level Increment,OH,NG,.,.
State-Fuel Level Increment,State-Fuel Level Increment,OK,NG,"391,731","19,855"
State-Fuel Level Increment,State-Fuel Level Increment,OR,NG,"3,206,360","297,639"
State-Fuel Level Increment,State-Fuel Level Increment,OR,NG,877,0
State-Fuel Level Increment,State-Fuel Level Increment,PA,NG,"488,935","47,585"
State-Fuel Level Increment,State-Fuel Level Increment,PA,NG,"214,293","17,466"
State-Fuel Level Increment,State-Fuel Level Increment,RI,NG,"2,772,607","228,824"
State-Fuel Level Increment,State-Fuel Level Increment,SC,NG,.,.
State-Fuel Level Increment,State-Fuel Level Increment,SC,NG,"83,343","4,778"
State-Fuel Level Increment,State-Fuel Level Increment,SD,NG,"624,404","39,493"
State-Fuel Level Increment,State-Fuel Level Increment,TX,NG,"1,052,582","83,874"
State-Fuel Level Increment,State-Fuel Level Increment,TX,NG,"4,848,995","396,778"
State-Fuel Level Increment,State-Fuel Level Increment,TX,NG,"117,200","2,461"
State-Fuel Level Increment,State-Fuel Level Increment,TX,NG,"296,786","20,788"
State-Fuel Level Increment,State-Fuel Level Increment,TX,NG,"507,489","54,506"
State-Fuel Level Increment,State-Fuel Level Increment,TX,NG,"589,945","56,841"
State-Fuel Level Increment,State-Fuel Level Increment,VA,NG,"638,782","81,012"
State-Fuel Level Increment,State-Fuel Level Increment,WA,NG,"2,245,599","254,152"
State-Fuel Level Increment,State-Fuel Level Increment,WA,NG,"628,098","53,931"
State-Fuel Level Increment,State-Fuel Level Increment,WA,NG,"1,100,380","109,151"
State-Fuel Level Increment,State-Fuel Level Increment,WI,NG,"301,078","29,191"
State-Fuel Level Increment,State-Fuel Level Increment,WI,NG,"301,237","34,080"
State-Fuel Level Increment,State-Fuel Level Increment,WY,NG,.,.
State-Fuel Level Increment,State-Fuel Level Increment,CA,OBG,"125,398","9,897"
State-Fuel Level Increment,State-Fuel Level Increment,NY,OBL,0,0
State-Fuel Level Increment,State-Fuel Level Increment,LA,OG,0,0
State-Fuel Level Increment,State-Fuel Level Increment,TX,OG,0,0
State-Fuel Level Increment,State-Fuel Level Increment,LA,OTH,0,0
State-Fuel Level Increment,State-Fuel Level Increment,PA,PC,0,0
State-Fuel Level Increment,State-Fuel Level Increment,PA,PC,0,0
State-Fuel Level Increment,State-Fuel Level Increment,FL,RFO,0,0
State-Fuel Level Increment,State-Fuel Level Increment,MA,RFO,0,0
State-Fuel Level Increment,State-Fuel Level Increment,NY,RFO,0,0
State-Fuel Level Increment,State-Fuel Level Increment,PA,WC,0,0
State-Fuel Level Increment,State-Fuel Level Increment,CA,LFG,0,0
State-Fuel Level Increment,State-Fuel Level Increment,CA,LFG,0,0
State-Fuel Level Increment,State-Fuel Level Increment,CA,NG,0,0
State-Fuel Level Increment,State-Fuel Level Increment,CA,NG,0,0
State-Fuel Level Increment,State-Fuel Level Increment,CA,NG,0,0
State-Fuel Level Increment,State-Fuel Level Increment,CA,NG,0,0
State-Fuel Level Increment,State-Fuel Level Increment,CA,NG,0,0
State-Fuel Level Increment,State-Fuel Level Increment,CT,NG,0,0
State-Fuel Level Increment,State-Fuel Level Increment,CT,NG,0,0
State-Fuel Level Increment,State-Fuel Level Increment,CT,NG,0,0
State-Fuel Level Increment,State-Fuel Level Increment,CT,NG,0,0
State-Fuel Level Increment,State-Fuel Level Increment,CT,NG,0,0
State-Fuel Level Increment,State-Fuel Level Increment,CT,NG,0,0
State-Fuel Level Increment,State-Fuel Level Increment,DE,NG,0,0
State-Fuel Level Increment,State-Fuel Level Increment,GA,NG,0,0
State-Fuel Level Increment,State-Fuel Level Increment,MA,NG,0,0
State-Fuel Level Increment,State-Fuel Level Increment,MA,NG,0,0
State-Fuel Level Increment,State-Fuel Level Increment,NJ,NG,0,0
State-Fuel Level Increment,State-Fuel Level Increment,NY,NG,0,0
State-Fuel Level Increment,State-Fuel Level Increment,CA,OBG,0,0
State-Fuel Level Increment,State-Fuel Level Increment,CA,OBG,0,0
State-Fuel Level Increment,State-Fuel Level Increment,CA,OBG,0,0
State-Fuel Level Increment,State-Fuel Level Increment,CA,OBG,0,0
State-Fuel Level Increment,State-Fuel Level Increment,CA,OBG,0,0
State-Fuel Level Increment,State-Fuel Level Increment,AK,MWH,0,0
State-Fuel Level Increment,State-Fuel Level Increment,NY,MWH,0,0
State-Fuel Level Increment,State-Fuel Level Increment,PA,MWH,0,0
State-Fuel Level Increment,State-Fuel Level Increment,TX,MWH,0,0
State-Fuel Level Increment,State-Fuel Level Increment,CT,BIT,0,0
State-Fuel Level Increment,State-Fuel Level Increment,IA,BIT,0,0
State-Fuel Level Increment,State-Fuel Level Increment,IL,BIT,0,0
State-Fuel Level Increment,State-Fuel Level Increment,IL,BIT,0,0
State-Fuel Level Increment,State-Fuel Level Increment,KY,BIT,0,0
State-Fuel Level Increment,State-Fuel Level Increment,NC,BIT,0,0
State-Fuel Level Increment,State-Fuel Level Increment,NY,BIT,0,0
State-Fuel Level Increment,State-Fuel Level Increment,OH,BIT,0,0
State-Fuel Level Increment,State-Fuel Level Increment,OH,BIT,0,0
State-Fuel Level Increment,State-Fuel Level Increment,PA,BIT,0,0
State-Fuel Level Increment,State-Fuel Level Increment,TN,BIT,0,0
State-Fuel Level Increment,State-Fuel Level Increment,VA,BIT,0,0
State-Fuel Level Increment,State-Fuel Level Increment,AK,DFO,"3,922","1,174"
State-Fuel Level Increment,State-Fuel Level Increment,AL,DFO,328,175
State-Fuel Level Increment,State-Fuel Level Increment,AR,DFO,7,4
State-Fuel Level Increment,State-Fuel Level Increment,AZ,DFO,179,65
State-Fuel Level Increment,State-Fuel Level Increment,CA,DFO,647,250
State-Fuel Level Increment,State-Fuel Level Increment,CA,DFO,0,0
State-Fuel Level Increment,State-Fuel Level Increment,CA,DFO,0,0
State-Fuel Level Increment,State-Fuel Level Increment,CA,DFO,0,0
State-Fuel Level Increment,State-Fuel Level Increment,CO,DFO,"73,187","4,237"
State-Fuel Level Increment,State-Fuel Level Increment,CT,DFO,"1,790",760
State-Fuel Level Increment,State-Fuel Level Increment,CT,DFO,0,0
State-Fuel Level Increment,State-Fuel Level Increment,DC,DFO,54,21
State-Fuel Level Increment,State-Fuel Level Increment,DE,DFO,"1,554",330
State-Fuel Level Increment,State-Fuel Level Increment,FL,DFO,"31,839","12,899"
State-Fuel Level Increment,State-Fuel Level Increment,FL,DFO,"1,527",862
State-Fuel Level Increment,State-Fuel Level Increment,FL,DFO,0,0
State-Fuel Level Increment,State-Fuel Level Increment,GA,DFO,"11,090","5,089"
State-Fuel Level Increment,State-Fuel Level Increment,GA,DFO,"5,928","2,964"
State-Fuel Level Increment,State-Fuel Level Increment,GA,DFO,0,0
State-Fuel Level Increment,State-Fuel Level Increment,HI,DFO,"20,144","8,144"
State-Fuel Level Increment,State-Fuel Level Increment,IA,DFO,"2,639","1,221"
State-Fuel Level Increment,State-Fuel Level Increment,IL,DFO,322,156
State-Fuel Level Increment,State-Fuel Level Increment,IL,DFO,"2,754",891
State-Fuel Level Increment,State-Fuel Level Increment,IL,DFO,0,0
State-Fuel Level Increment,State-Fuel Level Increment,IN,DFO,92,4
State-Fuel Level Increment,State-Fuel Level Increment,KS,DFO,"41,470","13,358"
State-Fuel Level Increment,State-Fuel Level Increment,KS,DFO,0,0
State-Fuel Level Increment,State-Fuel Level Increment,KY,DFO,728,322
State-Fuel Level Increment,State-Fuel Level Increment,LA,DFO,"5,076","2,271"
State-Fuel Level Increment,State-Fuel Level Increment,MA,DFO,"3,962","1,893"
State-Fuel Level Increment,State-Fuel Level Increment,MA,DFO,"6,693","1,788"
State-Fuel Level Increment,State-Fuel Level Increment,MA,DFO,385,160
State-Fuel Level Increment,State-Fuel Level Increment,MD,DFO,"2,409",785
State-Fuel Level Increment,State-Fuel Level Increment,MD,DFO,0,0
State-Fuel Level Increment,State-Fuel Level Increment,MD,DFO,0,0
State-Fuel Level Increment,State-Fuel Level Increment,ME,DFO,"1,063",208
State-Fuel Level Increment,State-Fuel Level Increment,MI,DFO,380,147
State-Fuel Level Increment,State-Fuel Level Increment,MI,DFO,.,.
State-Fuel Level Increment,State-Fuel Level Increment,MN,DFO,"17,988","4,658"
State-Fuel Level Increment,State-Fuel Level Increment,MN,DFO,70,23
State-Fuel Level Increment,State-Fuel Level Increment,MN,DFO,2,1
State-Fuel Level Increment,State-Fuel Level Increment,MO,DFO,"61,568","16,491"
State-Fuel Level Increment,State-Fuel Level Increment,MS,DFO,0,0
State-Fuel Level Increment,State-Fuel Level Increment,MT,DFO,39,16
State-Fuel Level Increment,State-Fuel Level Increment,NC,DFO,"14,504","6,597"
State-Fuel Level Increment,State-Fuel Level Increment,NC,DFO,819,471
State-Fuel Level Increment,State-Fuel Level Increment,NC,DFO,"1,986",871
State-Fuel Level Increment,State-Fuel Level Increment,NC,DFO,979,2
State-Fuel Level Increment,State-Fuel Level Increment,ND,DFO,487,151
State-Fuel Level Increment,State-Fuel Level Increment,NE,DFO,"13,009","4,772"
State-Fuel Level Increment,State-Fuel Level Increment,NH,DFO,487,165
State-Fuel Level Increment,State-Fuel Level Increment,NJ,DFO,855,217
State-Fuel Level Increment,State-Fuel Level Increment,NJ,DFO,110,51
State-Fuel Level Increment,State-Fuel Level Increment,NJ,DFO,777,296
State-Fuel Level Increment,State-Fuel Level Increment,NM,DFO,"23,354",212
State-Fuel Level Increment,State-Fuel Level Increment,NV,DFO,0,0
State-Fuel Level Increment,State-Fuel Level Increment,NY,DFO,"29,395","10,867"
State-Fuel Level Increment,State-Fuel Level Increment,NY,DFO,"2,528",774
State-Fuel Level Increment,State-Fuel Level Increment,NY,DFO,715,393
State-Fuel Level Increment,State-Fuel Level Increment,NY,DFO,"1,991",691
State-Fuel Level Increment,State-Fuel Level Increment,OH,DFO,776,329
State-Fuel Level Increment,State-Fuel Level Increment,OH,DFO,"6,870","2,960"
State-Fuel Level Increment,State-Fuel Level Increment,OH,DFO,102,11
State-Fuel Level Increment,State-Fuel Level Increment,OK,DFO,12,4
State-Fuel Level Increment,State-Fuel Level Increment,PA,DFO,"8,619","2,959"
State-Fuel Level Increment,State-Fuel Level Increment,PA,DFO,.,.
State-Fuel Level Increment,State-Fuel Level Increment,RI,DFO,0,0
State-Fuel Level Increment,State-Fuel Level Increment,SC,DFO,"12,151","5,500"
State-Fuel Level Increment,State-Fuel Level Increment,SD,DFO,"3,698","1,676"
State-Fuel Level Increment,State-Fuel Level Increment,TX,DFO,"1,531","1,032"
State-Fuel Level Increment,State-Fuel Level Increment,TX,DFO,"63,055","40,599"
State-Fuel Level Increment,State-Fuel Level Increment,UT,DFO,0,0
State-Fuel Level Increment,State-Fuel Level Increment,VA,DFO,"33,048","15,787"
State-Fuel Level Increment,State-Fuel Level Increment,VA,DFO,"4,741","1,657"
State-Fuel Level Increment,State-Fuel Level Increment,VT,DFO,"1,943",532
State-Fuel Level Increment,State-Fuel Level Increment,WA,DFO,"3,245","1,275"
State-Fuel Level Increment,State-Fuel Level Increment,WI,DFO,"23,392","5,155"
State-Fuel Level Increment,State-Fuel Level Increment,AK,JF,0,0
State-Fuel Level Increment,State-Fuel Level Increment,CT,JF,253,84
State-Fuel Level Increment,State-Fuel Level Increment,CT,JF,.,.
State-Fuel Level Increment,State-Fuel Level Increment,ME,JF,0,0
State-Fuel Level Increment,State-Fuel Level Increment,MO,JF,"9,239","3,505"
State-Fuel Level Increment,State-Fuel Level Increment,NH,JF,648,212
State-Fuel Level Increment,State-Fuel Level Increment,NY,JF,0,0
State-Fuel Level Increment,State-Fuel Level Increment,TX,JF,0,0
State-Fuel Level Increment,State-Fuel Level Increment,WI,JF,0,0
State-Fuel Level Increment,State-Fuel Level Increment,CT,KER,"13,033","6,410"
State-Fuel Level Increment,State-Fuel Level Increment,IA,KER,581,177
State-Fuel Level Increment,State-Fuel Level Increment,MA,KER,426,129
State-Fuel Level Increment,State-Fuel Level Increment,NJ,KER,"2,543","1,011"
State-Fuel Level Increment,State-Fuel Level Increment,NY,KER,"21,484","7,592"
State-Fuel Level Increment,State-Fuel Level Increment,NY,KER,"40,544","14,894"
State-Fuel Level Increment,State-Fuel Level Increment,CA,LFG,"336,678","9,845"
State-Fuel Level Increment,State-Fuel Level Increment,CA,LFG,"91,477","4,078"
State-Fuel Level Increment,State-Fuel Level Increment,IL,LFG,"170,893","6,510"
State-Fuel Level Increment,State-Fuel Level Increment,IL,LFG,"247,057","7,568"
State-Fuel Level Increment,State-Fuel Level Increment,MI,LFG,"158,275","4,710"
State-Fuel Level Increment,State-Fuel Level Increment,NC,LFG,"109,330","4,295"
State-Fuel Level Increment,State-Fuel Level Increment,NH,LFG,"71,573","3,441"
State-Fuel Level Increment,State-Fuel Level Increment,NV,LFG,"80,316","2,730"
State-Fuel Level Increment,State-Fuel Level Increment,PA,LFG,"157,840","4,549"
State-Fuel Level Increment,State-Fuel Level Increment,SC,LFG,"17,557",233
State-Fuel Level Increment,State-Fuel Level Increment,SC,LFG,"31,892","1,739"
State-Fuel Level Increment,State-Fuel Level Increment,WI,LFG,"65,528","1,825"
State-Fuel Level Increment,State-Fuel Level Increment,AK,NG,"304,038","23,147"
State-Fuel Level Increment,State-Fuel Level Increment,AL,NG,"705,565","41,035"
State-Fuel Level Increment,State-Fuel Level Increment,AL,NG,0,0
State-Fuel Level Increment,State-Fuel Level Increment,AL,NG,"324,749","34,338"
State-Fuel Level Increment,State-Fuel Level Increment,AR,NG,"124,467","5,559"
State-Fuel Level Increment,State-Fuel Level Increment,AR,NG,"39,481","3,420"
State-Fuel Level Increment,State-Fuel Level Increment,AZ,NG,"334,897","29,118"
State-Fuel Level Increment,State-Fuel Level Increment,CA,NG,"326,635","37,258"
State-Fuel Level Increment,State-Fuel Level Increment,CA,NG,"25,152","1,620"
State-Fuel Level Increment,State-Fuel Level Increment,CA,NG,"599,599","65,175"
State-Fuel Level Increment,State-Fuel Level Increment,CA,NG,"72,160","5,042"
State-Fuel Level Increment,State-Fuel Level Increment,CA,NG,0,0
State-Fuel Level Increment,State-Fuel Level Increment,CA,NG,"60,677","5,445"
State-Fuel Level Increment,State-Fuel Level Increment,CA,NG,"60,280","3,937"
State-Fuel Level Increment,State-Fuel Level Increment,CA,NG,"865,968","65,738"
State-Fuel Level Increment,State-Fuel Level Increment,CO,NG,"503,948","43,117"
State-Fuel Level Increment,State-Fuel Level Increment,CO,NG,"20,883","1,436"
State-Fuel Level Increment,State-Fuel Level Increment,CT,NG,"211,335","17,772"
State-Fuel Level Increment,State-Fuel Level Increment,CT,NG,"95,187","8,293"
State-Fuel Level Increment,State-Fuel Level Increment,CT,NG,"211,890","17,036"
State-Fuel Level Increment,State-Fuel Level Increment,DC,NG,"84,272","6,129"
State-Fuel Level Increment,State-Fuel Level Increment,DE,NG,"3,185",63
State-Fuel Level Increment,State-Fuel Level Increment,FL,NG,"907,317","75,584"
State-Fuel Level Increment,State-Fuel Level Increment,FL,NG,0,0
State-Fuel Level Increment,State-Fuel Level Increment,FL,NG,"158,053","16,408"
State-Fuel Level Increment,State-Fuel Level Increment,FL,NG,"5,356",313
State-Fuel Level Increment,State-Fuel Level Increment,FL,NG,"82,266","5,097"
State-Fuel Level Increment,State-Fuel Level Increment,FL,NG,"301,805","26,830"
State-Fuel Level Increment,State-Fuel Level Increment,GA,NG,"1,651,405","46,613"
State-Fuel Level Increment,State-Fuel Level Increment,GA,NG,0,0
State-Fuel Level Increment,State-Fuel Level Increment,GA,NG,"97,584","1,566"
State-Fuel Level Increment,State-Fuel Level Increment,IA,NG,"559,698","50,170"
State-Fuel Level Increment,State-Fuel Level Increment,ID,NG,"2,157,923","194,149"
State-Fuel Level Increment,State-Fuel Level Increment,IL,NG,"281,415","12,291"
State-Fuel Level Increment,State-Fuel Level Increment,IL,NG,"1,616,448","125,460"
State-Fuel Level Increment,State-Fuel Level Increment,IL,NG,"77,263","6,836"
State-Fuel Level Increment,State-Fuel Level Increment,IL,NG,"225,957","20,657"
State-Fuel Level Increment,State-Fuel Level Increment,IL,NG,"191,006","11,527"
State-Fuel Level Increment,State-Fuel Level Increment,IN,NG,"1,956,922","113,309"
State-Fuel Level Increment,State-Fuel Level Increment,IN,NG,"117,884","10,733"
State-Fuel Level Increment,State-Fuel Level Increment,IN,NG,"287,910","20,822"
State-Fuel Level Increment,State-Fuel Level Increment,IN,NG,"391,136","39,639"
State-Fuel Level Increment,State-Fuel Level Increment,KS,NG,"353,473","6,307"
State-Fuel Level Increment,State-Fuel Level Increment,KS,NG,"2,521",0
State-Fuel Level Increment,State-Fuel Level Increment,KS,NG,"113,561","10,846"
State-Fuel Level Increment,State-Fuel Level Increment,KY,NG,"210,092","14,657"
State-Fuel Level Increment,State-Fuel Level Increment,LA,NG,0,0
State-Fuel Level Increment,State-Fuel Level Increment,LA,NG,0,0
State-Fuel Level Increment,State-Fuel Level Increment,LA,NG,"53,950","4,230"
State-Fuel Level Increment,State-Fuel Level Increment,LA,NG,"3,619,201","265,214"
State-Fuel Level Increment,State-Fuel Level Increment,MA,NG,"35,302","2,780"
State-Fuel Level Increment,State-Fuel Level Increment,MA,NG,"11,179",874
State-Fuel Level Increment,State-Fuel Level Increment,MA,NG,"697,271","56,010"
State-Fuel Level Increment,State-Fuel Level Increment,MA,NG,"80,876","5,374"
State-Fuel Level Increment,State-Fuel Level Increment,MD,NG,"226,093","18,474"
State-Fuel Level Increment,State-Fuel Level Increment,MD,NG,"170,843","7,403"
State-Fuel Level Increment,State-Fuel Level Increment,MD,NG,"87,778","5,725"
State-Fuel Level Increment,State-Fuel Level Increment,MD,NG,"2,513",316
State-Fuel Level Increment,State-Fuel Level Increment,MI,NG,"1,907,719","172,015"
State-Fuel Level Increment,State-Fuel Level Increment,MI,NG,"239,107","20,301"
State-Fuel Level Increment,State-Fuel Level Increment,MI,NG,"55,078","3,610"
State-Fuel Level Increment,State-Fuel Level Increment,MI,NG,"276,255","22,161"
State-Fuel Level Increment,State-Fuel Level Increment,MN,NG,"1,132,582","110,410"
State-Fuel Level Increment,State-Fuel Level Increment,MN,NG,"218,742","18,014"
State-Fuel Level Increment,State-Fuel Level Increment,MO,NG,"1,462,289","104,638"
State-Fuel Level Increment,State-Fuel Level Increment,MO,NG,"88,931","7,610"
State-Fuel Level Increment,State-Fuel Level Increment,MO,NG,"10,875",700
State-Fuel Level Increment,State-Fuel Level Increment,MO,NG,"114,820","11,131"
State-Fuel Level Increment,State-Fuel Level Increment,MS,NG,"675,251","27,686"
State-Fuel Level Increment,State-Fuel Level Increment,MS,NG,"96,003","8,808"
State-Fuel Level Increment,State-Fuel Level Increment,MT,NG,"314,382","31,726"
State-Fuel Level Increment,State-Fuel Level Increment,NC,NG,0,0
State-Fuel Level Increment,State-Fuel Level Increment,NC,NG,"556,544","19,797"
State-Fuel Level Increment,State-Fuel Level Increment,NC,NG,"154,563","11,444"
State-Fuel Level Increment,State-Fuel Level Increment,NC,NG,0,0
State-Fuel Level Increment,State-Fuel Level Increment,ND,NG,"1,562,144","156,100"
State-Fuel Level Increment,State-Fuel Level Increment,NE,NG,"630,917","53,481"
State-Fuel Level Increment,State-Fuel Level Increment,NJ,NG,"76,870","7,812"
State-Fuel Level Increment,State-Fuel Level Increment,NJ,NG,"628,321","49,371"
State-Fuel Level Increment,State-Fuel Level Increment,NJ,NG,"48,563","4,531"
State-Fuel Level Increment,State-Fuel Level Increment,NJ,NG,"157,307","11,718"
State-Fuel Level Increment,State-Fuel Level Increment,NJ,NG,"30,078","2,149"
State-Fuel Level Increment,State-Fuel Level Increment,NM,NG,"956,586","95,880"
State-Fuel Level Increment,State-Fuel Level Increment,NM,NG,"245,372","23,122"
State-Fuel Level Increment,State-Fuel Level Increment,NM,NG,"74,912","6,429"
State-Fuel Level Increment,State-Fuel Level Increment,NV,NG,"42,780","4,105"
State-Fuel Level Increment,State-Fuel Level Increment,NY,NG,"665,472","61,174"
State-Fuel Level Increment,State-Fuel Level Increment,NY,NG,"503,880","41,294"
State-Fuel Level Increment,State-Fuel Level Increment,NY,NG,"291,789","31,622"
State-Fuel Level Increment,State-Fuel Level Increment,NY,NG,"270,347","18,825"
State-Fuel Level Increment,State-Fuel Level Increment,NY,NG,"26,358","1,785"
State-Fuel Level Increment,State-Fuel Level Increment,OH,NG,"1,336,725","104,488"
State-Fuel Level Increment,State-Fuel Level Increment,OH,NG,"6,210,178","539,587"
State-Fuel Level Increment,State-Fuel Level Increment,OK,NG,"643,197","41,487"
State-Fuel Level Increment,State-Fuel Level Increment,OR,NG,"7,574",696
State-Fuel Level Increment,State-Fuel Level Increment,OR,NG,"175,209","18,134"
State-Fuel Level Increment,State-Fuel Level Increment,PA,NG,"729,022","67,008"
State-Fuel Level Increment,State-Fuel Level Increment,PA,NG,"1,075,071","93,604"
State-Fuel Level Increment,State-Fuel Level Increment,PA,NG,.,.
State-Fuel Level Increment,State-Fuel Level Increment,PA,NG,"1,280,922","118,087"
State-Fuel Level Increment,State-Fuel Level Increment,RI,NG,"67,005","5,817"
State-Fuel Level Increment,State-Fuel Level Increment,SC,NG,"103,246","10,216"
State-Fuel Level Increment,State-Fuel Level Increment,SC,NG,"22,744","1,901"
State-Fuel Level Increment,State-Fuel Level Increment,SC,NG,"10,414","1,039"
State-Fuel Level Increment,State-Fuel Level Increment,SD,NG,"542,320","54,055"
State-Fuel Level Increment,State-Fuel Level Increment,TN,NG,"498,892","5,360"
State-Fuel Level Increment,State-Fuel Level Increment,TN,NG,"107,346","9,563"
State-Fuel Level Increment,State-Fuel Level Increment,TN,NG,"468,026","40,998"
State-Fuel Level Increment,State-Fuel Level Increment,TX,NG,"3,121,913","226,115"
State-Fuel Level Increment,State-Fuel Level Increment,TX,NG,"52,749","3,143"
State-Fuel Level Increment,State-Fuel Level Increment,TX,NG,"2,154,028","116,871"
State-Fuel Level Increment,State-Fuel Level Increment,TX,NG,"293,345","21,815"
State-Fuel Level Increment,State-Fuel Level Increment,TX,NG,"152,280","10,944"
State-Fuel Level Increment,State-Fuel Level Increment,TX,NG,"8,699,380","715,555"
State-Fuel Level Increment,State-Fuel Level Increment,UT,NG,"161,001","16,019"
State-Fuel Level Increment,State-Fuel Level Increment,UT,NG,"97,286","9,554"
State-Fuel Level Increment,State-Fuel Level Increment,VA,NG,0,0
State-Fuel Level Increment,State-Fuel Level Increment,VA,NG,"158,321","13,094"
State-Fuel Level Increment,State-Fuel Level Increment,WA,NG,"748,232","60,853"
State-Fuel Level Increment,State-Fuel Level Increment,WI,NG,"2,376,053","197,121"
State-Fuel Level Increment,State-Fuel Level Increment,WV,NG,"291,620","27,861"
State-Fuel Level Increment,State-Fuel Level Increment,WY,NG,"103,278","9,743"
State-Fuel Level Increment,State-Fuel Level Increment,WY,NG,"25,253","2,071"
State-Fuel Level Increment,State-Fuel Level Increment,CA,OBG,0,0
State-Fuel Level Increment,State-Fuel Level Increment,CA,OBG,"44,312","2,113"
State-Fuel Level Increment,State-Fuel Level Increment,CA,OG,.,.
State-Fuel Level Increment,State-Fuel Level Increment,LA,OG,"256,058","13,732"
State-Fuel Level Increment,State-Fuel Level Increment,TX,OG,0,0
State-Fuel Level Increment,State-Fuel Level Increment,CT,PC,.,.
State-Fuel Level Increment,State-Fuel Level Increment,PA,PC,0,0
State-Fuel Level Increment,State-Fuel Level Increment,CA,PG,0,0
State-Fuel Level Increment,State-Fuel Level Increment,AK,RFO,0,0
State-Fuel Level Increment,State-Fuel Level Increment,AZ,RFO,0,0
State-Fuel Level Increment,State-Fuel Level Increment,CT,RFO,0,0
State-Fuel Level Increment,State-Fuel Level Increment,DE,RFO,0,0
State-Fuel Level Increment,State-Fuel Level Increment,FL,RFO,0,0
State-Fuel Level Increment,State-Fuel Level Increment,KS,RFO,0,0
State-Fuel Level Increment,State-Fuel Level Increment,LA,RFO,0,0
State-Fuel Level Increment,State-Fuel Level Increment,MA,RFO,0,0
State-Fuel Level Increment,State-Fuel Level Increment,NC,RFO,0,0
State-Fuel Level Increment,State-Fuel Level Increment,NE,RFO,0,0
State-Fuel Level Increment,State-Fuel Level Increment,NJ,RFO,0,0
State-Fuel Level Increment,State-Fuel Level Increment,NY,RFO,0,0
State-Fuel Level Increment,State-Fuel Level Increment,PA,RFO,0,0
State-Fuel Level Increment,State-Fuel Level Increment,PA,RFO,0,0
State-Fuel Level Increment,State-Fuel Level Increment,VT,RFO,0,0
State-Fuel Level Increment,State-Fuel Level Increment,IA,SUB,0,0
State-Fuel Level Increment,State-Fuel Level Increment,IL,SUB,0,0
State-Fuel Level Increment,State-Fuel Level Increment,SD,SUB,.,.
State-Fuel Level Increment,State-Fuel Level Increment,AK,WO,"12,067","3,627"
State-Fuel Level Increment,State-Fuel Level Increment,SC,WO,0,0
State-Fuel Level Increment,State-Fuel Level Increment,AK,WAT,0,"136,720"
State-Fuel Level Increment,State-Fuel Level Increment,AK,WAT,0,"16,594"
State-Fuel Level Increment,State-Fuel Level Increment,AL,WAT,0,"807,035"
State-Fuel Level Increment,State-Fuel Level Increment,AR,WAT,0,"390,387"
State-Fuel Level Increment,State-Fuel Level Increment,AR,WAT,0,632
State-Fuel Level Increment,State-Fuel Level Increment,AZ,WAT,0,"91,073"
State-Fuel Level Increment,State-Fuel Level Increment,CA,WAT,0,"444,785"
State-Fuel Level Increment,State-Fuel Level Increment,CA,WAT,0,"91,212"
State-Fuel Level Increment,State-Fuel Level Increment,CA,WAT,0,254
State-Fuel Level Increment,State-Fuel Level Increment,CO,WAT,0,"97,821"
State-Fuel Level Increment,State-Fuel Level Increment,CO,WAT,0,"17,842"
State-Fuel Level Increment,State-Fuel Level Increment,CT,WAT,0,439
State-Fuel Level Increment,State-Fuel Level Increment,CT,WAT,0,"45,702"
State-Fuel Level Increment,State-Fuel Level Increment,FL,WAT,0,"22,043"
State-Fuel Level Increment,State-Fuel Level Increment,GA,WAT,0,"316,990"
State-Fuel Level Increment,State-Fuel Level Increment,GA,WAT,0,681
State-Fuel Level Increment,State-Fuel Level Increment,GA,WAT,0,"1,070"
State-Fuel Level Increment,State-Fuel Level Increment,HI,WAT,0,"3,969"
State-Fuel Level Increment,State-Fuel Level Increment,IA,WAT,0,"72,984"
State-Fuel Level Increment,State-Fuel Level Increment,ID,WAT,0,"637,693"
State-Fuel Level Increment,State-Fuel Level Increment,ID,WAT,0,"68,923"
State-Fuel Level Increment,State-Fuel Level Increment,IL,WAT,0,"2,977"
State-Fuel Level Increment,State-Fuel Level Increment,IL,WAT,0,"3,076"
State-Fuel Level Increment,State-Fuel Level Increment,IN,WAT,0,"46,995"
State-Fuel Level Increment,State-Fuel Level Increment,IN,WAT,0,727
State-Fuel Level Increment,State-Fuel Level Increment,KY,WAT,0,"275,338"
State-Fuel Level Increment,State-Fuel Level Increment,KY,WAT,0,"1,436"
State-Fuel Level Increment,State-Fuel Level Increment,LA,WAT,0,"77,430"
State-Fuel Level Increment,State-Fuel Level Increment,MA,WAT,0,"33,744"
State-Fuel Level Increment,State-Fuel Level Increment,MA,WAT,0,"92,499"
State-Fuel Level Increment,State-Fuel Level Increment,MD,WAT,0,"4,086"
State-Fuel Level Increment,State-Fuel Level Increment,ME,WAT,0,509
State-Fuel Level Increment,State-Fuel Level Increment,ME,WAT,0,"354,670"
State-Fuel Level Increment,State-Fuel Level Increment,ME,WAT,0,"10,226"
State-Fuel Level Increment,State-Fuel Level Increment,MI,WAT,0,"113,218"
State-Fuel Level Increment,State-Fuel Level Increment,MI,WAT,0,"3,838"
State-Fuel Level Increment,State-Fuel Level Increment,MI,WAT,0,401
State-Fuel Level Increment,State-Fuel Level Increment,MN,WAT,0,"42,785"
State-Fuel Level Increment,State-Fuel Level Increment,MN,WAT,0,660
State-Fuel Level Increment,State-Fuel Level Increment,MN,WAT,0,"15,270"
State-Fuel Level Increment,State-Fuel Level Increment,MO,WAT,0,"119,841"
State-Fuel Level Increment,State-Fuel Level Increment,MT,WAT,0,"734,361"
State-Fuel Level Increment,State-Fuel Level Increment,MT,WAT,0,"10,183"
State-Fuel Level Increment,State-Fuel Level Increment,NC,WAT,0,"415,515"
State-Fuel Level Increment,State-Fuel Level Increment,NC,WAT,0,"74,529"
State-Fuel Level Increment,State-Fuel Level Increment,NC,WAT,0,486
State-Fuel Level Increment,State-Fuel Level Increment,ND,WAT,0,"180,293"
State-Fuel Level Increment,State-Fuel Level Increment,NE,WAT,0,"97,514"
State-Fuel Level Increment,State-Fuel Level Increment,NH,WAT,0,"1,879"
State-Fuel Level Increment,State-Fuel Level Increment,NH,WAT,0,"181,406"
State-Fuel Level Increment,State-Fuel Level Increment,NM,WAT,0,"15,850"
State-Fuel Level Increment,State-Fuel Level Increment,NV,WAT,0,"3,047"
State-Fuel Level Increment,State-Fuel Level Increment,NY,WAT,0,"66,295"
State-Fuel Level Increment,State-Fuel Level Increment,NY,WAT,0,"498,504"
State-Fuel Level Increment,State-Fuel Level Increment,NY,WAT,0,552
State-Fuel Level Increment,State-Fuel Level Increment,OH,WAT,0,"31,920"
State-Fuel Level Increment,State-Fuel Level Increment,OH,WAT,0,"21,790"
State-Fuel Level Increment,State-Fuel Level Increment,OK,WAT,0,"209,492"
State-Fuel Level Increment,State-Fuel Level Increment,OR,WAT,0,"882,262"
State-Fuel Level Increment,State-Fuel Level Increment,OR,WAT,0,"18,909"
State-Fuel Level Increment,State-Fuel Level Increment,PA,WAT,0,"310,614"
State-Fuel Level Increment,State-Fuel Level Increment,RI,WAT,0,450
State-Fuel Level Increment,State-Fuel Level Increment,SC,WAT,0,"331,766"
State-Fuel Level Increment,State-Fuel Level Increment,SC,WAT,0,"6,929"
State-Fuel Level Increment,State-Fuel Level Increment,SD,WAT,0,"357,473"
State-Fuel Level Increment,State-Fuel Level Increment,TN,WAT,0,"836,421"
State-Fuel Level Increment,State-Fuel Level Increment,TN,WAT,0,"76,452"
State-Fuel Level Increment,State-Fuel Level Increment,TX,WAT,0,"135,922"
State-Fuel Level Increment,State-Fuel Level Increment,TX,WAT,0,632
State-Fuel Level Increment,State-Fuel Level Increment,UT,WAT,0,"61,143"
State-Fuel Level Increment,State-Fuel Level Increment,UT,WAT,0,"4,487"
State-Fuel Level Increment,State-Fuel Level Increment,VA,WAT,0,"110,939"
State-Fuel Level Increment,State-Fuel Level Increment,VA,WAT,0,"9,473"
State-Fuel Level Increment,State-Fuel Level Increment,VT,WAT,0,"50,145"
State-Fuel Level Increment,State-Fuel Level Increment,VT,WAT,0,"100,541"
State-Fuel Level Increment,State-Fuel Level Increment,WA,WAT,0,"555,386"
State-Fuel Level Increment,State-Fuel Level Increment,WA,WAT,0,"22,178"
State-Fuel Level Increment,State-Fuel Level Increment,WA,WAT,0,94
State-Fuel Level Increment,State-Fuel Level Increment,WI,WAT,0,"143,138"
State-Fuel Level Increment,State-Fuel Level Increment,WI,WAT,0,"8,927"
State-Fuel Level Increment,State-Fuel Level Increment,WI,WAT,0,261
State-Fuel Level Increment,State-Fuel Level Increment,WI,WAT,0,"1,155"
State-Fuel Level Increment,State-Fuel Level Increment,WV,WAT,0,"71,501"
State-Fuel Level Increment,State-Fuel Level Increment,WV,WAT,0,"42,164"
State-Fuel Level Increment,State-Fuel Level Increment,WV,WAT,0,"46,802"
State-Fuel Level Increment,State-Fuel Level Increment,WY,WAT,0,"76,706"
State-Fuel Level Increment,State-Fuel Level Increment,CO,BIT,0,0
State-Fuel Level Increment,State-Fuel Level Increment,IL,BIT,0,0
State-Fuel Level Increment,State-Fuel Level Increment,IN,BIT,0,0
State-Fuel Level Increment,State-Fuel Level Increment,MO,BIT,0,0
State-Fuel Level Increment,State-Fuel Level Increment,WI,BIT,0,0
State-Fuel Level Increment,State-Fuel Level Increment,AK,DFO,"45,232","24,290"
State-Fuel Level Increment,State-Fuel Level Increment,AK,DFO,"9,982","6,142"
State-Fuel Level Increment,State-Fuel Level Increment,AK,DFO,57,45
State-Fuel Level Increment,State-Fuel Level Increment,AK,DFO,"5,214","2,873"
State-Fuel Level Increment,State-Fuel Level Increment,AL,DFO,0,0
State-Fuel Level Increment,State-Fuel Level Increment,AL,DFO,84,36
State-Fuel Level Increment,State-Fuel Level Increment,AR,DFO,0,0
State-Fuel Level Increment,State-Fuel Level Increment,AZ,DFO,16,3
State-Fuel Level Increment,State-Fuel Level Increment,CA,DFO,0,0
State-Fuel Level Increment,State-Fuel Level Increment,CA,DFO,0,0
State-Fuel Level Increment,State-Fuel Level Increment,CA,DFO,1,0
State-Fuel Level Increment,State-Fuel Level Increment,CA,DFO,0,0
State-Fuel Level Increment,State-Fuel Level Increment,CO,DFO,37,18
State-Fuel Level Increment,State-Fuel Level Increment,CT,DFO,372,228
State-Fuel Level Increment,State-Fuel Level Increment,CT,DFO,26,12
State-Fuel Level Increment,State-Fuel Level Increment,CT,DFO,14,9
State-Fuel Level Increment,State-Fuel Level Increment,CT,DFO,0,0
State-Fuel Level Increment,State-Fuel Level Increment,FL,DFO,309,192
State-Fuel Level Increment,State-Fuel Level Increment,FL,DFO,0,0
State-Fuel Level Increment,State-Fuel Level Increment,FL,DFO,3,2
State-Fuel Level Increment,State-Fuel Level Increment,GA,DFO,6,5
State-Fuel Level Increment,State-Fuel Level Increment,GA,DFO,0,0
State-Fuel Level Increment,State-Fuel Level Increment,GA,DFO,24,15
State-Fuel Level Increment,State-Fuel Level Increment,GA,DFO,0,0
State-Fuel Level Increment,State-Fuel Level Increment,HI,DFO,"11,253","6,653"
State-Fuel Level Increment,State-Fuel Level Increment,HI,DFO,19,9
State-Fuel Level Increment,State-Fuel Level Increment,HI,DFO,0,0
State-Fuel Level Increment,State-Fuel Level Increment,IA,DFO,"1,836","1,081"
State-Fuel Level Increment,State-Fuel Level Increment,IA,DFO,260,126
State-Fuel Level Increment,State-Fuel Level Increment,IA,DFO,6,3
State-Fuel Level Increment,State-Fuel Level Increment,IL,DFO,753,314
State-Fuel Level Increment,State-Fuel Level Increment,IL,DFO,3,1
State-Fuel Level Increment,State-Fuel Level Increment,IL,DFO,2,1
State-Fuel Level Increment,State-Fuel Level Increment,IN,DFO,20,14
State-Fuel Level Increment,State-Fuel Level Increment,IN,DFO,1,1
State-Fuel Level Increment,State-Fuel Level Increment,KS,DFO,"1,128",596
State-Fuel Level Increment,State-Fuel Level Increment,KY,DFO,53,32
State-Fuel Level Increment,State-Fuel Level Increment,LA,DFO,0,0
State-Fuel Level Increment,State-Fuel Level Increment,LA,DFO,0,0
State-Fuel Level Increment,State-Fuel Level Increment,MA,DFO,401,237
State-Fuel Level Increment,State-Fuel Level Increment,MA,DFO,496,287
State-Fuel Level Increment,State-Fuel Level Increment,MA,DFO,11,8
State-Fuel Level Increment,State-Fuel Level Increment,MA,DFO,88,50
State-Fuel Level Increment,State-Fuel Level Increment,MA,DFO,3,2
State-Fuel Level Increment,State-Fuel Level Increment,MD,DFO,32,19
State-Fuel Level Increment,State-Fuel Level Increment,MD,DFO,491,295
State-Fuel Level Increment,State-Fuel Level Increment,MD,DFO,.,.
State-Fuel Level Increment,State-Fuel Level Increment,ME,DFO,12,9
State-Fuel Level Increment,State-Fuel Level Increment,MI,DFO,"1,219",744
State-Fuel Level Increment,State-Fuel Level Increment,MI,DFO,8,3
State-Fuel Level Increment,State-Fuel Level Increment,MN,DFO,465,289
State-Fuel Level Increment,State-Fuel Level Increment,MN,DFO,33,12
State-Fuel Level Increment,State-Fuel Level Increment,MN,DFO,3,2
State-Fuel Level Increment,State-Fuel Level Increment,MO,DFO,183,100
State-Fuel Level Increment,State-Fuel Level Increment,MO,DFO,0,0
State-Fuel Level Increment,State-Fuel Level Increment,MS,DFO,21,41
State-Fuel Level Increment,State-Fuel Level Increment,NC,DFO,226,141
State-Fuel Level Increment,State-Fuel Level Increment,NC,DFO,809,446
State-Fuel Level Increment,State-Fuel Level Increment,NC,DFO,45,27
State-Fuel Level Increment,State-Fuel Level Increment,NC,DFO,264,145
State-Fuel Level Increment,State-Fuel Level Increment,ND,DFO,2,1
State-Fuel Level Increment,State-Fuel Level Increment,ND,DFO,0,0
State-Fuel Level Increment,State-Fuel Level Increment,NE,DFO,217,102
State-Fuel Level Increment,State-Fuel Level Increment,NH,DFO,0,0
State-Fuel Level Increment,State-Fuel Level Increment,NJ,DFO,1,0
State-Fuel Level Increment,State-Fuel Level Increment,NJ,DFO,0,0
State-Fuel Level Increment,State-Fuel Level Increment,NJ,DFO,0,0
State-Fuel Level Increment,State-Fuel Level Increment,NY,DFO,419,213
State-Fuel Level Increment,State-Fuel Level Increment,NY,DFO,5,2
State-Fuel Level Increment,State-Fuel Level Increment,NY,DFO,280,152
State-Fuel Level Increment,State-Fuel Level Increment,NY,DFO,305,202
State-Fuel Level Increment,State-Fuel Level Increment,NY,DFO,3,2
State-Fuel Level Increment,State-Fuel Level Increment,OH,DFO,686,379
State-Fuel Level Increment,State-Fuel Level Increment,OH,DFO,139,58
State-Fuel Level Increment,State-Fuel Level Increment,OH,DFO,6,0
State-Fuel Level Increment,State-Fuel Level Increment,OK,DFO,156,84
State-Fuel Level Increment,State-Fuel Level Increment,OR,DFO,31,18
State-Fuel Level Increment,State-Fuel Level Increment,PA,DFO,58,41
State-Fuel Level Increment,State-Fuel Level Increment,PA,DFO,250,128
State-Fuel Level Increment,State-Fuel Level Increment,PA,DFO,5,3
State-Fuel Level Increment,State-Fuel Level Increment,PA,DFO,0,0
State-Fuel Level Increment,State-Fuel Level Increment,PA,DFO,12,7
State-Fuel Level Increment,State-Fuel Level Increment,PA,DFO,11,6
State-Fuel Level Increment,State-Fuel Level Increment,SC,DFO,292,207
State-Fuel Level Increment,State-Fuel Level Increment,SC,DFO,8,6
State-Fuel Level Increment,State-Fuel Level Increment,SC,DFO,0,0
State-Fuel Level Increment,State-Fuel Level Increment,SD,DFO,14,8
State-Fuel Level Increment,State-Fuel Level Increment,SD,DFO,2,1
State-Fuel Level Increment,State-Fuel Level Increment,TN,DFO,37,19
State-Fuel Level Increment,State-Fuel Level Increment,TN,DFO,.,.
State-Fuel Level Increment,State-Fuel Level Increment,TX,DFO,48,27
State-Fuel Level Increment,State-Fuel Level Increment,TX,DFO,4,2
State-Fuel Level Increment,State-Fuel Level Increment,TX,DFO,"1,766","1,132"
State-Fuel Level Increment,State-Fuel Level Increment,TX,DFO,16,8
State-Fuel Level Increment,State-Fuel Level Increment,TX,DFO,3,1
State-Fuel Level Increment,State-Fuel Level Increment,TX,DFO,0,0
State-Fuel Level Increment,State-Fuel Level Increment,TX,DFO,9,5
State-Fuel Level Increment,State-Fuel Level Increment,UT,DFO,82,75
State-Fuel Level Increment,State-Fuel Level Increment,UT,DFO,19,11
State-Fuel Level Increment,State-Fuel Level Increment,VA,DFO,"1,248",666
State-Fuel Level Increment,State-Fuel Level Increment,VA,DFO,"2,683","1,506"
State-Fuel Level Increment,State-Fuel Level Increment,VA,DFO,.,.
State-Fuel Level Increment,State-Fuel Level Increment,WA,DFO,136,86
State-Fuel Level Increment,State-Fuel Level Increment,WA,DFO,.,.
State-Fuel Level Increment,State-Fuel Level Increment,WI,DFO,110,59
State-Fuel Level Increment,State-Fuel Level Increment,WI,DFO,36,19
State-Fuel Level Increment,State-Fuel Level Increment,WI,DFO,6,4
State-Fuel Level Increment,State-Fuel Level Increment,WY,DFO,89,47
State-Fuel Level Increment,State-Fuel Level Increment,AK,JF,159,78
State-Fuel Level Increment,State-Fuel Level Increment,AK,JF,0,0
State-Fuel Level Increment,State-Fuel Level Increment,AL,LFG,"74,804","3,599"
State-Fuel Level Increment,State-Fuel Level Increment,AR,LFG,"55,020","2,229"
State-Fuel Level Increment,State-Fuel Level Increment,AZ,LFG,"36,069","1,549"
State-Fuel Level Increment,State-Fuel Level Increment,CA,LFG,"7,288",236
State-Fuel Level Increment,State-Fuel Level Increment,CA,LFG,"1,070,771","46,101"
State-Fuel Level Increment,State-Fuel Level Increment,CA,LFG,"143,033","4,610"
State-Fuel Level Increment,State-Fuel Level Increment,CA,LFG,"301,400","10,595"
State-Fuel Level Increment,State-Fuel Level Increment,CO,LFG,"66,959","2,646"
State-Fuel Level Increment,State-Fuel Level Increment,CT,LFG,"11,808",427
State-Fuel Level Increment,State-Fuel Level Increment,DE,LFG,"97,755","4,303"
State-Fuel Level Increment,State-Fuel Level Increment,DE,LFG,"33,465","1,191"
State-Fuel Level Increment,State-Fuel Level Increment,FL,LFG,"29,593","1,459"
State-Fuel Level Increment,State-Fuel Level Increment,FL,LFG,"394,996","17,744"
State-Fuel Level Increment,State-Fuel Level Increment,GA,LFG,"520,874","22,504"
State-Fuel Level Increment,State-Fuel Level Increment,GA,LFG,"26,262","1,945"
State-Fuel Level Increment,State-Fuel Level Increment,IA,LFG,"35,812","1,586"
State-Fuel Level Increment,State-Fuel Level Increment,ID,LFG,"29,561","1,396"
State-Fuel Level Increment,State-Fuel Level Increment,ID,LFG,"37,689","2,102"
State-Fuel Level Increment,State-Fuel Level Increment,ID,LFG,"35,375","1,630"
State-Fuel Level Increment,State-Fuel Level Increment,IL,LFG,"136,054","6,141"
State-Fuel Level Increment,State-Fuel Level Increment,IN,LFG,"309,972","11,329"
State-Fuel Level Increment,State-Fuel Level Increment,IN,LFG,"13,187",251
State-Fuel Level Increment,State-Fuel Level Increment,KS,LFG,"130,004","5,632"
State-Fuel Level Increment,State-Fuel Level Increment,KY,LFG,"157,411","6,792"
State-Fuel Level Increment,State-Fuel Level Increment,KY,LFG,"12,898",356
State-Fuel Level Increment,State-Fuel Level Increment,MA,LFG,"179,359","7,049"
State-Fuel Level Increment,State-Fuel Level Increment,MD,LFG,"125,959","5,117"
State-Fuel Level Increment,State-Fuel Level Increment,MD,LFG,0,0
State-Fuel Level Increment,State-Fuel Level Increment,ME,LFG,"36,733","1,636"
State-Fuel Level Increment,State-Fuel Level Increment,MI,LFG,"888,375","37,442"
State-Fuel Level Increment,State-Fuel Level Increment,MN,LFG,"2,402",40
State-Fuel Level Increment,State-Fuel Level Increment,MN,LFG,"39,929","1,745"
State-Fuel Level Increment,State-Fuel Level Increment,MO,LFG,"39,324",584
State-Fuel Level Increment,State-Fuel Level Increment,MO,LFG,"78,683","3,231"
State-Fuel Level Increment,State-Fuel Level Increment,MS,LFG,"14,253",633
State-Fuel Level Increment,State-Fuel Level Increment,MT,LFG,"12,459",524
State-Fuel Level Increment,State-Fuel Level Increment,NC,LFG,"442,169","18,997"
State-Fuel Level Increment,State-Fuel Level Increment,NC,LFG,"44,536","1,957"
State-Fuel Level Increment,State-Fuel Level Increment,NE,LFG,"99,042","3,996"
State-Fuel Level Increment,State-Fuel Level Increment,NH,LFG,"33,874","2,070"
State-Fuel Level Increment,State-Fuel Level Increment,NJ,LFG,"79,889","3,033"
State-Fuel Level Increment,State-Fuel Level Increment,NJ,LFG,"1,755",103
State-Fuel Level Increment,State-Fuel Level Increment,NV,LFG,"44,865","2,038"
State-Fuel Level Increment,State-Fuel Level Increment,NY,LFG,"1,030,794","43,785"
State-Fuel Level Increment,State-Fuel Level Increment,NY,LFG,0,0
State-Fuel Level Increment,State-Fuel Level Increment,OH,LFG,"276,541","11,668"
State-Fuel Level Increment,State-Fuel Level Increment,OK,LFG,"28,978","1,395"
State-Fuel Level Increment,State-Fuel Level Increment,OR,LFG,"125,989","5,420"
State-Fuel Level Increment,State-Fuel Level Increment,OR,LFG,"117,776","5,463"
State-Fuel Level Increment,State-Fuel Level Increment,OR,LFG,"29,160","1,222"
State-Fuel Level Increment,State-Fuel Level Increment,PA,LFG,"711,901","30,436"
State-Fuel Level Increment,State-Fuel Level Increment,PA,LFG,"34,075","1,477"
State-Fuel Level Increment,State-Fuel Level Increment,PA,LFG,"26,177","1,464"
State-Fuel Level Increment,State-Fuel Level Increment,RI,LFG,"16,512",576
State-Fuel Level Increment,State-Fuel Level Increment,SC,LFG,"134,549","4,657"
State-Fuel Level Increment,State-Fuel Level Increment,SC,LFG,0,0
State-Fuel Level Increment,State-Fuel Level Increment,TN,LFG,"91,018","4,203"
State-Fuel Level Increment,State-Fuel Level Increment,TX,LFG,"304,415","13,296"
State-Fuel Level Increment,State-Fuel Level Increment,UT,LFG,"105,717","6,946"
State-Fuel Level Increment,State-Fuel Level Increment,UT,LFG,.,.
State-Fuel Level Increment,State-Fuel Level Increment,VA,LFG,"675,699","28,875"
State-Fuel Level Increment,State-Fuel Level Increment,VA,LFG,"18,451",882
State-Fuel Level Increment,State-Fuel Level Increment,VT,LFG,"93,304","4,493"
State-Fuel Level Increment,State-Fuel Level Increment,WA,LFG,"76,306","3,244"
State-Fuel Level Increment,State-Fuel Level Increment,WI,LFG,"317,393","12,118"
State-Fuel Level Increment,State-Fuel Level Increment,WI,LFG,"23,585",998
State-Fuel Level Increment,State-Fuel Level Increment,WV,LFG,"7,037",686
State-Fuel Level Increment,State-Fuel Level Increment,AK,NG,"593,247","68,315"
State-Fuel Level Increment,State-Fuel Level Increment,AL,NG,0,0
State-Fuel Level Increment,State-Fuel Level Increment,AR,NG,0,0
State-Fuel Level Increment,State-Fuel Level Increment,AZ,NG,0,0
State-Fuel Level Increment,State-Fuel Level Increment,CA,NG,"2,756",240
State-Fuel Level Increment,State-Fuel Level Increment,CA,NG,"35,786","3,741"
State-Fuel Level Increment,State-Fuel Level Increment,CA,NG,"25,490","3,180"
State-Fuel Level Increment,State-Fuel Level Increment,CA,NG,"51,030","5,485"
State-Fuel Level Increment,State-Fuel Level Increment,CA,NG,"56,046","3,472"
State-Fuel Level Increment,State-Fuel Level Increment,CA,NG,"36,482","3,366"
State-Fuel Level Increment,State-Fuel Level Increment,CO,NG,0,0
State-Fuel Level Increment,State-Fuel Level Increment,CO,NG,"27,212","3,511"
State-Fuel Level Increment,State-Fuel Level Increment,CO,NG,"14,227","1,995"
State-Fuel Level Increment,State-Fuel Level Increment,CT,NG,0,0
State-Fuel Level Increment,State-Fuel Level Increment,CT,NG,"33,947","3,041"
State-Fuel Level Increment,State-Fuel Level Increment,FL,NG,"11,568",514
State-Fuel Level Increment,State-Fuel Level Increment,FL,NG,"22,230","2,384"
State-Fuel Level Increment,State-Fuel Level Increment,FL,NG,"30,236","3,503"
State-Fuel Level Increment,State-Fuel Level Increment,GA,NG,0,0
State-Fuel Level Increment,State-Fuel Level Increment,GA,NG,"6,296",672
State-Fuel Level Increment,State-Fuel Level Increment,GA,NG,0,0
State-Fuel Level Increment,State-Fuel Level Increment,GA,NG,0,0
State-Fuel Level Increment,State-Fuel Level Increment,IA,NG,"61,996","7,722"
State-Fuel Level Increment,State-Fuel Level Increment,IA,NG,147,15
State-Fuel Level Increment,State-Fuel Level Increment,IA,NG,"1,418",132
State-Fuel Level Increment,State-Fuel Level Increment,IL,NG,"76,720",416
State-Fuel Level Increment,State-Fuel Level Increment,IL,NG,"17,462","1,703"
State-Fuel Level Increment,State-Fuel Level Increment,IL,NG,0,0
State-Fuel Level Increment,State-Fuel Level Increment,IL,NG,419,152
State-Fuel Level Increment,State-Fuel Level Increment,IL,NG,724,296
State-Fuel Level Increment,State-Fuel Level Increment,IL,NG,723,142
State-Fuel Level Increment,State-Fuel Level Increment,IN,NG,0,0
State-Fuel Level Increment,State-Fuel Level Increment,IN,NG,"20,372","2,024"
State-Fuel Level Increment,State-Fuel Level Increment,KS,NG,"209,520","11,761"
State-Fuel Level Increment,State-Fuel Level Increment,LA,NG,"82,162","8,021"
State-Fuel Level Increment,State-Fuel Level Increment,LA,NG,"6,962",913
State-Fuel Level Increment,State-Fuel Level Increment,MA,NG,"1,388",64
State-Fuel Level Increment,State-Fuel Level Increment,MA,NG,"24,306","2,401"
State-Fuel Level Increment,State-Fuel Level Increment,MA,NG,37,31
State-Fuel Level Increment,State-Fuel Level Increment,MD,NG,197,8
State-Fuel Level Increment,State-Fuel Level Increment,MD,NG,0,0
State-Fuel Level Increment,State-Fuel Level Increment,MD,NG,0,0
State-Fuel Level Increment,State-Fuel Level Increment,MI,NG,"683,142","84,033"
State-Fuel Level Increment,State-Fuel Level Increment,MI,NG,0,0
State-Fuel Level Increment,State-Fuel Level Increment,MI,NG,0,0
State-Fuel Level Increment,State-Fuel Level Increment,MI,NG,"9,001",858
State-Fuel Level Increment,State-Fuel Level Increment,MI,NG,"4,642",365
State-Fuel Level Increment,State-Fuel Level Increment,MN,NG,"138,473","15,868"
State-Fuel Level Increment,State-Fuel Level Increment,MN,NG,"23,472","2,834"
State-Fuel Level Increment,State-Fuel Level Increment,MN,NG,0,0
State-Fuel Level Increment,State-Fuel Level Increment,MN,NG,0,0
State-Fuel Level Increment,State-Fuel Level Increment,MO,NG,"11,539",476
State-Fuel Level Increment,State-Fuel Level Increment,MS,NG,"39,803","4,137"
State-Fuel Level Increment,State-Fuel Level Increment,ND,NG,"912,633","95,472"
State-Fuel Level Increment,State-Fuel Level Increment,NE,NG,"10,248",964
State-Fuel Level Increment,State-Fuel Level Increment,NJ,NG,"33,957","2,506"
State-Fuel Level Increment,State-Fuel Level Increment,NJ,NG,"24,732","2,408"
State-Fuel Level Increment,State-Fuel Level Increment,NJ,NG,"55,906","4,055"
State-Fuel Level Increment,State-Fuel Level Increment,NM,NG,"39,090","4,349"
State-Fuel Level Increment,State-Fuel Level Increment,NY,NG,"1,605",26
State-Fuel Level Increment,State-Fuel Level Increment,NY,NG,"20,452","1,761"
State-Fuel Level Increment,State-Fuel Level Increment,NY,NG,"1,233",334
State-Fuel Level Increment,State-Fuel Level Increment,NY,NG,"99,825","9,490"
State-Fuel Level Increment,State-Fuel Level Increment,OH,NG,"2,145",90
State-Fuel Level Increment,State-Fuel Level Increment,OH,NG,0,0
State-Fuel Level Increment,State-Fuel Level Increment,OK,NG,"68,388","5,455"
State-Fuel Level Increment,State-Fuel Level Increment,OK,NG,.,.
State-Fuel Level Increment,State-Fuel Level Increment,OR,NG,"888,585","109,929"
State-Fuel Level Increment,State-Fuel Level Increment,OR,NG,"36,841","3,829"
State-Fuel Level Increment,State-Fuel Level Increment,OR,NG,0,0
State-Fuel Level Increment,State-Fuel Level Increment,OR,NG,0,0
State-Fuel Level Increment,State-Fuel Level Increment,PA,NG,"376,042","42,867"
State-Fuel Level Increment,State-Fuel Level Increment,PA,NG,621,347
State-Fuel Level Increment,State-Fuel Level Increment,PA,NG,"2,638",273
State-Fuel Level Increment,State-Fuel Level Increment,PA,NG,"12,270","1,628"
State-Fuel Level Increment,State-Fuel Level Increment,PA,NG,218,170
State-Fuel Level Increment,State-Fuel Level Increment,RI,NG,"87,990","10,381"
State-Fuel Level Increment,State-Fuel Level Increment,SC,NG,0,0
State-Fuel Level Increment,State-Fuel Level Increment,SD,NG,"76,196","9,734"
State-Fuel Level Increment,State-Fuel Level Increment,TN,NG,.,.
State-Fuel Level Increment,State-Fuel Level Increment,TX,NG,"520,020","46,104"
State-Fuel Level Increment,State-Fuel Level Increment,TX,NG,"66,856","5,382"
State-Fuel Level Increment,State-Fuel Level Increment,TX,NG,0,0
State-Fuel Level Increment,State-Fuel Level Increment,TX,NG,0,0
State-Fuel Level Increment,State-Fuel Level Increment,TX,NG,"54,625","5,658"
State-Fuel Level Increment,State-Fuel Level Increment,UT,NG,"67,736","6,972"
State-Fuel Level Increment,State-Fuel Level Increment,UT,NG,"9,632","1,007"
State-Fuel Level Increment,State-Fuel Level Increment,UT,NG,"10,691","1,187"
State-Fuel Level Increment,State-Fuel Level Increment,VA,NG,0,0
State-Fuel Level Increment,State-Fuel Level Increment,VA,NG,.,.
State-Fuel Level Increment,State-Fuel Level Increment,WA,NG,"51,944","6,062"
State-Fuel Level Increment,State-Fuel Level Increment,WA,NG,.,.
State-Fuel Level Increment,State-Fuel Level Increment,WA,NG,0,0
State-Fuel Level Increment,State-Fuel Level Increment,WI,NG,"1,614",149
State-Fuel Level Increment,State-Fuel Level Increment,WI,NG,0,0
State-Fuel Level Increment,State-Fuel Level Increment,WI,NG,0,0
State-Fuel Level Increment,State-Fuel Level Increment,WI,NG,"7,544",701
State-Fuel Level Increment,State-Fuel Level Increment,CA,OBG,"4,957",221
State-Fuel Level Increment,State-Fuel Level Increment,CA,OBG,"80,208","4,268"
State-Fuel Level Increment,State-Fuel Level Increment,CA,OBG,"80,951","2,374"
State-Fuel Level Increment,State-Fuel Level Increment,CA,OBG,0,0
State-Fuel Level Increment,State-Fuel Level Increment,CA,OBG,"185,301","8,919"
State-Fuel Level Increment,State-Fuel Level Increment,CA,OBG,"19,019",991
State-Fuel Level Increment,State-Fuel Level Increment,FL,OBG,0,0
State-Fuel Level Increment,State-Fuel Level Increment,IA,OBG,"6,716",439
State-Fuel Level Increment,State-Fuel Level Increment,ID,OBG,"14,803",748
State-Fuel Level Increment,State-Fuel Level Increment,ID,OBG,"18,656","1,360"
State-Fuel Level Increment,State-Fuel Level Increment,IN,OBG,"26,459","1,141"
State-Fuel Level Increment,State-Fuel Level Increment,IN,OBG,"58,736","3,058"
State-Fuel Level Increment,State-Fuel Level Increment,MI,OBG,"16,990","1,030"
State-Fuel Level Increment,State-Fuel Level Increment,MI,OBG,"16,234","1,051"
State-Fuel Level Increment,State-Fuel Level Increment,MN,OBG,"29,452","1,993"
State-Fuel Level Increment,State-Fuel Level Increment,MN,OBG,"5,013",253
State-Fuel Level Increment,State-Fuel Level Increment,NC,OBG,"15,058",788
State-Fuel Level Increment,State-Fuel Level Increment,NY,OBG,"9,917",365
State-Fuel Level Increment,State-Fuel Level Increment,OH,OBG,0,0
State-Fuel Level Increment,State-Fuel Level Increment,OH,OBG,0,0
State-Fuel Level Increment,State-Fuel Level Increment,OH,OBG,"4,673",314
State-Fuel Level Increment,State-Fuel Level Increment,OR,OBG,545,71
State-Fuel Level Increment,State-Fuel Level Increment,OR,OBG,"6,589",762
State-Fuel Level Increment,State-Fuel Level Increment,RI,OBG,"6,442",369
State-Fuel Level Increment,State-Fuel Level Increment,WA,OBG,"10,289",777
State-Fuel Level Increment,State-Fuel Level Increment,WI,OBG,"27,943","1,236"
State-Fuel Level Increment,State-Fuel Level Increment,WI,OBG,"36,942","1,991"
State-Fuel Level Increment,State-Fuel Level Increment,AK,OBL,0,0
State-Fuel Level Increment,State-Fuel Level Increment,HI,OBL,0,0
State-Fuel Level Increment,State-Fuel Level Increment,NE,OBL,0,0
State-Fuel Level Increment,State-Fuel Level Increment,TN,OBL,0,0
State-Fuel Level Increment,State-Fuel Level Increment,FL,OG,0,0
State-Fuel Level Increment,State-Fuel Level Increment,PA,OG,0,0
State-Fuel Level Increment,State-Fuel Level Increment,CA,PG,0,0
State-Fuel Level Increment,State-Fuel Level Increment,UT,PG,0,0
State-Fuel Level Increment,State-Fuel Level Increment,CT,RFO,0,0
State-Fuel Level Increment,State-Fuel Level Increment,IL,RFO,0,0
State-Fuel Level Increment,State-Fuel Level Increment,KS,RFO,0,0
State-Fuel Level Increment,State-Fuel Level Increment,MA,RFO,0,0
State-Fuel Level Increment,State-Fuel Level Increment,NC,RFO,0,0
State-Fuel Level Increment,State-Fuel Level Increment,NH,RFO,0,0
State-Fuel Level Increment,State-Fuel Level Increment,PA,WO,0,0
State-Fuel Level Increment,State-Fuel Level Increment,VA,WO,0,0
State-Fuel Level Increment,State-Fuel Level Increment,CA,AB,"5,535","1,681"
State-Fuel Level Increment,State-Fuel Level Increment,LA,NG,0,0
State-Fuel Level Increment,State-Fuel Level Increment,LA,OTH,0,0
State-Fuel Level Increment,State-Fuel Level Increment,UT,SUN,0,151
State-Fuel Level Increment,State-Fuel Level Increment,ME,WDS,"8,950","5,564"
State-Fuel Level Increment,State-Fuel Level Increment,AK,SUN,0,174
State-Fuel Level Increment,State-Fuel Level Increment,AK,SUN,0,615
State-Fuel Level Increment,State-Fuel Level Increment,AL,SUN,0,"1,287"
State-Fuel Level Increment,State-Fuel Level Increment,AL,SUN,0,"2,235"
State-Fuel Level Increment,State-Fuel Level Increment,AR,SUN,0,"2,542"
State-Fuel Level Increment,State-Fuel Level Increment,AR,SUN,0,"3,537"
State-Fuel Level Increment,State-Fuel Level Increment,AR,SUN,0,172
State-Fuel Level Increment,State-Fuel Level Increment,AZ,SUN,0,"43,856"
State-Fuel Level Increment,State-Fuel Level Increment,AZ,SUN,0,"88,794"
State-Fuel Level Increment,State-Fuel Level Increment,AZ,SUN,0,"1,164"
State-Fuel Level Increment,State-Fuel Level Increment,AZ,SUN,0,"1,633"
State-Fuel Level Increment,State-Fuel Level Increment,CA,SUN,0,"17,076"
State-Fuel Level Increment,State-Fuel Level Increment,CA,SUN,0,"789,240"
State-Fuel Level Increment,State-Fuel Level Increment,CA,SUN,0,350
State-Fuel Level Increment,State-Fuel Level Increment,CA,SUN,0,"9,775"
State-Fuel Level Increment,State-Fuel Level Increment,CA,SUN,0,169
State-Fuel Level Increment,State-Fuel Level Increment,CA,SUN,0,"12,068"
State-Fuel Level Increment,State-Fuel Level Increment,CA,SUN,0,120
State-Fuel Level Increment,State-Fuel Level Increment,CO,SUN,0,663
State-Fuel Level Increment,State-Fuel Level Increment,CO,SUN,0,"45,429"
State-Fuel Level Increment,State-Fuel Level Increment,CO,SUN,0,916
State-Fuel Level Increment,State-Fuel Level Increment,CO,SUN,0,"1,262"
State-Fuel Level Increment,State-Fuel Level Increment,CT,SUN,0,"12,163"
State-Fuel Level Increment,State-Fuel Level Increment,CT,SUN,0,253
State-Fuel Level Increment,State-Fuel Level Increment,CT,SUN,0,228
State-Fuel Level Increment,State-Fuel Level Increment,CT,SUN,0,5
State-Fuel Level Increment,State-Fuel Level Increment,DC,SUN,0,165
State-Fuel Level Increment,State-Fuel Level Increment,DC,SUN,0,"1,326"
State-Fuel Level Increment,State-Fuel Level Increment,DE,SUN,0,359
State-Fuel Level Increment,State-Fuel Level Increment,DE,SUN,0,"1,006"
State-Fuel Level Increment,State-Fuel Level Increment,DE,SUN,0,137
State-Fuel Level Increment,State-Fuel Level Increment,DE,SUN,0,328
State-Fuel Level Increment,State-Fuel Level Increment,FL,SUN,0,"5,255"
State-Fuel Level Increment,State-Fuel Level Increment,FL,SUN,0,"9,085"
State-Fuel Level Increment,State-Fuel Level Increment,FL,SUN,0,281
State-Fuel Level Increment,State-Fuel Level Increment,FL,SUN,0,157
State-Fuel Level Increment,State-Fuel Level Increment,GA,SUN,0,"8,087"
State-Fuel Level Increment,State-Fuel Level Increment,GA,SUN,0,"75,434"
State-Fuel Level Increment,State-Fuel Level Increment,GA,SUN,0,205
State-Fuel Level Increment,State-Fuel Level Increment,HI,SUN,0,"2,021"
State-Fuel Level Increment,State-Fuel Level Increment,HI,SUN,0,"6,676"
State-Fuel Level Increment,State-Fuel Level Increment,HI,SUN,0,288
State-Fuel Level Increment,State-Fuel Level Increment,IA,SUN,0,"2,159"
State-Fuel Level Increment,State-Fuel Level Increment,IA,SUN,0,"1,059"
State-Fuel Level Increment,State-Fuel Level Increment,ID,SUN,0,"6,433"
State-Fuel Level Increment,State-Fuel Level Increment,ID,SUN,0,146
State-Fuel Level Increment,State-Fuel Level Increment,IL,SUN,0,11
State-Fuel Level Increment,State-Fuel Level Increment,IL,SUN,0,"28,278"
State-Fuel Level Increment,State-Fuel Level Increment,IL,SUN,0,93
State-Fuel Level Increment,State-Fuel Level Increment,IL,SUN,0,154
State-Fuel Level Increment,State-Fuel Level Increment,IN,SUN,0,"21,025"
State-Fuel Level Increment,State-Fuel Level Increment,IN,SUN,0,"9,779"
State-Fuel Level Increment,State-Fuel Level Increment,IN,SUN,0,101
State-Fuel Level Increment,State-Fuel Level Increment,KS,SUN,0,848
State-Fuel Level Increment,State-Fuel Level Increment,KS,SUN,0,"1,061"
State-Fuel Level Increment,State-Fuel Level Increment,KY,SUN,0,"1,476"
State-Fuel Level Increment,State-Fuel Level Increment,KY,SUN,0,256
State-Fuel Level Increment,State-Fuel Level Increment,KY,SUN,0,72
State-Fuel Level Increment,State-Fuel Level Increment,LA,SUN,0,"2,164"
State-Fuel Level Increment,State-Fuel Level Increment,LA,SUN,0,"2,051"
State-Fuel Level Increment,State-Fuel Level Increment,MA,SUN,0,"3,241"
State-Fuel Level Increment,State-Fuel Level Increment,MA,SUN,0,"103,367"
State-Fuel Level Increment,State-Fuel Level Increment,MA,SUN,0,447
State-Fuel Level Increment,State-Fuel Level Increment,MA,SUN,0,103
State-Fuel Level Increment,State-Fuel Level Increment,MD,SUN,0,399
State-Fuel Level Increment,State-Fuel Level Increment,MD,SUN,0,"28,749"
State-Fuel Level Increment,State-Fuel Level Increment,MD,SUN,0,991
State-Fuel Level Increment,State-Fuel Level Increment,ME,SUN,0,"32,956"
State-Fuel Level Increment,State-Fuel Level Increment,MI,SUN,0,"1,872"
State-Fuel Level Increment,State-Fuel Level Increment,MI,SUN,0,"35,810"
State-Fuel Level Increment,State-Fuel Level Increment,MI,SUN,0,14
State-Fuel Level Increment,State-Fuel Level Increment,MN,SUN,0,"3,072"
State-Fuel Level Increment,State-Fuel Level Increment,MN,SUN,0,"87,996"
State-Fuel Level Increment,State-Fuel Level Increment,MN,SUN,0,"4,615"
State-Fuel Level Increment,State-Fuel Level Increment,MO,SUN,0,"3,018"
State-Fuel Level Increment,State-Fuel Level Increment,MO,SUN,0,"3,824"
State-Fuel Level Increment,State-Fuel Level Increment,MS,SUN,0,154
State-Fuel Level Increment,State-Fuel Level Increment,MS,SUN,0,877
State-Fuel Level Increment,State-Fuel Level Increment,MT,SUN,.,.
State-Fuel Level Increment,State-Fuel Level Increment,NC,SUN,0,"20,012"
State-Fuel Level Increment,State-Fuel Level Increment,NC,SUN,0,"306,870"
State-Fuel Level Increment,State-Fuel Level Increment,NC,SUN,0,"5,548"
State-Fuel Level Increment,State-Fuel Level Increment,NE,SUN,0,388
State-Fuel Level Increment,State-Fuel Level Increment,NE,SUN,0,"3,277"
State-Fuel Level Increment,State-Fuel Level Increment,NH,SUN,0,173
State-Fuel Level Increment,State-Fuel Level Increment,NJ,SUN,0,"6,563"
State-Fuel Level Increment,State-Fuel Level Increment,NJ,SUN,0,"70,646"
State-Fuel Level Increment,State-Fuel Level Increment,NJ,SUN,0,"6,554"
State-Fuel Level Increment,State-Fuel Level Increment,NJ,SUN,0,9
State-Fuel Level Increment,State-Fuel Level Increment,NJ,SUN,0,233
State-Fuel Level Increment,State-Fuel Level Increment,NM,SUN,0,"20,531"
State-Fuel Level Increment,State-Fuel Level Increment,NM,SUN,0,"32,387"
State-Fuel Level Increment,State-Fuel Level Increment,NV,SUN,0,765
State-Fuel Level Increment,State-Fuel Level Increment,NV,SUN,0,"53,425"
State-Fuel Level Increment,State-Fuel Level Increment,NV,SUN,0,"2,448"
State-Fuel Level Increment,State-Fuel Level Increment,NV,SUN,0,567
State-Fuel Level Increment,State-Fuel Level Increment,NY,SUN,0,"134,835"
State-Fuel Level Increment,State-Fuel Level Increment,NY,SUN,0,306
State-Fuel Level Increment,State-Fuel Level Increment,NY,SUN,0,478
State-Fuel Level Increment,State-Fuel Level Increment,OH,SUN,0,376
State-Fuel Level Increment,State-Fuel Level Increment,OH,SUN,0,"9,524"
State-Fuel Level Increment,State-Fuel Level Increment,OH,SUN,0,347
State-Fuel Level Increment,State-Fuel Level Increment,OK,SUN,0,"2,470"
State-Fuel Level Increment,State-Fuel Level Increment,OK,SUN,0,208
State-Fuel Level Increment,State-Fuel Level Increment,OR,SUN,0,267
State-Fuel Level Increment,State-Fuel Level Increment,OR,SUN,0,"45,631"
State-Fuel Level Increment,State-Fuel Level Increment,PA,SUN,0,"23,311"
State-Fuel Level Increment,State-Fuel Level Increment,PA,SUN,0,474
State-Fuel Level Increment,State-Fuel Level Increment,PA,SUN,0,377
State-Fuel Level Increment,State-Fuel Level Increment,RI,SUN,0,"20,925"
State-Fuel Level Increment,State-Fuel Level Increment,SC,SUN,0,395
State-Fuel Level Increment,State-Fuel Level Increment,SC,SUN,0,"40,011"
State-Fuel Level Increment,State-Fuel Level Increment,SC,SUN,0,271
State-Fuel Level Increment,State-Fuel Level Increment,SC,SUN,0,10
State-Fuel Level Increment,State-Fuel Level Increment,SD,SUN,0,99
State-Fuel Level Increment,State-Fuel Level Increment,TN,SUN,0,134
State-Fuel Level Increment,State-Fuel Level Increment,TN,SUN,0,"6,763"
State-Fuel Level Increment,State-Fuel Level Increment,TN,SUN,0,184
State-Fuel Level Increment,State-Fuel Level Increment,TX,SUN,0,734
State-Fuel Level Increment,State-Fuel Level Increment,TX,SUN,0,"67,017"
State-Fuel Level Increment,State-Fuel Level Increment,TX,SUN,0,112
State-Fuel Level Increment,State-Fuel Level Increment,TX,SUN,0,608
State-Fuel Level Increment,State-Fuel Level Increment,UT,SUN,0,365
State-Fuel Level Increment,State-Fuel Level Increment,UT,SUN,0,"22,016"
State-Fuel Level Increment,State-Fuel Level Increment,UT,SUN,0,318
State-Fuel Level Increment,State-Fuel Level Increment,VA,SUN,0,"23,661"
State-Fuel Level Increment,State-Fuel Level Increment,VA,SUN,0,"49,944"
State-Fuel Level Increment,State-Fuel Level Increment,VA,SUN,0,80
State-Fuel Level Increment,State-Fuel Level Increment,VT,SUN,0,65
State-Fuel Level Increment,State-Fuel Level Increment,VT,SUN,0,"6,474"
State-Fuel Level Increment,State-Fuel Level Increment,WA,SUN,0,327
State-Fuel Level Increment,State-Fuel Level Increment,WA,SUN,0,"1,600"
State-Fuel Level Increment,State-Fuel Level Increment,WI,SUN,0,"8,647"
State-Fuel Level Increment,State-Fuel Level Increment,WI,SUN,0,"8,956"
State-Fuel Level Increment,State-Fuel Level Increment,WI,SUN,0,191
State-Fuel Level Increment,State-Fuel Level Increment,WV,SUN,0,"1,938"
State-Fuel Level Increment,State-Fuel Level Increment,WV,SUN,.,.
State-Fuel Level Increment,State-Fuel Level Increment,AK,AB,0,0
State-Fuel Level Increment,State-Fuel Level Increment,CA,AB,"12,614","5,894"
State-Fuel Level Increment,State-Fuel Level Increment,HI,AB,"8,695","3,763"
State-Fuel Level Increment,State-Fuel Level Increment,IA,AB,0,0
State-Fuel Level Increment,State-Fuel Level Increment,LA,AB,"15,636","7,438"
State-Fuel Level Increment,State-Fuel Level Increment,LA,AB,"52,499",0
State-Fuel Level Increment,State-Fuel Level Increment,MN,AB,"12,541","3,529"
State-Fuel Level Increment,State-Fuel Level Increment,NC,AB,"7,949",574
State-Fuel Level Increment,State-Fuel Level Increment,ND,AB,0,0
State-Fuel Level Increment,State-Fuel Level Increment,IN,BFG,"20,002,738","89,894"
State-Fuel Level Increment,State-Fuel Level Increment,PA,BFG,"7,491,633","37,336"
State-Fuel Level Increment,State-Fuel Level Increment,TX,BFG,"1,372,022","4,505"
State-Fuel Level Increment,State-Fuel Level Increment,AL,BIT,0,0
State-Fuel Level Increment,State-Fuel Level Increment,CA,BIT,0,0
State-Fuel Level Increment,State-Fuel Level Increment,CA,BIT,0,0
State-Fuel Level Increment,State-Fuel Level Increment,FL,BIT,0,0
State-Fuel Level Increment,State-Fuel Level Increment,GA,BIT,0,0
State-Fuel Level Increment,State-Fuel Level Increment,GA,BIT,"8,498","8,907"
State-Fuel Level Increment,State-Fuel Level Increment,IA,BIT,99,236
State-Fuel Level Increment,State-Fuel Level Increment,ID,BIT,0,0
State-Fuel Level Increment,State-Fuel Level Increment,IL,BIT,"2,752","1,294"
State-Fuel Level Increment,State-Fuel Level Increment,IL,BIT,0,0
State-Fuel Level Increment,State-Fuel Level Increment,IN,BIT,"8,937","17,618"
State-Fuel Level Increment,State-Fuel Level Increment,ME,BIT,0,0
State-Fuel Level Increment,State-Fuel Level Increment,ME,BIT,0,0
State-Fuel Level Increment,State-Fuel Level Increment,MI,BIT,0,0
State-Fuel Level Increment,State-Fuel Level Increment,MI,BIT,"8,312",0
State-Fuel Level Increment,State-Fuel Level Increment,MN,BIT,0,0
State-Fuel Level Increment,State-Fuel Level Increment,MN,BIT,0,0
State-Fuel Level Increment,State-Fuel Level Increment,MO,BIT,0,0
State-Fuel Level Increment,State-Fuel Level Increment,MS,BIT,.,.
State-Fuel Level Increment,State-Fuel Level Increment,MT,BIT,0,0
State-Fuel Level Increment,State-Fuel Level Increment,NC,BIT,.,.
State-Fuel Level Increment,State-Fuel Level Increment,NC,BIT,0,0
State-Fuel Level Increment,State-Fuel Level Increment,NC,BIT,406,216
State-Fuel Level Increment,State-Fuel Level Increment,NY,BIT,0,0
State-Fuel Level Increment,State-Fuel Level Increment,NY,BIT,0,0
State-Fuel Level Increment,State-Fuel Level Increment,OH,BIT,"11,267","23,855"
State-Fuel Level Increment,State-Fuel Level Increment,OH,BIT,0,0
State-Fuel Level Increment,State-Fuel Level Increment,OH,BIT,0,0
State-Fuel Level Increment,State-Fuel Level Increment,PA,BIT,0,0
State-Fuel Level Increment,State-Fuel Level Increment,PA,BIT,0,0
State-Fuel Level Increment,State-Fuel Level Increment,SC,BIT,0,0
State-Fuel Level Increment,State-Fuel Level Increment,VA,BIT,0,0
State-Fuel Level Increment,State-Fuel Level Increment,VA,BIT,0,0
State-Fuel Level Increment,State-Fuel Level Increment,WA,BIT,0,0
State-Fuel Level Increment,State-Fuel Level Increment,WI,BIT,0,0
State-Fuel Level Increment,State-Fuel Level Increment,WI,BIT,"2,905",0
State-Fuel Level Increment,State-Fuel Level Increment,AL,BLQ,"361,860","105,048"
State-Fuel Level Increment,State-Fuel Level Increment,AR,BLQ,"107,123","29,952"
State-Fuel Level Increment,State-Fuel Level Increment,FL,BLQ,"102,419","31,281"
State-Fuel Level Increment,State-Fuel Level Increment,GA,BLQ,"508,501","147,715"
State-Fuel Level Increment,State-Fuel Level Increment,KY,BLQ,"69,149","19,807"
State-Fuel Level Increment,State-Fuel Level Increment,LA,BLQ,"289,882","70,153"
State-Fuel Level Increment,State-Fuel Level Increment,ME,BLQ,"32,801","12,235"
State-Fuel Level Increment,State-Fuel Level Increment,MI,BLQ,"50,405","16,521"
State-Fuel Level Increment,State-Fuel Level Increment,MS,BLQ,"18,889","20,034"
State-Fuel Level Increment,State-Fuel Level Increment,NC,BLQ,"65,646","15,815"
State-Fuel Level Increment,State-Fuel Level Increment,NY,BLQ,.,.
State-Fuel Level Increment,State-Fuel Level Increment,OH,BLQ,.,.
State-Fuel Level Increment,State-Fuel Level Increment,OR,BLQ,"63,035","9,677"
State-Fuel Level Increment,State-Fuel Level Increment,PA,BLQ,"30,517","4,518"
State-Fuel Level Increment,State-Fuel Level Increment,SC,BLQ,"57,342","15,549"
State-Fuel Level Increment,State-Fuel Level Increment,TX,BLQ,"193,605","47,603"
State-Fuel Level Increment,State-Fuel Level Increment,WA,BLQ,"138,654","10,823"
State-Fuel Level Increment,State-Fuel Level Increment,WI,BLQ,"8,497","1,527"
State-Fuel Level Increment,State-Fuel Level Increment,AK,DFO,0,0
State-Fuel Level Increment,State-Fuel Level Increment,AL,DFO,"13,887","1,213"
State-Fuel Level Increment,State-Fuel Level Increment,AR,DFO,0,0
State-Fuel Level Increment,State-Fuel Level Increment,AR,DFO,191,19
State-Fuel Level Increment,State-Fuel Level Increment,CA,DFO,0,0
State-Fuel Level Increment,State-Fuel Level Increment,CA,DFO,0,0
State-Fuel Level Increment,State-Fuel Level Increment,CA,DFO,0,0
State-Fuel Level Increment,State-Fuel Level Increment,CO,DFO,0,0
State-Fuel Level Increment,State-Fuel Level Increment,CT,DFO,240,117
State-Fuel Level Increment,State-Fuel Level Increment,CT,DFO,0,0
State-Fuel Level Increment,State-Fuel Level Increment,DE,DFO,37,18
State-Fuel Level Increment,State-Fuel Level Increment,FL,DFO,146,23
State-Fuel Level Increment,State-Fuel Level Increment,GA,DFO,0,0
State-Fuel Level Increment,State-Fuel Level Increment,GA,DFO,164,34
State-Fuel Level Increment,State-Fuel Level Increment,HI,DFO,0,0
State-Fuel Level Increment,State-Fuel Level Increment,IA,DFO,0,0
State-Fuel Level Increment,State-Fuel Level Increment,IA,DFO,.,.
State-Fuel Level Increment,State-Fuel Level Increment,ID,DFO,0,0
State-Fuel Level Increment,State-Fuel Level Increment,IL,DFO,0,0
State-Fuel Level Increment,State-Fuel Level Increment,IN,DFO,269,87
State-Fuel Level Increment,State-Fuel Level Increment,IN,DFO,0,0
State-Fuel Level Increment,State-Fuel Level Increment,KS,DFO,0,0
State-Fuel Level Increment,State-Fuel Level Increment,LA,DFO,0,0
State-Fuel Level Increment,State-Fuel Level Increment,LA,DFO,.,.
State-Fuel Level Increment,State-Fuel Level Increment,LA,DFO,0,0
State-Fuel Level Increment,State-Fuel Level Increment,MA,DFO,0,0
State-Fuel Level Increment,State-Fuel Level Increment,MA,DFO,358,77
State-Fuel Level Increment,State-Fuel Level Increment,MD,DFO,355,146
State-Fuel Level Increment,State-Fuel Level Increment,MD,DFO,0,0
State-Fuel Level Increment,State-Fuel Level Increment,ME,DFO,0,0
State-Fuel Level Increment,State-Fuel Level Increment,ME,DFO,0,0
State-Fuel Level Increment,State-Fuel Level Increment,MI,DFO,0,351
State-Fuel Level Increment,State-Fuel Level Increment,MI,DFO,0,0
State-Fuel Level Increment,State-Fuel Level Increment,MI,DFO,0,0
State-Fuel Level Increment,State-Fuel Level Increment,MN,DFO,0,0
State-Fuel Level Increment,State-Fuel Level Increment,MN,DFO,0,0
State-Fuel Level Increment,State-Fuel Level Increment,MO,DFO,0,0
State-Fuel Level Increment,State-Fuel Level Increment,MS,DFO,0,0
State-Fuel Level Increment,State-Fuel Level Increment,MS,DFO,.,.
State-Fuel Level Increment,State-Fuel Level Increment,MT,DFO,89,37
State-Fuel Level Increment,State-Fuel Level Increment,NC,DFO,.,.
State-Fuel Level Increment,State-Fuel Level Increment,NC,DFO,0,0
State-Fuel Level Increment,State-Fuel Level Increment,NC,DFO,"6,655",664
State-Fuel Level Increment,State-Fuel Level Increment,NE,DFO,225,108
State-Fuel Level Increment,State-Fuel Level Increment,NH,DFO,"4,657","2,015"
State-Fuel Level Increment,State-Fuel Level Increment,NY,DFO,0,0
State-Fuel Level Increment,State-Fuel Level Increment,NY,DFO,0,0
State-Fuel Level Increment,State-Fuel Level Increment,NY,DFO,11,1
State-Fuel Level Increment,State-Fuel Level Increment,OH,DFO,"2,226","1,062"
State-Fuel Level Increment,State-Fuel Level Increment,OH,DFO,0,0
State-Fuel Level Increment,State-Fuel Level Increment,OK,DFO,21,8
State-Fuel Level Increment,State-Fuel Level Increment,OR,DFO,0,0
State-Fuel Level Increment,State-Fuel Level Increment,PA,DFO,"5,804","1,995"
State-Fuel Level Increment,State-Fuel Level Increment,PA,DFO,"1,263",568
State-Fuel Level Increment,State-Fuel Level Increment,PA,DFO,.,.
State-Fuel Level Increment,State-Fuel Level Increment,PA,DFO,.,.
State-Fuel Level Increment,State-Fuel Level Increment,PA,DFO,6,1
State-Fuel Level Increment,State-Fuel Level Increment,SC,DFO,0,0
State-Fuel Level Increment,State-Fuel Level Increment,TX,DFO,"30,014","1,457"
State-Fuel Level Increment,State-Fuel Level Increment,TX,DFO,"13,232","5,990"
State-Fuel Level Increment,State-Fuel Level Increment,TX,DFO,0,0
State-Fuel Level Increment,State-Fuel Level Increment,TX,DFO,0,0
State-Fuel Level Increment,State-Fuel Level Increment,UT,DFO,.,.
State-Fuel Level Increment,State-Fuel Level Increment,VA,DFO,310,97
State-Fuel Level Increment,State-Fuel Level Increment,VA,DFO,669,39
State-Fuel Level Increment,State-Fuel Level Increment,VT,DFO,0,0
State-Fuel Level Increment,State-Fuel Level Increment,WA,DFO,61,6
State-Fuel Level Increment,State-Fuel Level Increment,WI,DFO,0,0
State-Fuel Level Increment,State-Fuel Level Increment,WI,DFO,0,0
State-Fuel Level Increment,State-Fuel Level Increment,WI,DFO,1,0
State-Fuel Level Increment,State-Fuel Level Increment,WY,DFO,0,0
State-Fuel Level Increment,State-Fuel Level Increment,CA,GEO,0,"280,442"
State-Fuel Level Increment,State-Fuel Level Increment,HI,GEO,0,"12,679"
State-Fuel Level Increment,State-Fuel Level Increment,NV,GEO,0,"17,000"
State-Fuel Level Increment,State-Fuel Level Increment,UT,GEO,0,"21,480"
State-Fuel Level Increment,State-Fuel Level Increment,SC,JF,0,0
State-Fuel Level Increment,State-Fuel Level Increment,CA,LFG,"133,598","3,612"
State-Fuel Level Increment,State-Fuel Level Increment,SD,LFG,"5,051",44
State-Fuel Level Increment,State-Fuel Level Increment,LA,LIG,0,0
State-Fuel Level Increment,State-Fuel Level Increment,MN,LIG,0,0
State-Fuel Level Increment,State-Fuel Level Increment,MS,LIG,.,.
State-Fuel Level Increment,State-Fuel Level Increment,ME,MSB,.,.
State-Fuel Level Increment,State-Fuel Level Increment,MN,MSB,0,"1,561"
State-Fuel Level Increment,State-Fuel Level Increment,NY,MSB,0,864
State-Fuel Level Increment,State-Fuel Level Increment,PA,MSB,.,.
State-Fuel Level Increment,State-Fuel Level Increment,WA,MSB,.,.
State-Fuel Level Increment,State-Fuel Level Increment,ME,MSN,.,.
State-Fuel Level Increment,State-Fuel Level Increment,MN,MSN,0,"1,791"
State-Fuel Level Increment,State-Fuel Level Increment,NY,MSN,0,975
State-Fuel Level Increment,State-Fuel Level Increment,PA,MSN,.,.
State-Fuel Level Increment,State-Fuel Level Increment,WA,MSN,.,.
State-Fuel Level Increment,State-Fuel Level Increment,AL,NG,"2,371,320","50,066"
State-Fuel Level Increment,State-Fuel Level Increment,AR,NG,0,0
State-Fuel Level Increment,State-Fuel Level Increment,AR,NG,"537,148","11,327"
State-Fuel Level Increment,State-Fuel Level Increment,AZ,NG,932,66
State-Fuel Level Increment,State-Fuel Level Increment,CA,NG,0,0
State-Fuel Level Increment,State-Fuel Level Increment,CA,NG,"14,326","1,041"
State-Fuel Level Increment,State-Fuel Level Increment,CA,NG,"93,064",0
State-Fuel Level Increment,State-Fuel Level Increment,CA,NG,0,0
State-Fuel Level Increment,State-Fuel Level Increment,CA,NG,"95,128","1,227"
State-Fuel Level Increment,State-Fuel Level Increment,CO,NG,0,0
State-Fuel Level Increment,State-Fuel Level Increment,CT,NG,"183,654","14,304"
State-Fuel Level Increment,State-Fuel Level Increment,CT,NG,0,0
State-Fuel Level Increment,State-Fuel Level Increment,DE,NG,"264,534","20,118"
State-Fuel Level Increment,State-Fuel Level Increment,FL,NG,0,0
State-Fuel Level Increment,State-Fuel Level Increment,FL,NG,"1,195,635","35,582"
State-Fuel Level Increment,State-Fuel Level Increment,GA,NG,"1,993,596","179,339"
State-Fuel Level Increment,State-Fuel Level Increment,GA,NG,"1,659,670","38,151"
State-Fuel Level Increment,State-Fuel Level Increment,IA,NG,"335,411","31,663"
State-Fuel Level Increment,State-Fuel Level Increment,IA,NG,"879,242","13,374"
State-Fuel Level Increment,State-Fuel Level Increment,ID,NG,"647,032","8,227"
State-Fuel Level Increment,State-Fuel Level Increment,IL,NG,"5,810",321
State-Fuel Level Increment,State-Fuel Level Increment,IL,NG,"147,864","8,205"
State-Fuel Level Increment,State-Fuel Level Increment,IL,NG,"1,614,155","51,532"
State-Fuel Level Increment,State-Fuel Level Increment,IN,NG,"84,467","4,457"
State-Fuel Level Increment,State-Fuel Level Increment,IN,NG,"1,985,747","72,659"
State-Fuel Level Increment,State-Fuel Level Increment,KS,NG,0,0
State-Fuel Level Increment,State-Fuel Level Increment,KS,NG,0,0
State-Fuel Level Increment,State-Fuel Level Increment,KY,NG,"1,001,859","99,983"
State-Fuel Level Increment,State-Fuel Level Increment,KY,NG,"3,102",0
State-Fuel Level Increment,State-Fuel Level Increment,LA,NG,"325,449","12,204"
State-Fuel Level Increment,State-Fuel Level Increment,LA,NG,.,.
State-Fuel Level Increment,State-Fuel Level Increment,LA,NG,"159,737","3,294"
State-Fuel Level Increment,State-Fuel Level Increment,LA,NG,.,.
State-Fuel Level Increment,State-Fuel Level Increment,LA,NG,"3,125,648","62,805"
State-Fuel Level Increment,State-Fuel Level Increment,MA,NG,0,0
State-Fuel Level Increment,State-Fuel Level Increment,MA,NG,"1,656",92
State-Fuel Level Increment,State-Fuel Level Increment,MA,NG,"300,651","12,874"
State-Fuel Level Increment,State-Fuel Level Increment,MD,NG,0,0
State-Fuel Level Increment,State-Fuel Level Increment,ME,NG,0,0
State-Fuel Level Increment,State-Fuel Level Increment,ME,NG,"329,332","11,805"
State-Fuel Level Increment,State-Fuel Level Increment,MI,NG,0,0
State-Fuel Level Increment,State-Fuel Level Increment,MI,NG,"1,675",129
State-Fuel Level Increment,State-Fuel Level Increment,MI,NG,.,.
State-Fuel Level Increment,State-Fuel Level Increment,MI,NG,"505,418","6,238"
State-Fuel Level Increment,State-Fuel Level Increment,MN,NG,"137,329","11,175"
State-Fuel Level Increment,State-Fuel Level Increment,MN,NG,"227,916","6,952"
State-Fuel Level Increment,State-Fuel Level Increment,MN,NG,"74,625","4,381"
State-Fuel Level Increment,State-Fuel Level Increment,MN,NG,"2,816",44
State-Fuel Level Increment,State-Fuel Level Increment,MO,NG,"7,161",449
State-Fuel Level Increment,State-Fuel Level Increment,MS,NG,0,0
State-Fuel Level Increment,State-Fuel Level Increment,MS,NG,.,.
State-Fuel Level Increment,State-Fuel Level Increment,MS,NG,"190,272","19,006"
State-Fuel Level Increment,State-Fuel Level Increment,MT,NG,"5,009",419
State-Fuel Level Increment,State-Fuel Level Increment,MT,NG,0,0
State-Fuel Level Increment,State-Fuel Level Increment,MT,NG,"12,067",55
State-Fuel Level Increment,State-Fuel Level Increment,NC,NG,.,.
State-Fuel Level Increment,State-Fuel Level Increment,NC,NG,"4,486",187
State-Fuel Level Increment,State-Fuel Level Increment,NC,NG,"214,423","4,321"
State-Fuel Level Increment,State-Fuel Level Increment,ND,NG,0,0
State-Fuel Level Increment,State-Fuel Level Increment,NE,NG,"68,711","6,122"
State-Fuel Level Increment,State-Fuel Level Increment,NE,NG,0,0
State-Fuel Level Increment,State-Fuel Level Increment,NM,NG,0,0
State-Fuel Level Increment,State-Fuel Level Increment,NY,NG,"7,908",980
State-Fuel Level Increment,State-Fuel Level Increment,NY,NG,"1,311,137","116,124"
State-Fuel Level Increment,State-Fuel Level Increment,NY,NG,"234,908","4,627"
State-Fuel Level Increment,State-Fuel Level Increment,NY,NG,"182,558","3,882"
State-Fuel Level Increment,State-Fuel Level Increment,OH,NG,"11,741",667
State-Fuel Level Increment,State-Fuel Level Increment,OH,NG,"71,424","3,009"
State-Fuel Level Increment,State-Fuel Level Increment,OH,NG,"105,689",205
State-Fuel Level Increment,State-Fuel Level Increment,OH,NG,"784,709","9,498"
State-Fuel Level Increment,State-Fuel Level Increment,OK,NG,"1,778,821","89,647"
State-Fuel Level Increment,State-Fuel Level Increment,OR,NG,0,0
State-Fuel Level Increment,State-Fuel Level Increment,OR,NG,"411,783","4,508"
State-Fuel Level Increment,State-Fuel Level Increment,PA,NG,"961,556","82,110"
State-Fuel Level Increment,State-Fuel Level Increment,PA,NG,"292,767","32,005"
State-Fuel Level Increment,State-Fuel Level Increment,PA,NG,.,.
State-Fuel Level Increment,State-Fuel Level Increment,PA,NG,"340,281","5,964"
State-Fuel Level Increment,State-Fuel Level Increment,RI,NG,.,.
State-Fuel Level Increment,State-Fuel Level Increment,SC,NG,"20,074",517
State-Fuel Level Increment,State-Fuel Level Increment,SD,NG,"267,113","4,005"
State-Fuel Level Increment,State-Fuel Level Increment,TX,NG,"6,206,548","471,926"
State-Fuel Level Increment,State-Fuel Level Increment,TX,NG,"4,060,697","215,476"
State-Fuel Level Increment,State-Fuel Level Increment,TX,NG,0,0
State-Fuel Level Increment,State-Fuel Level Increment,TX,NG,"1,325,818","91,922"
State-Fuel Level Increment,State-Fuel Level Increment,TX,NG,"2,495,387","70,523"
State-Fuel Level Increment,State-Fuel Level Increment,VA,NG,"15,330","1,076"
State-Fuel Level Increment,State-Fuel Level Increment,VA,NG,"376,483","4,831"
State-Fuel Level Increment,State-Fuel Level Increment,WA,NG,518,40
State-Fuel Level Increment,State-Fuel Level Increment,WA,NG,"345,680","3,143"
State-Fuel Level Increment,State-Fuel Level Increment,WI,NG,"28,958","2,161"
State-Fuel Level Increment,State-Fuel Level Increment,WI,NG,"14,099",578
State-Fuel Level Increment,State-Fuel Level Increment,WI,NG,0,0
State-Fuel Level Increment,State-Fuel Level Increment,WI,NG,"587,558","15,854"
State-Fuel Level Increment,State-Fuel Level Increment,WV,NG,"23,848","1,863"
State-Fuel Level Increment,State-Fuel Level Increment,WY,NG,"2,199",202
State-Fuel Level Increment,State-Fuel Level Increment,WY,NG,"251,083","4,576"
State-Fuel Level Increment,State-Fuel Level Increment,CA,OBG,0,0
State-Fuel Level Increment,State-Fuel Level Increment,GA,OBG,"18,968",529
State-Fuel Level Increment,State-Fuel Level Increment,WI,OBG,0,0
State-Fuel Level Increment,State-Fuel Level Increment,CT,OBL,156,47
State-Fuel Level Increment,State-Fuel Level Increment,GA,OBL,"2,421",468
State-Fuel Level Increment,State-Fuel Level Increment,PA,OBL,0,0
State-Fuel Level Increment,State-Fuel Level Increment,VA,OBL,0,0
State-Fuel Level Increment,State-Fuel Level Increment,FL,OBS,928,444
State-Fuel Level Increment,State-Fuel Level Increment,IA,OBS,"2,368","2,378"
State-Fuel Level Increment,State-Fuel Level Increment,IA,OBS,.,.
State-Fuel Level Increment,State-Fuel Level Increment,NC,OBS,0,0
State-Fuel Level Increment,State-Fuel Level Increment,TX,OBS,0,0
State-Fuel Level Increment,State-Fuel Level Increment,WI,OBS,0,0
State-Fuel Level Increment,State-Fuel Level Increment,AL,OG,0,0
State-Fuel Level Increment,State-Fuel Level Increment,IN,OG,"2,735,711","69,311"
State-Fuel Level Increment,State-Fuel Level Increment,LA,OG,"1,882,795","15,048"
State-Fuel Level Increment,State-Fuel Level Increment,MT,OG,0,0
State-Fuel Level Increment,State-Fuel Level Increment,NY,OG,.,.
State-Fuel Level Increment,State-Fuel Level Increment,OH,OG,"2,231,383","59,066"
State-Fuel Level Increment,State-Fuel Level Increment,PA,OG,"1,277,820","17,581"
State-Fuel Level Increment,State-Fuel Level Increment,SD,OG,0,0
State-Fuel Level Increment,State-Fuel Level Increment,TX,OG,"63,447","4,024"
State-Fuel Level Increment,State-Fuel Level Increment,TX,OG,"343,990","11,239"
State-Fuel Level Increment,State-Fuel Level Increment,WY,OG,"156,545",673
State-Fuel Level Increment,State-Fuel Level Increment,AL,OTH,0,0
State-Fuel Level Increment,State-Fuel Level Increment,GA,OTH,0,0
State-Fuel Level Increment,State-Fuel Level Increment,SD,OTH,0,0
State-Fuel Level Increment,State-Fuel Level Increment,AR,PC,0,0
State-Fuel Level Increment,State-Fuel Level Increment,CA,PC,0,0
State-Fuel Level Increment,State-Fuel Level Increment,CT,PC,.,.
State-Fuel Level Increment,State-Fuel Level Increment,GA,PC,"5,207",457
State-Fuel Level Increment,State-Fuel Level Increment,LA,PC,.,.
State-Fuel Level Increment,State-Fuel Level Increment,OH,PC,"28,623","60,421"
State-Fuel Level Increment,State-Fuel Level Increment,TX,PC,.,.
State-Fuel Level Increment,State-Fuel Level Increment,WA,PC,0,0
State-Fuel Level Increment,State-Fuel Level Increment,WI,PC,0,0
State-Fuel Level Increment,State-Fuel Level Increment,HI,PG,0,0
State-Fuel Level Increment,State-Fuel Level Increment,ME,PG,0,0
State-Fuel Level Increment,State-Fuel Level Increment,NY,PG,.,.
State-Fuel Level Increment,State-Fuel Level Increment,PA,PG,0,0
State-Fuel Level Increment,State-Fuel Level Increment,PA,PG,0,0
State-Fuel Level Increment,State-Fuel Level Increment,WA,PG,0,0
State-Fuel Level Increment,State-Fuel Level Increment,AR,PUR,0,0
State-Fuel Level Increment,State-Fuel Level Increment,IN,PUR,0,0
State-Fuel Level Increment,State-Fuel Level Increment,IA,RC,.,.
State-Fuel Level Increment,State-Fuel Level Increment,MO,RC,.,.
State-Fuel Level Increment,State-Fuel Level Increment,AL,RFO,"1,374",327
State-Fuel Level Increment,State-Fuel Level Increment,AR,RFO,0,0
State-Fuel Level Increment,State-Fuel Level Increment,AR,RFO,0,0
State-Fuel Level Increment,State-Fuel Level Increment,CA,RFO,0,0
State-Fuel Level Increment,State-Fuel Level Increment,CT,RFO,"26,383","14,399"
State-Fuel Level Increment,State-Fuel Level Increment,DE,RFO,"3,454","1,810"
State-Fuel Level Increment,State-Fuel Level Increment,FL,RFO,0,0
State-Fuel Level Increment,State-Fuel Level Increment,FL,RFO,308,55
State-Fuel Level Increment,State-Fuel Level Increment,GA,RFO,"209,039","16,867"
State-Fuel Level Increment,State-Fuel Level Increment,HI,RFO,"54,342","24,256"
State-Fuel Level Increment,State-Fuel Level Increment,KS,RFO,0,0
State-Fuel Level Increment,State-Fuel Level Increment,LA,RFO,0,0
State-Fuel Level Increment,State-Fuel Level Increment,MA,RFO,0,0
State-Fuel Level Increment,State-Fuel Level Increment,MA,RFO,"2,308",672
State-Fuel Level Increment,State-Fuel Level Increment,MD,RFO,"3,057","1,203"
State-Fuel Level Increment,State-Fuel Level Increment,ME,RFO,0,0
State-Fuel Level Increment,State-Fuel Level Increment,ME,RFO,0,0
State-Fuel Level Increment,State-Fuel Level Increment,MT,RFO,0,0
State-Fuel Level Increment,State-Fuel Level Increment,NC,RFO,0,0
State-Fuel Level Increment,State-Fuel Level Increment,NE,RFO,0,0
State-Fuel Level Increment,State-Fuel Level Increment,NY,RFO,"29,760","17,485"
State-Fuel Level Increment,State-Fuel Level Increment,NY,RFO,0,0
State-Fuel Level Increment,State-Fuel Level Increment,OK,RFO,0,0
State-Fuel Level Increment,State-Fuel Level Increment,OR,RFO,0,0
State-Fuel Level Increment,State-Fuel Level Increment,PA,RFO,0,0
State-Fuel Level Increment,State-Fuel Level Increment,RI,RFO,.,.
State-Fuel Level Increment,State-Fuel Level Increment,SC,RFO,0,0
State-Fuel Level Increment,State-Fuel Level Increment,TX,RFO,0,0
State-Fuel Level Increment,State-Fuel Level Increment,TX,RFO,0,0
State-Fuel Level Increment,State-Fuel Level Increment,TX,RFO,0,0
State-Fuel Level Increment,State-Fuel Level Increment,VA,RFO,0,0
State-Fuel Level Increment,State-Fuel Level Increment,WA,RFO,0,0
State-Fuel Level Increment,State-Fuel Level Increment,WI,RFO,0,0
State-Fuel Level Increment,State-Fuel Level Increment,AL,SLW,0,0
State-Fuel Level Increment,State-Fuel Level Increment,GA,SLW,"2,409",323
State-Fuel Level Increment,State-Fuel Level Increment,WA,SLW,0,0
State-Fuel Level Increment,State-Fuel Level Increment,AK,SUB,"15,368","8,351"
State-Fuel Level Increment,State-Fuel Level Increment,AK,SUB,"14,916","13,070"
State-Fuel Level Increment,State-Fuel Level Increment,AK,SUB,"12,895","7,432"
State-Fuel Level Increment,State-Fuel Level Increment,CO,SUB,0,0
State-Fuel Level Increment,State-Fuel Level Increment,IA,SUB,0,0
State-Fuel Level Increment,State-Fuel Level Increment,IA,SUB,.,.
State-Fuel Level Increment,State-Fuel Level Increment,IA,SUB,"2,372","1,592"
State-Fuel Level Increment,State-Fuel Level Increment,ID,SUB,0,0
State-Fuel Level Increment,State-Fuel Level Increment,LA,SUB,.,.
State-Fuel Level Increment,State-Fuel Level Increment,MI,SUB,0,0
State-Fuel Level Increment,State-Fuel Level Increment,MN,SUB,0,0
State-Fuel Level Increment,State-Fuel Level Increment,MN,SUB,0,0
State-Fuel Level Increment,State-Fuel Level Increment,MN,SUB,"32,946","11,108"
State-Fuel Level Increment,State-Fuel Level Increment,MO,SUB,.,.
State-Fuel Level Increment,State-Fuel Level Increment,MT,SUB,"33,364","48,935"
State-Fuel Level Increment,State-Fuel Level Increment,MT,SUB,"3,858",479
State-Fuel Level Increment,State-Fuel Level Increment,ND,SUB,"21,191","10,925"
State-Fuel Level Increment,State-Fuel Level Increment,NE,SUB,"61,053","97,311"
State-Fuel Level Increment,State-Fuel Level Increment,NE,SUB,"3,449","1,810"
State-Fuel Level Increment,State-Fuel Level Increment,NY,SUB,0,0
State-Fuel Level Increment,State-Fuel Level Increment,OH,SUB,0,0
State-Fuel Level Increment,State-Fuel Level Increment,PA,SUB,0,0
State-Fuel Level Increment,State-Fuel Level Increment,WA,SUB,0,0
State-Fuel Level Increment,State-Fuel Level Increment,WI,SUB,0,0
State-Fuel Level Increment,State-Fuel Level Increment,WI,SUB,"10,610","7,153"
State-Fuel Level Increment,State-Fuel Level Increment,WY,SUB,"122,895","184,916"
State-Fuel Level Increment,State-Fuel Level Increment,WY,SUB,"43,720","16,756"
State-Fuel Level Increment,State-Fuel Level Increment,FL,TDF,60,203
State-Fuel Level Increment,State-Fuel Level Increment,GA,TDF,0,0
State-Fuel Level Increment,State-Fuel Level Increment,LA,TDF,0,0
State-Fuel Level Increment,State-Fuel Level Increment,MI,TDF,"3,260","5,994"
State-Fuel Level Increment,State-Fuel Level Increment,OH,TDF,.,.
State-Fuel Level Increment,State-Fuel Level Increment,TX,TDF,262,322
State-Fuel Level Increment,State-Fuel Level Increment,WI,TDF,"7,648","8,135"
State-Fuel Level Increment,State-Fuel Level Increment,MT,WC,"31,424","28,149"
State-Fuel Level Increment,State-Fuel Level Increment,PA,WC,"234,880","223,026"
State-Fuel Level Increment,State-Fuel Level Increment,PA,WC,"85,721","63,525"
State-Fuel Level Increment,State-Fuel Level Increment,UT,WC,.,.
State-Fuel Level Increment,State-Fuel Level Increment,WV,WC,"71,464","64,816"
State-Fuel Level Increment,State-Fuel Level Increment,FL,WDL,"55,761","5,237"
State-Fuel Level Increment,State-Fuel Level Increment,NY,WDL,"89,118","5,579"
State-Fuel Level Increment,State-Fuel Level Increment,WA,WDL,0,0
State-Fuel Level Increment,State-Fuel Level Increment,AK,WDS,0,0
State-Fuel Level Increment,State-Fuel Level Increment,AL,WDS,"110,399","28,006"
State-Fuel Level Increment,State-Fuel Level Increment,AZ,WDS,"27,486","16,785"
State-Fuel Level Increment,State-Fuel Level Increment,CA,WDS,"61,162","62,360"
State-Fuel Level Increment,State-Fuel Level Increment,CA,WDS,"77,010","64,936"
State-Fuel Level Increment,State-Fuel Level Increment,CA,WDS,"32,365","19,694"
State-Fuel Level Increment,State-Fuel Level Increment,CA,WDS,"54,723","36,249"
State-Fuel Level Increment,State-Fuel Level Increment,CT,WDS,"28,087","21,731"
State-Fuel Level Increment,State-Fuel Level Increment,FL,WDS,"63,025","16,447"
State-Fuel Level Increment,State-Fuel Level Increment,GA,WDS,"10,442","10,184"
State-Fuel Level Increment,State-Fuel Level Increment,GA,WDS,"254,536","53,892"
State-Fuel Level Increment,State-Fuel Level Increment,HI,WDS,0,0
State-Fuel Level Increment,State-Fuel Level Increment,IA,WDS,0,0
State-Fuel Level Increment,State-Fuel Level Increment,ID,WDS,.,.
State-Fuel Level Increment,State-Fuel Level Increment,KY,WDS,"43,912","9,504"
State-Fuel Level Increment,State-Fuel Level Increment,LA,WDS,"154,796","27,880"
State-Fuel Level Increment,State-Fuel Level Increment,MA,WDS,"8,359","4,922"
State-Fuel Level Increment,State-Fuel Level Increment,ME,WDS,"67,309","44,157"
State-Fuel Level Increment,State-Fuel Level Increment,ME,WDS,"8,415","3,814"
State-Fuel Level Increment,State-Fuel Level Increment,ME,WDS,"8,546","2,179"
State-Fuel Level Increment,State-Fuel Level Increment,MI,WDS,"96,726","70,824"
State-Fuel Level Increment,State-Fuel Level Increment,MI,WDS,.,.
State-Fuel Level Increment,State-Fuel Level Increment,MI,WDS,"29,515","8,349"
State-Fuel Level Increment,State-Fuel Level Increment,MN,WDS,"4,480","2,765"
State-Fuel Level Increment,State-Fuel Level Increment,MN,WDS,"24,593","12,651"
State-Fuel Level Increment,State-Fuel Level Increment,MS,WDS,"5,080","5,214"
State-Fuel Level Increment,State-Fuel Level Increment,NC,WDS,0,0
State-Fuel Level Increment,State-Fuel Level Increment,NC,WDS,"101,124","16,744"
State-Fuel Level Increment,State-Fuel Level Increment,NH,WDS,"88,201","62,899"
State-Fuel Level Increment,State-Fuel Level Increment,NY,WDS,0,0
State-Fuel Level Increment,State-Fuel Level Increment,NY,WDS,"13,031","2,215"
State-Fuel Level Increment,State-Fuel Level Increment,OH,WDS,.,.
State-Fuel Level Increment,State-Fuel Level Increment,OR,WDS,"24,312","14,788"
State-Fuel Level Increment,State-Fuel Level Increment,OR,WDS,0,0
State-Fuel Level Increment,State-Fuel Level Increment,OR,WDS,"75,222","28,391"
State-Fuel Level Increment,State-Fuel Level Increment,SC,WDS,"45,407","25,205"
State-Fuel Level Increment,State-Fuel Level Increment,SC,WDS,"18,159","3,352"
State-Fuel Level Increment,State-Fuel Level Increment,SD,WDS,"8,395","1,386"
State-Fuel Level Increment,State-Fuel Level Increment,TX,WDS,"134,760","24,961"
State-Fuel Level Increment,State-Fuel Level Increment,VA,WDS,"157,877","90,450"
State-Fuel Level Increment,State-Fuel Level Increment,VA,WDS,"40,737","26,517"
State-Fuel Level Increment,State-Fuel Level Increment,VT,WDS,"20,845","14,268"
State-Fuel Level Increment,State-Fuel Level Increment,WA,WDS,"23,215","27,679"
State-Fuel Level Increment,State-Fuel Level Increment,WA,WDS,"9,558","3,296"
State-Fuel Level Increment,State-Fuel Level Increment,WA,WDS,"56,055","29,139"
State-Fuel Level Increment,State-Fuel Level Increment,WI,WDS,"9,802","7,516"
State-Fuel Level Increment,State-Fuel Level Increment,WI,WDS,"22,439","16,844"
State-Fuel Level Increment,State-Fuel Level Increment,WI,WDS,"11,129","3,349"
State-Fuel Level Increment,State-Fuel Level Increment,CA,WH,0,"2,379"
State-Fuel Level Increment,State-Fuel Level Increment,LA,WH,0,0
State-Fuel Level Increment,State-Fuel Level Increment,LA,WH,0,0
State-Fuel Level Increment,State-Fuel Level Increment,ND,WH,0,"3,008"
State-Fuel Level Increment,State-Fuel Level Increment,TX,WH,0,"1,057"
State-Fuel Level Increment,State-Fuel Level Increment,UT,WH,0,"4,263"
State-Fuel Level Increment,State-Fuel Level Increment,WY,WH,0,0
State-Fuel Level Increment,State-Fuel Level Increment,AR,WO,0,0
State-Fuel Level Increment,State-Fuel Level Increment,GA,WO,840,79
State-Fuel Level Increment,State-Fuel Level Increment,MI,WO,0,10
State-Fuel Level Increment,State-Fuel Level Increment,WA,WO,"3,422",46
State-Fuel Level Increment,State-Fuel Level Increment,AK,WND,0,"6,069"
State-Fuel Level Increment,State-Fuel Level Increment,AK,WND,0,"4,500"
State-Fuel Level Increment,State-Fuel Level Increment,CA,WND,0,"6,395"
State-Fuel Level Increment,State-Fuel Level Increment,CA,WND,0,"811,389"
State-Fuel Level Increment,State-Fuel Level Increment,CO,WND,0,"21,836"
State-Fuel Level Increment,State-Fuel Level Increment,CO,WND,0,"259,788"
State-Fuel Level Increment,State-Fuel Level Increment,HI,WND,0,"8,787"
State-Fuel Level Increment,State-Fuel Level Increment,IA,WND,0,"824,063"
State-Fuel Level Increment,State-Fuel Level Increment,IA,WND,0,"220,392"
State-Fuel Level Increment,State-Fuel Level Increment,ID,WND,0,"13,039"
State-Fuel Level Increment,State-Fuel Level Increment,ID,WND,0,"170,919"
State-Fuel Level Increment,State-Fuel Level Increment,IL,WND,0,453
State-Fuel Level Increment,State-Fuel Level Increment,IL,WND,0,"614,737"
State-Fuel Level Increment,State-Fuel Level Increment,IL,WND,0,380
State-Fuel Level Increment,State-Fuel Level Increment,IN,WND,0,"247,492"
State-Fuel Level Increment,State-Fuel Level Increment,KS,WND,0,"30,997"
State-Fuel Level Increment,State-Fuel Level Increment,KS,WND,0,"439,583"
State-Fuel Level Increment,State-Fuel Level Increment,KS,WND,0,"1,023"
State-Fuel Level Increment,State-Fuel Level Increment,KS,WND,0,836
State-Fuel Level Increment,State-Fuel Level Increment,MA,WND,0,774
State-Fuel Level Increment,State-Fuel Level Increment,MA,WND,0,"4,924"
State-Fuel Level Increment,State-Fuel Level Increment,MA,WND,0,639
State-Fuel Level Increment,State-Fuel Level Increment,ME,WND,0,"78,631"
State-Fuel Level Increment,State-Fuel Level Increment,MI,WND,0,"83,841"
State-Fuel Level Increment,State-Fuel Level Increment,MI,WND,0,"133,666"
State-Fuel Level Increment,State-Fuel Level Increment,MN,WND,0,"231,802"
State-Fuel Level Increment,State-Fuel Level Increment,MN,WND,0,"346,338"
State-Fuel Level Increment,State-Fuel Level Increment,MN,WND,0,"2,404"
State-Fuel Level Increment,State-Fuel Level Increment,MO,WND,0,"23,339"
State-Fuel Level Increment,State-Fuel Level Increment,MT,WND,0,"19,642"
State-Fuel Level Increment,State-Fuel Level Increment,MT,WND,0,"21,378"
State-Fuel Level Increment,State-Fuel Level Increment,ND,WND,0,"280,205"
State-Fuel Level Increment,State-Fuel Level Increment,ND,WND,0,"310,994"
State-Fuel Level Increment,State-Fuel Level Increment,NE,WND,0,"8,838"
State-Fuel Level Increment,State-Fuel Level Increment,NE,WND,0,"231,674"
State-Fuel Level Increment,State-Fuel Level Increment,NM,WND,0,"100,351"
State-Fuel Level Increment,State-Fuel Level Increment,NM,WND,0,136
State-Fuel Level Increment,State-Fuel Level Increment,NY,WND,0,"197,879"
State-Fuel Level Increment,State-Fuel Level Increment,NY,WND,0,276
State-Fuel Level Increment,State-Fuel Level Increment,NY,WND,.,.
State-Fuel Level Increment,State-Fuel Level Increment,NY,WND,0,79
State-Fuel Level Increment,State-Fuel Level Increment,OH,WND,0,651
State-Fuel Level Increment,State-Fuel Level Increment,OH,WND,0,"2,815"
State-Fuel Level Increment,State-Fuel Level Increment,OH,WND,0,"7,624"
State-Fuel Level Increment,State-Fuel Level Increment,OK,WND,0,"24,486"
State-Fuel Level Increment,State-Fuel Level Increment,OK,WND,0,"668,383"
State-Fuel Level Increment,State-Fuel Level Increment,OR,WND,0,"22,689"
State-Fuel Level Increment,State-Fuel Level Increment,OR,WND,0,"308,856"
State-Fuel Level Increment,State-Fuel Level Increment,PA,WND,0,"198,593"
State-Fuel Level Increment,State-Fuel Level Increment,RI,WND,0,"4,703"
State-Fuel Level Increment,State-Fuel Level Increment,SD,WND,0,"54,076"
State-Fuel Level Increment,State-Fuel Level Increment,SD,WND,0,"49,944"
State-Fuel Level Increment,State-Fuel Level Increment,TN,WND,0,"2,372"
State-Fuel Level Increment,State-Fuel Level Increment,TX,WND,0,"14,970"
State-Fuel Level Increment,State-Fuel Level Increment,TX,WND,0,"2,152,409"
State-Fuel Level Increment,State-Fuel Level Increment,TX,WND,0,746
State-Fuel Level Increment,State-Fuel Level Increment,UT,WND,0,190
State-Fuel Level Increment,State-Fuel Level Increment,WA,WND,0,"187,246"
State-Fuel Level Increment,State-Fuel Level Increment,WA,WND,0,"213,740"
State-Fuel Level Increment,State-Fuel Level Increment,WI,WND,0,"16,043"
State-Fuel Level Increment,State-Fuel Level Increment,WI,WND,0,"5,529"
State-Fuel Level Increment,State-Fuel Level Increment,WI,WND,0,"1,854"
State-Fuel Level Increment,State-Fuel Level Increment,WY,WND,0,"180,925"
State-Fuel Level Increment,State-Fuel Level Increment,WY,WND,0,"46,355"
